DATAFLOW,LAST UPDATE,freq,spdep,spscheme,unit,geo,TIME_PERIOD,OBS_VALUE,OBS_FLAG
ESTAT:SPR_EXP_FDI(1.0),14/10/22 23:00:00,A,SPBENEFNOREROUTE,TOTAL,MIO_EUR,AT,2006,5315.72,
ESTAT:SPR_EXP_FDI(1.0),14/10/22 23:00:00,A,SPBENEFNOREROUTE,TOTAL,MIO_EUR,AT,2007,5417.95,
ESTAT:SPR_EXP_FDI(1.0),14/10/22 23:00:00,A,SPBENEFNOREROUTE,TOTAL,MIO_EUR,AT,2008,5579.18,
ESTAT:SPR_EXP_FDI(1.0),14/10/22 23:00:00,A,SPBENEFNOREROUTE,TOTAL,MIO_EUR,AT,2009,5886.28,
ESTAT:SPR_EXP_FDI(1.0),14/10/22 23:00:00,A,SPBENEFNOREROUTE,TOTAL,MIO_EUR,AT,2010,6126.74,
ESTAT:SPR_EXP_FDI(1.0),14/10/22 23:00:00,A,SPBENEFNOREROUTE,TOTAL,MIO_EUR,AT,2011,6396.20,
ESTAT:SPR_EXP_FDI(1.0),14/10/22 23:00:00,A,SPBENEFNOREROUTE,TOTAL,MIO_EUR,AT,2012,6579.51,
ESTAT:SPR_EXP_FDI(1.0),14/10/22 23:00:00,A,SPBENEFNOREROUTE,TOTAL,MIO_EUR,AT,2013,6687.79,
ESTAT:SPR_EXP_FDI(1.0),14/10/22 23:00:00,A,SPBENEFNOREROUTE,TOTAL,MIO_EUR,AT,2014,6796.73,
ESTAT:SPR_EXP_FDI(1.0),14/10/22 23:00:00,A,SPBENEFNOREROUTE,TOTAL,MIO_EUR,AT,2015,6808.62,
ESTAT:SPR_EXP_FDI(1.0),14/10/22 23:00:00,A,SPBENEFNOREROUTE,TOTAL,MIO_EUR,AT,2016,6820.48,
ESTAT:SPR_EXP_FDI(1.0),14/10/22 23:00:00,A,SPBENEFNOREROUTE,TOTAL,MIO_EUR,AT,2017,6820.52,
ESTAT:SPR_EXP_FDI(1.0),14/10/22 23:00:00,A,SPBENEFNOREROUTE,TOTAL,MIO_EUR,AT,2018,6881.40,
ESTAT:SPR_EXP_FDI(1.0),14/10/22 23:00:00,A,SPBENEFNOREROUTE,TOTAL,MIO_EUR,AT,2019,6979.30,
ESTAT:SPR_EXP_FDI(1.0),14/10/22 23:00:00,A,SPBENEFNOREROUTE,TOTAL,MIO_EUR,AT,2020,7070.98,
ESTAT:SPR_EXP_FDI(1.0),14/10/22 23:00:00,A,SPBENEFNOREROUTE,TOTAL,MIO_EUR,BA,2013,352.47,
ESTAT:SPR_EXP_FDI(1.0),14/10/22 23:00:00,A,SPBENEFNOREROUTE,TOTAL,MIO_EUR,BA,2014,354.67,
ESTAT:SPR_EXP_FDI(1.0),14/10/22 23:00:00,A,SPBENEFNOREROUTE,TOTAL,MIO_EUR,BA,2015,371.87,
ESTAT:SPR_EXP_FDI(1.0),14/10/22 23:00:00,A,SPBENEFNOREROUTE,TOTAL,MIO_EUR,BA,2016,384.09,
ESTAT:SPR_EXP_FDI(1.0),14/10/22 23:00:00,A,SPBENEFNOREROUTE,TOTAL,MIO_EUR,BA,2017,382.16,
ESTAT:SPR_EXP_FDI(1.0),14/10/22 23:00:00,A,SPBENEFNOREROUTE,TOTAL,MIO_EUR,BA,2018,363.01,
ESTAT:SPR_EXP_FDI(1.0),14/10/22 23:00:00,A,SPBENEFNOREROUTE,TOTAL,MIO_EUR,BA,2019,364.88,
ESTAT:SPR_EXP_FDI(1.0),14/10/22 23:00:00,A,SPBENEFNOREROUTE,TOTAL,MIO_EUR,BE,2006,5647.27,
ESTAT:SPR_EXP_FDI(1.0),14/10/22 23:00:00,A,SPBENEFNOREROUTE,TOTAL,MIO_EUR,BE,2007,5760.87,
ESTAT:SPR_EXP_FDI(1.0),14/10/22 23:00:00,A,SPBENEFNOREROUTE,TOTAL,MIO_EUR,BE,2008,6289.52,
ESTAT:SPR_EXP_FDI(1.0),14/10/22 23:00:00,A,SPBENEFNOREROUTE,TOTAL,MIO_EUR,BE,2009,6726.99,
ESTAT:SPR_EXP_FDI(1.0),14/10/22 23:00:00,A,SPBENEFNOREROUTE,TOTAL,MIO_EUR,BE,2010,7130.87,
ESTAT:SPR_EXP_FDI(1.0),14/10/22 23:00:00,A,SPBENEFNOREROUTE,TOTAL,MIO_EUR,BE,2011,7549.13,
ESTAT:SPR_EXP_FDI(1.0),14/10/22 23:00:00,A,SPBENEFNOREROUTE,TOTAL,MIO_EUR,BE,2012,8089.97,
ESTAT:SPR_EXP_FDI(1.0),14/10/22 23:00:00,A,SPBENEFNOREROUTE,TOTAL,MIO_EUR,BE,2013,8783.14,
ESTAT:SPR_EXP_FDI(1.0),14/10/22 23:00:00,A,SPBENEFNOREROUTE,TOTAL,MIO_EUR,BE,2014,9153.92,
ESTAT:SPR_EXP_FDI(1.0),14/10/22 23:00:00,A,SPBENEFNOREROUTE,TOTAL,MIO_EUR,BE,2015,9693.49,
ESTAT:SPR_EXP_FDI(1.0),14/10/22 23:00:00,A,SPBENEFNOREROUTE,TOTAL,MIO_EUR,BE,2016,10290.07,
ESTAT:SPR_EXP_FDI(1.0),14/10/22 23:00:00,A,SPBENEFNOREROUTE,TOTAL,MIO_EUR,BE,2017,10526.96,
ESTAT:SPR_EXP_FDI(1.0),14/10/22 23:00:00,A,SPBENEFNOREROUTE,TOTAL,MIO_EUR,BE,2018,11283.64,
ESTAT:SPR_EXP_FDI(1.0),14/10/22 23:00:00,A,SPBENEFNOREROUTE,TOTAL,MIO_EUR,BE,2019,12124.13,
ESTAT:SPR_EXP_FDI(1.0),14/10/22 23:00:00,A,SPBENEFNOREROUTE,TOTAL,MIO_EUR,BE,2020,12651.33,
ESTAT:SPR_EXP_FDI(1.0),14/10/22 23:00:00,A,SPBENEFNOREROUTE,TOTAL,MIO_EUR,BG,2006,333.21,
ESTAT:SPR_EXP_FDI(1.0),14/10/22 23:00:00,A,SPBENEFNOREROUTE,TOTAL,MIO_EUR,BG,2007,348.65,
ESTAT:SPR_EXP_FDI(1.0),14/10/22 23:00:00,A,SPBENEFNOREROUTE,TOTAL,MIO_EUR,BG,2008,391.22,
ESTAT:SPR_EXP_FDI(1.0),14/10/22 23:00:00,A,SPBENEFNOREROUTE,TOTAL,MIO_EUR,BG,2009,487.06,
ESTAT:SPR_EXP_FDI(1.0),14/10/22 23:00:00,A,SPBENEFNOREROUTE,TOTAL,MIO_EUR,BG,2010,483.57,
ESTAT:SPR_EXP_FDI(1.0),14/10/22 23:00:00,A,SPBENEFNOREROUTE,TOTAL,MIO_EUR,BG,2011,505.31,
ESTAT:SPR_EXP_FDI(1.0),14/10/22 23:00:00,A,SPBENEFNOREROUTE,TOTAL,MIO_EUR,BG,2012,528.34,
ESTAT:SPR_EXP_FDI(1.0),14/10/22 23:00:00,A,SPBENEFNOREROUTE,TOTAL,MIO_EUR,BG,2013,569.83,
ESTAT:SPR_EXP_FDI(1.0),14/10/22 23:00:00,A,SPBENEFNOREROUTE,TOTAL,MIO_EUR,BG,2014,588.99,
ESTAT:SPR_EXP_FDI(1.0),14/10/22 23:00:00,A,SPBENEFNOREROUTE,TOTAL,MIO_EUR,BG,2015,594.00,
ESTAT:SPR_EXP_FDI(1.0),14/10/22 23:00:00,A,SPBENEFNOREROUTE,TOTAL,MIO_EUR,BG,2016,602.41,
ESTAT:SPR_EXP_FDI(1.0),14/10/22 23:00:00,A,SPBENEFNOREROUTE,TOTAL,MIO_EUR,BG,2017,638.25,
ESTAT:SPR_EXP_FDI(1.0),14/10/22 23:00:00,A,SPBENEFNOREROUTE,TOTAL,MIO_EUR,BG,2018,671.47,
ESTAT:SPR_EXP_FDI(1.0),14/10/22 23:00:00,A,SPBENEFNOREROUTE,TOTAL,MIO_EUR,BG,2019,817.24,
ESTAT:SPR_EXP_FDI(1.0),14/10/22 23:00:00,A,SPBENEFNOREROUTE,TOTAL,MIO_EUR,CH,2006,8912.58,
ESTAT:SPR_EXP_FDI(1.0),14/10/22 23:00:00,A,SPBENEFNOREROUTE,TOTAL,MIO_EUR,CH,2007,8731.99,
ESTAT:SPR_EXP_FDI(1.0),14/10/22 23:00:00,A,SPBENEFNOREROUTE,TOTAL,MIO_EUR,CH,2008,8667.83,
ESTAT:SPR_EXP_FDI(1.0),14/10/22 23:00:00,A,SPBENEFNOREROUTE,TOTAL,MIO_EUR,CH,2009,9432.88,
ESTAT:SPR_EXP_FDI(1.0),14/10/22 23:00:00,A,SPBENEFNOREROUTE,TOTAL,MIO_EUR,CH,2010,10063.86,
ESTAT:SPR_EXP_FDI(1.0),14/10/22 23:00:00,A,SPBENEFNOREROUTE,TOTAL,MIO_EUR,CH,2011,11376.02,
ESTAT:SPR_EXP_FDI(1.0),14/10/22 23:00:00,A,SPBENEFNOREROUTE,TOTAL,MIO_EUR,CH,2012,11474.93,
ESTAT:SPR_EXP_FDI(1.0),14/10/22 23:00:00,A,SPBENEFNOREROUTE,TOTAL,MIO_EUR,CH,2013,11220.95,
ESTAT:SPR_EXP_FDI(1.0),14/10/22 23:00:00,A,SPBENEFNOREROUTE,TOTAL,MIO_EUR,CH,2014,11291.49,
ESTAT:SPR_EXP_FDI(1.0),14/10/22 23:00:00,A,SPBENEFNOREROUTE,TOTAL,MIO_EUR,CH,2015,13002.33,
ESTAT:SPR_EXP_FDI(1.0),14/10/22 23:00:00,A,SPBENEFNOREROUTE,TOTAL,MIO_EUR,CH,2016,12886.68,
ESTAT:SPR_EXP_FDI(1.0),14/10/22 23:00:00,A,SPBENEFNOREROUTE,TOTAL,MIO_EUR,CH,2017,12685.97,
ESTAT:SPR_EXP_FDI(1.0),14/10/22 23:00:00,A,SPBENEFNOREROUTE,TOTAL,MIO_EUR,CH,2018,12397.67,
ESTAT:SPR_EXP_FDI(1.0),14/10/22 23:00:00,A,SPBENEFNOREROUTE,TOTAL,MIO_EUR,CH,2019,12967.44,
ESTAT:SPR_EXP_FDI(1.0),14/10/22 23:00:00,A,SPBENEFNOREROUTE,TOTAL,MIO_EUR,CY,2006,104.14,
ESTAT:SPR_EXP_FDI(1.0),14/10/22 23:00:00,A,SPBENEFNOREROUTE,TOTAL,MIO_EUR,CY,2007,105.48,
ESTAT:SPR_EXP_FDI(1.0),14/10/22 23:00:00,A,SPBENEFNOREROUTE,TOTAL,MIO_EUR,CY,2008,116.09,
ESTAT:SPR_EXP_FDI(1.0),14/10/22 23:00:00,A,SPBENEFNOREROUTE,TOTAL,MIO_EUR,CY,2009,126.69,
ESTAT:SPR_EXP_FDI(1.0),14/10/22 23:00:00,A,SPBENEFNOREROUTE,TOTAL,MIO_EUR,CY,2010,128.51,
ESTAT:SPR_EXP_FDI(1.0),14/10/22 23:00:00,A,SPBENEFNOREROUTE,TOTAL,MIO_EUR,CY,2011,132.28,
ESTAT:SPR_EXP_FDI(1.0),14/10/22 23:00:00,A,SPBENEFNOREROUTE,TOTAL,MIO_EUR,CY,2012,136.42,
ESTAT:SPR_EXP_FDI(1.0),14/10/22 23:00:00,A,SPBENEFNOREROUTE,TOTAL,MIO_EUR,CY,2013,128.45,
ESTAT:SPR_EXP_FDI(1.0),14/10/22 23:00:00,A,SPBENEFNOREROUTE,TOTAL,MIO_EUR,CY,2014,123.72,
ESTAT:SPR_EXP_FDI(1.0),14/10/22 23:00:00,A,SPBENEFNOREROUTE,TOTAL,MIO_EUR,CY,2015,124.38,
ESTAT:SPR_EXP_FDI(1.0),14/10/22 23:00:00,A,SPBENEFNOREROUTE,TOTAL,MIO_EUR,CY,2016,152.53,
ESTAT:SPR_EXP_FDI(1.0),14/10/22 23:00:00,A,SPBENEFNOREROUTE,TOTAL,MIO_EUR,CY,2017,164.06,
ESTAT:SPR_EXP_FDI(1.0),14/10/22 23:00:00,A,SPBENEFNOREROUTE,TOTAL,MIO_EUR,CY,2018,155.90,
ESTAT:SPR_EXP_FDI(1.0),14/10/22 23:00:00,A,SPBENEFNOREROUTE,TOTAL,MIO_EUR,CY,2019,165.03,
ESTAT:SPR_EXP_FDI(1.0),14/10/22 23:00:00,A,SPBENEFNOREROUTE,TOTAL,MIO_EUR,CZ,2006,1758.13,
ESTAT:SPR_EXP_FDI(1.0),14/10/22 23:00:00,A,SPBENEFNOREROUTE,TOTAL,MIO_EUR,CZ,2007,1891.23,
ESTAT:SPR_EXP_FDI(1.0),14/10/22 23:00:00,A,SPBENEFNOREROUTE,TOTAL,MIO_EUR,CZ,2008,2197.66,
ESTAT:SPR_EXP_FDI(1.0),14/10/22 23:00:00,A,SPBENEFNOREROUTE,TOTAL,MIO_EUR,CZ,2009,2162.90,
ESTAT:SPR_EXP_FDI(1.0),14/10/22 23:00:00,A,SPBENEFNOREROUTE,TOTAL,MIO_EUR,CZ,2010,2282.48,
ESTAT:SPR_EXP_FDI(1.0),14/10/22 23:00:00,A,SPBENEFNOREROUTE,TOTAL,MIO_EUR,CZ,2011,2338.70,
ESTAT:SPR_EXP_FDI(1.0),14/10/22 23:00:00,A,SPBENEFNOREROUTE,TOTAL,MIO_EUR,CZ,2012,2211.76,
ESTAT:SPR_EXP_FDI(1.0),14/10/22 23:00:00,A,SPBENEFNOREROUTE,TOTAL,MIO_EUR,CZ,2013,2111.15,
ESTAT:SPR_EXP_FDI(1.0),14/10/22 23:00:00,A,SPBENEFNOREROUTE,TOTAL,MIO_EUR,CZ,2014,1973.08,
ESTAT:SPR_EXP_FDI(1.0),14/10/22 23:00:00,A,SPBENEFNOREROUTE,TOTAL,MIO_EUR,CZ,2015,2046.77,
ESTAT:SPR_EXP_FDI(1.0),14/10/22 23:00:00,A,SPBENEFNOREROUTE,TOTAL,MIO_EUR,CZ,2016,2082.16,
ESTAT:SPR_EXP_FDI(1.0),14/10/22 23:00:00,A,SPBENEFNOREROUTE,TOTAL,MIO_EUR,CZ,2017,2201.66,
ESTAT:SPR_EXP_FDI(1.0),14/10/22 23:00:00,A,SPBENEFNOREROUTE,TOTAL,MIO_EUR,CZ,2018,2355.13,
ESTAT:SPR_EXP_FDI(1.0),14/10/22 23:00:00,A,SPBENEFNOREROUTE,TOTAL,MIO_EUR,CZ,2019,2543.51,
ESTAT:SPR_EXP_FDI(1.0),14/10/22 23:00:00,A,SPBENEFNOREROUTE,TOTAL,MIO_EUR,CZ,2020,2722.37,
ESTAT:SPR_EXP_FDI(1.0),14/10/22 23:00:00,A,SPBENEFNOREROUTE,TOTAL,MIO_EUR,DE,2006,50277.17,
ESTAT:SPR_EXP_FDI(1.0),14/10/22 23:00:00,A,SPBENEFNOREROUTE,TOTAL,MIO_EUR,DE,2007,50417.24,
ESTAT:SPR_EXP_FDI(1.0),14/10/22 23:00:00,A,SPBENEFNOREROUTE,TOTAL,MIO_EUR,DE,2008,52722.55,
ESTAT:SPR_EXP_FDI(1.0),14/10/22 23:00:00,A,SPBENEFNOREROUTE,TOTAL,MIO_EUR,DE,2009,54169.94,
ESTAT:SPR_EXP_FDI(1.0),14/10/22 23:00:00,A,SPBENEFNOREROUTE,TOTAL,MIO_EUR,DE,2010,55973.95,
ESTAT:SPR_EXP_FDI(1.0),14/10/22 23:00:00,A,SPBENEFNOREROUTE,TOTAL,MIO_EUR,DE,2011,56889.21,
ESTAT:SPR_EXP_FDI(1.0),14/10/22 23:00:00,A,SPBENEFNOREROUTE,TOTAL,MIO_EUR,DE,2012,59106.74,
ESTAT:SPR_EXP_FDI(1.0),14/10/22 23:00:00,A,SPBENEFNOREROUTE,TOTAL,MIO_EUR,DE,2013,61933.73,
ESTAT:SPR_EXP_FDI(1.0),14/10/22 23:00:00,A,SPBENEFNOREROUTE,TOTAL,MIO_EUR,DE,2014,64516.70,
ESTAT:SPR_EXP_FDI(1.0),14/10/22 23:00:00,A,SPBENEFNOREROUTE,TOTAL,MIO_EUR,DE,2015,68066.64,
ESTAT:SPR_EXP_FDI(1.0),14/10/22 23:00:00,A,SPBENEFNOREROUTE,TOTAL,MIO_EUR,DE,2016,71514.40,
ESTAT:SPR_EXP_FDI(1.0),14/10/22 23:00:00,A,SPBENEFNOREROUTE,TOTAL,MIO_EUR,DE,2017,78589.16,
ESTAT:SPR_EXP_FDI(1.0),14/10/22 23:00:00,A,SPBENEFNOREROUTE,TOTAL,MIO_EUR,DE,2018,82705.84,
ESTAT:SPR_EXP_FDI(1.0),14/10/22 23:00:00,A,SPBENEFNOREROUTE,TOTAL,MIO_EUR,DE,2019,87523.06,
ESTAT:SPR_EXP_FDI(1.0),14/10/22 23:00:00,A,SPBENEFNOREROUTE,TOTAL,MIO_EUR,DE,2020,92724.74,p
ESTAT:SPR_EXP_FDI(1.0),14/10/22 23:00:00,A,SPBENEFNOREROUTE,TOTAL,MIO_EUR,DK,2006,9281.02,
ESTAT:SPR_EXP_FDI(1.0),14/10/22 23:00:00,A,SPBENEFNOREROUTE,TOTAL,MIO_EUR,DK,2007,11636.42,b
ESTAT:SPR_EXP_FDI(1.0),14/10/22 23:00:00,A,SPBENEFNOREROUTE,TOTAL,MIO_EUR,DK,2008,12024.30,
ESTAT:SPR_EXP_FDI(1.0),14/10/22 23:00:00,A,SPBENEFNOREROUTE,TOTAL,MIO_EUR,DK,2009,12782.56,
ESTAT:SPR_EXP_FDI(1.0),14/10/22 23:00:00,A,SPBENEFNOREROUTE,TOTAL,MIO_EUR,DK,2010,13309.34,
ESTAT:SPR_EXP_FDI(1.0),14/10/22 23:00:00,A,SPBENEFNOREROUTE,TOTAL,MIO_EUR,DK,2011,13414.40,
ESTAT:SPR_EXP_FDI(1.0),14/10/22 23:00:00,A,SPBENEFNOREROUTE,TOTAL,MIO_EUR,DK,2012,13795.54,
ESTAT:SPR_EXP_FDI(1.0),14/10/22 23:00:00,A,SPBENEFNOREROUTE,TOTAL,MIO_EUR,DK,2013,14117.40,
ESTAT:SPR_EXP_FDI(1.0),14/10/22 23:00:00,A,SPBENEFNOREROUTE,TOTAL,MIO_EUR,DK,2014,14308.47,
ESTAT:SPR_EXP_FDI(1.0),14/10/22 23:00:00,A,SPBENEFNOREROUTE,TOTAL,MIO_EUR,DK,2015,14342.65,
ESTAT:SPR_EXP_FDI(1.0),14/10/22 23:00:00,A,SPBENEFNOREROUTE,TOTAL,MIO_EUR,DK,2016,14203.64,
ESTAT:SPR_EXP_FDI(1.0),14/10/22 23:00:00,A,SPBENEFNOREROUTE,TOTAL,MIO_EUR,DK,2017,14799.86,
ESTAT:SPR_EXP_FDI(1.0),14/10/22 23:00:00,A,SPBENEFNOREROUTE,TOTAL,MIO_EUR,DK,2018,14221.14,
ESTAT:SPR_EXP_FDI(1.0),14/10/22 23:00:00,A,SPBENEFNOREROUTE,TOTAL,MIO_EUR,DK,2019,14807.85,
ESTAT:SPR_EXP_FDI(1.0),14/10/22 23:00:00,A,SPBENEFNOREROUTE,TOTAL,MIO_EUR,DK,2020,15551.35,
ESTAT:SPR_EXP_FDI(1.0),14/10/22 23:00:00,A,SPBENEFNOREROUTE,TOTAL,MIO_EUR,EA12,2006,157071.92,
ESTAT:SPR_EXP_FDI(1.0),14/10/22 23:00:00,A,SPBENEFNOREROUTE,TOTAL,MIO_EUR,EA12,2007,162887.72,
ESTAT:SPR_EXP_FDI(1.0),14/10/22 23:00:00,A,SPBENEFNOREROUTE,TOTAL,MIO_EUR,EA12,2008,170377.99,
ESTAT:SPR_EXP_FDI(1.0),14/10/22 23:00:00,A,SPBENEFNOREROUTE,TOTAL,MIO_EUR,EA12,2009,177230.76,
ESTAT:SPR_EXP_FDI(1.0),14/10/22 23:00:00,A,SPBENEFNOREROUTE,TOTAL,MIO_EUR,EA12,2010,182728.17,
ESTAT:SPR_EXP_FDI(1.0),14/10/22 23:00:00,A,SPBENEFNOREROUTE,TOTAL,MIO_EUR,EA12,2011,185796.90,
ESTAT:SPR_EXP_FDI(1.0),14/10/22 23:00:00,A,SPBENEFNOREROUTE,TOTAL,MIO_EUR,EA12,2012,191646.87,
ESTAT:SPR_EXP_FDI(1.0),14/10/22 23:00:00,A,SPBENEFNOREROUTE,TOTAL,MIO_EUR,EA12,2013,197922.44,
ESTAT:SPR_EXP_FDI(1.0),14/10/22 23:00:00,A,SPBENEFNOREROUTE,TOTAL,MIO_EUR,EA12,2014,202367.93,
ESTAT:SPR_EXP_FDI(1.0),14/10/22 23:00:00,A,SPBENEFNOREROUTE,TOTAL,MIO_EUR,EA12,2015,209494.19,
ESTAT:SPR_EXP_FDI(1.0),14/10/22 23:00:00,A,SPBENEFNOREROUTE,TOTAL,MIO_EUR,EA12,2016,214820.53,p
ESTAT:SPR_EXP_FDI(1.0),14/10/22 23:00:00,A,SPBENEFNOREROUTE,TOTAL,MIO_EUR,EA12,2017,223490.54,p
ESTAT:SPR_EXP_FDI(1.0),14/10/22 23:00:00,A,SPBENEFNOREROUTE,TOTAL,MIO_EUR,EA12,2018,231446.84,p
ESTAT:SPR_EXP_FDI(1.0),14/10/22 23:00:00,A,SPBENEFNOREROUTE,TOTAL,MIO_EUR,EA12,2019,241487.22,p
ESTAT:SPR_EXP_FDI(1.0),14/10/22 23:00:00,A,SPBENEFNOREROUTE,TOTAL,MIO_EUR,EA18,2006,158704.55,
ESTAT:SPR_EXP_FDI(1.0),14/10/22 23:00:00,A,SPBENEFNOREROUTE,TOTAL,MIO_EUR,EA18,2007,164697.37,
ESTAT:SPR_EXP_FDI(1.0),14/10/22 23:00:00,A,SPBENEFNOREROUTE,TOTAL,MIO_EUR,EA18,2008,172514.40,
ESTAT:SPR_EXP_FDI(1.0),14/10/22 23:00:00,A,SPBENEFNOREROUTE,TOTAL,MIO_EUR,EA18,2009,179512.01,
ESTAT:SPR_EXP_FDI(1.0),14/10/22 23:00:00,A,SPBENEFNOREROUTE,TOTAL,MIO_EUR,EA18,2010,185092.44,
ESTAT:SPR_EXP_FDI(1.0),14/10/22 23:00:00,A,SPBENEFNOREROUTE,TOTAL,MIO_EUR,EA18,2011,188228.30,
ESTAT:SPR_EXP_FDI(1.0),14/10/22 23:00:00,A,SPBENEFNOREROUTE,TOTAL,MIO_EUR,EA18,2012,194119.53,
ESTAT:SPR_EXP_FDI(1.0),14/10/22 23:00:00,A,SPBENEFNOREROUTE,TOTAL,MIO_EUR,EA18,2013,200457.67,
ESTAT:SPR_EXP_FDI(1.0),14/10/22 23:00:00,A,SPBENEFNOREROUTE,TOTAL,MIO_EUR,EA18,2014,204980.78,
ESTAT:SPR_EXP_FDI(1.0),14/10/22 23:00:00,A,SPBENEFNOREROUTE,TOTAL,MIO_EUR,EA18,2015,212143.99,
ESTAT:SPR_EXP_FDI(1.0),14/10/22 23:00:00,A,SPBENEFNOREROUTE,TOTAL,MIO_EUR,EA18,2016,217553.68,p
ESTAT:SPR_EXP_FDI(1.0),14/10/22 23:00:00,A,SPBENEFNOREROUTE,TOTAL,MIO_EUR,EA18,2017,226284.47,p
ESTAT:SPR_EXP_FDI(1.0),14/10/22 23:00:00,A,SPBENEFNOREROUTE,TOTAL,MIO_EUR,EA18,2018,234325.88,p
ESTAT:SPR_EXP_FDI(1.0),14/10/22 23:00:00,A,SPBENEFNOREROUTE,TOTAL,MIO_EUR,EA18,2019,244541.65,p
ESTAT:SPR_EXP_FDI(1.0),14/10/22 23:00:00,A,SPBENEFNOREROUTE,TOTAL,MIO_EUR,EA19,2006,159027.42,
ESTAT:SPR_EXP_FDI(1.0),14/10/22 23:00:00,A,SPBENEFNOREROUTE,TOTAL,MIO_EUR,EA19,2007,165108.43,
ESTAT:SPR_EXP_FDI(1.0),14/10/22 23:00:00,A,SPBENEFNOREROUTE,TOTAL,MIO_EUR,EA19,2008,173036.15,
ESTAT:SPR_EXP_FDI(1.0),14/10/22 23:00:00,A,SPBENEFNOREROUTE,TOTAL,MIO_EUR,EA19,2009,180062.91,
ESTAT:SPR_EXP_FDI(1.0),14/10/22 23:00:00,A,SPBENEFNOREROUTE,TOTAL,MIO_EUR,EA19,2010,185604.77,
ESTAT:SPR_EXP_FDI(1.0),14/10/22 23:00:00,A,SPBENEFNOREROUTE,TOTAL,MIO_EUR,EA19,2011,188713.73,
ESTAT:SPR_EXP_FDI(1.0),14/10/22 23:00:00,A,SPBENEFNOREROUTE,TOTAL,MIO_EUR,EA19,2012,194621.92,
ESTAT:SPR_EXP_FDI(1.0),14/10/22 23:00:00,A,SPBENEFNOREROUTE,TOTAL,MIO_EUR,EA19,2013,200940.13,
ESTAT:SPR_EXP_FDI(1.0),14/10/22 23:00:00,A,SPBENEFNOREROUTE,TOTAL,MIO_EUR,EA19,2014,205484.80,
ESTAT:SPR_EXP_FDI(1.0),14/10/22 23:00:00,A,SPBENEFNOREROUTE,TOTAL,MIO_EUR,EA19,2015,212659.25,
ESTAT:SPR_EXP_FDI(1.0),14/10/22 23:00:00,A,SPBENEFNOREROUTE,TOTAL,MIO_EUR,EA19,2016,218078.64,p
ESTAT:SPR_EXP_FDI(1.0),14/10/22 23:00:00,A,SPBENEFNOREROUTE,TOTAL,MIO_EUR,EA19,2017,226851.51,p
ESTAT:SPR_EXP_FDI(1.0),14/10/22 23:00:00,A,SPBENEFNOREROUTE,TOTAL,MIO_EUR,EA19,2018,234956.02,p
ESTAT:SPR_EXP_FDI(1.0),14/10/22 23:00:00,A,SPBENEFNOREROUTE,TOTAL,MIO_EUR,EA19,2019,245226.09,p
ESTAT:SPR_EXP_FDI(1.0),14/10/22 23:00:00,A,SPBENEFNOREROUTE,TOTAL,MIO_EUR,EE,2006,151.99,
ESTAT:SPR_EXP_FDI(1.0),14/10/22 23:00:00,A,SPBENEFNOREROUTE,TOTAL,MIO_EUR,EE,2007,179.32,
ESTAT:SPR_EXP_FDI(1.0),14/10/22 23:00:00,A,SPBENEFNOREROUTE,TOTAL,MIO_EUR,EE,2008,236.07,
ESTAT:SPR_EXP_FDI(1.0),14/10/22 23:00:00,A,SPBENEFNOREROUTE,TOTAL,MIO_EUR,EE,2009,260.96,
ESTAT:SPR_EXP_FDI(1.0),14/10/22 23:00:00,A,SPBENEFNOREROUTE,TOTAL,MIO_EUR,EE,2010,279.24,
ESTAT:SPR_EXP_FDI(1.0),14/10/22 23:00:00,A,SPBENEFNOREROUTE,TOTAL,MIO_EUR,EE,2011,295.90,
ESTAT:SPR_EXP_FDI(1.0),14/10/22 23:00:00,A,SPBENEFNOREROUTE,TOTAL,MIO_EUR,EE,2012,313.49,
ESTAT:SPR_EXP_FDI(1.0),14/10/22 23:00:00,A,SPBENEFNOREROUTE,TOTAL,MIO_EUR,EE,2013,334.45,
ESTAT:SPR_EXP_FDI(1.0),14/10/22 23:00:00,A,SPBENEFNOREROUTE,TOTAL,MIO_EUR,EE,2014,349.31,
ESTAT:SPR_EXP_FDI(1.0),14/10/22 23:00:00,A,SPBENEFNOREROUTE,TOTAL,MIO_EUR,EE,2015,375.01,
ESTAT:SPR_EXP_FDI(1.0),14/10/22 23:00:00,A,SPBENEFNOREROUTE,TOTAL,MIO_EUR,EE,2016,405.94,
ESTAT:SPR_EXP_FDI(1.0),14/10/22 23:00:00,A,SPBENEFNOREROUTE,TOTAL,MIO_EUR,EE,2017,436.06,
ESTAT:SPR_EXP_FDI(1.0),14/10/22 23:00:00,A,SPBENEFNOREROUTE,TOTAL,MIO_EUR,EE,2018,475.00,
ESTAT:SPR_EXP_FDI(1.0),14/10/22 23:00:00,A,SPBENEFNOREROUTE,TOTAL,MIO_EUR,EE,2019,523.49,
ESTAT:SPR_EXP_FDI(1.0),14/10/22 23:00:00,A,SPBENEFNOREROUTE,TOTAL,MIO_EUR,EEA,2006,251843.85,
ESTAT:SPR_EXP_FDI(1.0),14/10/22 23:00:00,A,SPBENEFNOREROUTE,TOTAL,MIO_EUR,EEA,2007,255190.87,
ESTAT:SPR_EXP_FDI(1.0),14/10/22 23:00:00,A,SPBENEFNOREROUTE,TOTAL,MIO_EUR,EEA,2008,260654.95,
ESTAT:SPR_EXP_FDI(1.0),14/10/22 23:00:00,A,SPBENEFNOREROUTE,TOTAL,MIO_EUR,EEA,2009,263341.85,
ESTAT:SPR_EXP_FDI(1.0),14/10/22 23:00:00,A,SPBENEFNOREROUTE,TOTAL,MIO_EUR,EEA,2010,275339.92,
ESTAT:SPR_EXP_FDI(1.0),14/10/22 23:00:00,A,SPBENEFNOREROUTE,TOTAL,MIO_EUR,EEA,2011,280365.57,
ESTAT:SPR_EXP_FDI(1.0),14/10/22 23:00:00,A,SPBENEFNOREROUTE,TOTAL,MIO_EUR,EEA,2012,288727.31,
ESTAT:SPR_EXP_FDI(1.0),14/10/22 23:00:00,A,SPBENEFNOREROUTE,TOTAL,MIO_EUR,EEA,2013,291918.73,
ESTAT:SPR_EXP_FDI(1.0),14/10/22 23:00:00,A,SPBENEFNOREROUTE,TOTAL,MIO_EUR,EEA,2014,298452.76,
ESTAT:SPR_EXP_FDI(1.0),14/10/22 23:00:00,A,SPBENEFNOREROUTE,TOTAL,MIO_EUR,EEA,2015,313222.90,
ESTAT:SPR_EXP_FDI(1.0),14/10/22 23:00:00,A,SPBENEFNOREROUTE,TOTAL,MIO_EUR,EEA,2016,315719.08,p
ESTAT:SPR_EXP_FDI(1.0),14/10/22 23:00:00,A,SPBENEFNOREROUTE,TOTAL,MIO_EUR,EEA,2017,325794.34,p
ESTAT:SPR_EXP_FDI(1.0),14/10/22 23:00:00,A,SPBENEFNOREROUTE,TOTAL,MIO_EUR,EEA,2018,331105.02,p
ESTAT:SPR_EXP_FDI(1.0),14/10/22 23:00:00,A,SPBENEFNOREROUTE,TOTAL,MIO_EUR,EL,2006,2581.12,
ESTAT:SPR_EXP_FDI(1.0),14/10/22 23:00:00,A,SPBENEFNOREROUTE,TOTAL,MIO_EUR,EL,2007,3043.97,
ESTAT:SPR_EXP_FDI(1.0),14/10/22 23:00:00,A,SPBENEFNOREROUTE,TOTAL,MIO_EUR,EL,2008,3333.95,
ESTAT:SPR_EXP_FDI(1.0),14/10/22 23:00:00,A,SPBENEFNOREROUTE,TOTAL,MIO_EUR,EL,2009,3576.87,
ESTAT:SPR_EXP_FDI(1.0),14/10/22 23:00:00,A,SPBENEFNOREROUTE,TOTAL,MIO_EUR,EL,2010,3674.15,
ESTAT:SPR_EXP_FDI(1.0),14/10/22 23:00:00,A,SPBENEFNOREROUTE,TOTAL,MIO_EUR,EL,2011,3614.81,
ESTAT:SPR_EXP_FDI(1.0),14/10/22 23:00:00,A,SPBENEFNOREROUTE,TOTAL,MIO_EUR,EL,2012,3361.48,
ESTAT:SPR_EXP_FDI(1.0),14/10/22 23:00:00,A,SPBENEFNOREROUTE,TOTAL,MIO_EUR,EL,2013,2978.79,
ESTAT:SPR_EXP_FDI(1.0),14/10/22 23:00:00,A,SPBENEFNOREROUTE,TOTAL,MIO_EUR,EL,2014,2937.46,
ESTAT:SPR_EXP_FDI(1.0),14/10/22 23:00:00,A,SPBENEFNOREROUTE,TOTAL,MIO_EUR,EL,2015,1951.10,
ESTAT:SPR_EXP_FDI(1.0),14/10/22 23:00:00,A,SPBENEFNOREROUTE,TOTAL,MIO_EUR,EL,2016,1936.83,
ESTAT:SPR_EXP_FDI(1.0),14/10/22 23:00:00,A,SPBENEFNOREROUTE,TOTAL,MIO_EUR,EL,2017,1885.37,p
ESTAT:SPR_EXP_FDI(1.0),14/10/22 23:00:00,A,SPBENEFNOREROUTE,TOTAL,MIO_EUR,EL,2018,1827.18,p
ESTAT:SPR_EXP_FDI(1.0),14/10/22 23:00:00,A,SPBENEFNOREROUTE,TOTAL,MIO_EUR,EL,2019,1978.53,p
ESTAT:SPR_EXP_FDI(1.0),14/10/22 23:00:00,A,SPBENEFNOREROUTE,TOTAL,MIO_EUR,ES,2006,14969.06,
ESTAT:SPR_EXP_FDI(1.0),14/10/22 23:00:00,A,SPBENEFNOREROUTE,TOTAL,MIO_EUR,ES,2007,15994.73,
ESTAT:SPR_EXP_FDI(1.0),14/10/22 23:00:00,A,SPBENEFNOREROUTE,TOTAL,MIO_EUR,ES,2008,17171.55,
ESTAT:SPR_EXP_FDI(1.0),14/10/22 23:00:00,A,SPBENEFNOREROUTE,TOTAL,MIO_EUR,ES,2009,17933.43,
ESTAT:SPR_EXP_FDI(1.0),14/10/22 23:00:00,A,SPBENEFNOREROUTE,TOTAL,MIO_EUR,ES,2010,18795.97,
ESTAT:SPR_EXP_FDI(1.0),14/10/22 23:00:00,A,SPBENEFNOREROUTE,TOTAL,MIO_EUR,ES,2011,18973.45,
ESTAT:SPR_EXP_FDI(1.0),14/10/22 23:00:00,A,SPBENEFNOREROUTE,TOTAL,MIO_EUR,ES,2012,18781.15,
ESTAT:SPR_EXP_FDI(1.0),14/10/22 23:00:00,A,SPBENEFNOREROUTE,TOTAL,MIO_EUR,ES,2013,19055.71,
ESTAT:SPR_EXP_FDI(1.0),14/10/22 23:00:00,A,SPBENEFNOREROUTE,TOTAL,MIO_EUR,ES,2014,19060.87,
ESTAT:SPR_EXP_FDI(1.0),14/10/22 23:00:00,A,SPBENEFNOREROUTE,TOTAL,MIO_EUR,ES,2015,18726.51,
ESTAT:SPR_EXP_FDI(1.0),14/10/22 23:00:00,A,SPBENEFNOREROUTE,TOTAL,MIO_EUR,ES,2016,18826.22,p
ESTAT:SPR_EXP_FDI(1.0),14/10/22 23:00:00,A,SPBENEFNOREROUTE,TOTAL,MIO_EUR,ES,2017,19145.59,p
ESTAT:SPR_EXP_FDI(1.0),14/10/22 23:00:00,A,SPBENEFNOREROUTE,TOTAL,MIO_EUR,ES,2018,19632.41,p
ESTAT:SPR_EXP_FDI(1.0),14/10/22 23:00:00,A,SPBENEFNOREROUTE,TOTAL,MIO_EUR,ES,2019,20298.30,p
ESTAT:SPR_EXP_FDI(1.0),14/10/22 23:00:00,A,SPBENEFNOREROUTE,TOTAL,MIO_EUR,EU15,2006,227516.05,
ESTAT:SPR_EXP_FDI(1.0),14/10/22 23:00:00,A,SPBENEFNOREROUTE,TOTAL,MIO_EUR,EU15,2007,229067.66,
ESTAT:SPR_EXP_FDI(1.0),14/10/22 23:00:00,A,SPBENEFNOREROUTE,TOTAL,MIO_EUR,EU15,2008,232737.98,
ESTAT:SPR_EXP_FDI(1.0),14/10/22 23:00:00,A,SPBENEFNOREROUTE,TOTAL,MIO_EUR,EU15,2009,236657.30,
ESTAT:SPR_EXP_FDI(1.0),14/10/22 23:00:00,A,SPBENEFNOREROUTE,TOTAL,MIO_EUR,EU15,2010,245704.68,
ESTAT:SPR_EXP_FDI(1.0),14/10/22 23:00:00,A,SPBENEFNOREROUTE,TOTAL,MIO_EUR,EU15,2011,249422.32,
ESTAT:SPR_EXP_FDI(1.0),14/10/22 23:00:00,A,SPBENEFNOREROUTE,TOTAL,MIO_EUR,EU15,2012,256988.53,
ESTAT:SPR_EXP_FDI(1.0),14/10/22 23:00:00,A,SPBENEFNOREROUTE,TOTAL,MIO_EUR,EU15,2013,260415.65,
ESTAT:SPR_EXP_FDI(1.0),14/10/22 23:00:00,A,SPBENEFNOREROUTE,TOTAL,MIO_EUR,EU15,2014,267347.57,
ESTAT:SPR_EXP_FDI(1.0),14/10/22 23:00:00,A,SPBENEFNOREROUTE,TOTAL,MIO_EUR,EU15,2015,281565.10,
ESTAT:SPR_EXP_FDI(1.0),14/10/22 23:00:00,A,SPBENEFNOREROUTE,TOTAL,MIO_EUR,EU15,2016,283797.60,p
ESTAT:SPR_EXP_FDI(1.0),14/10/22 23:00:00,A,SPBENEFNOREROUTE,TOTAL,MIO_EUR,EU15,2017,292933.11,p
ESTAT:SPR_EXP_FDI(1.0),14/10/22 23:00:00,A,SPBENEFNOREROUTE,TOTAL,MIO_EUR,EU15,2018,297955.32,p
ESTAT:SPR_EXP_FDI(1.0),14/10/22 23:00:00,A,SPBENEFNOREROUTE,TOTAL,MIO_EUR,EU27_2007,2006,240209.75,
ESTAT:SPR_EXP_FDI(1.0),14/10/22 23:00:00,A,SPBENEFNOREROUTE,TOTAL,MIO_EUR,EU27_2007,2007,242936.15,
ESTAT:SPR_EXP_FDI(1.0),14/10/22 23:00:00,A,SPBENEFNOREROUTE,TOTAL,MIO_EUR,EU27_2007,2008,248454.36,
ESTAT:SPR_EXP_FDI(1.0),14/10/22 23:00:00,A,SPBENEFNOREROUTE,TOTAL,MIO_EUR,EU27_2007,2009,251094.85,
ESTAT:SPR_EXP_FDI(1.0),14/10/22 23:00:00,A,SPBENEFNOREROUTE,TOTAL,MIO_EUR,EU27_2007,2010,261145.07,
ESTAT:SPR_EXP_FDI(1.0),14/10/22 23:00:00,A,SPBENEFNOREROUTE,TOTAL,MIO_EUR,EU27_2007,2011,264945.87,
ESTAT:SPR_EXP_FDI(1.0),14/10/22 23:00:00,A,SPBENEFNOREROUTE,TOTAL,MIO_EUR,EU27_2007,2012,272071.03,
ESTAT:SPR_EXP_FDI(1.0),14/10/22 23:00:00,A,SPBENEFNOREROUTE,TOTAL,MIO_EUR,EU27_2007,2013,275417.19,
ESTAT:SPR_EXP_FDI(1.0),14/10/22 23:00:00,A,SPBENEFNOREROUTE,TOTAL,MIO_EUR,EU27_2007,2014,282532.07,
ESTAT:SPR_EXP_FDI(1.0),14/10/22 23:00:00,A,SPBENEFNOREROUTE,TOTAL,MIO_EUR,EU27_2007,2015,296920.64,
ESTAT:SPR_EXP_FDI(1.0),14/10/22 23:00:00,A,SPBENEFNOREROUTE,TOTAL,MIO_EUR,EU27_2007,2016,299438.04,p
ESTAT:SPR_EXP_FDI(1.0),14/10/22 23:00:00,A,SPBENEFNOREROUTE,TOTAL,MIO_EUR,EU27_2007,2017,308950.08,p
ESTAT:SPR_EXP_FDI(1.0),14/10/22 23:00:00,A,SPBENEFNOREROUTE,TOTAL,MIO_EUR,EU27_2007,2018,314263.64,p
ESTAT:SPR_EXP_FDI(1.0),14/10/22 23:00:00,A,SPBENEFNOREROUTE,TOTAL,MIO_EUR,EU27_2020,2008,213405.11,
ESTAT:SPR_EXP_FDI(1.0),14/10/22 23:00:00,A,SPBENEFNOREROUTE,TOTAL,MIO_EUR,EU27_2020,2009,218580.54,
ESTAT:SPR_EXP_FDI(1.0),14/10/22 23:00:00,A,SPBENEFNOREROUTE,TOTAL,MIO_EUR,EU27_2020,2010,226626.74,
ESTAT:SPR_EXP_FDI(1.0),14/10/22 23:00:00,A,SPBENEFNOREROUTE,TOTAL,MIO_EUR,EU27_2020,2011,230422.27,
ESTAT:SPR_EXP_FDI(1.0),14/10/22 23:00:00,A,SPBENEFNOREROUTE,TOTAL,MIO_EUR,EU27_2020,2012,235829.35,
ESTAT:SPR_EXP_FDI(1.0),14/10/22 23:00:00,A,SPBENEFNOREROUTE,TOTAL,MIO_EUR,EU27_2020,2013,242722.31,
ESTAT:SPR_EXP_FDI(1.0),14/10/22 23:00:00,A,SPBENEFNOREROUTE,TOTAL,MIO_EUR,EU27_2020,2014,246791.85,
ESTAT:SPR_EXP_FDI(1.0),14/10/22 23:00:00,A,SPBENEFNOREROUTE,TOTAL,MIO_EUR,EU27_2020,2015,254092.75,
ESTAT:SPR_EXP_FDI(1.0),14/10/22 23:00:00,A,SPBENEFNOREROUTE,TOTAL,MIO_EUR,EU27_2020,2016,259176.16,p
ESTAT:SPR_EXP_FDI(1.0),14/10/22 23:00:00,A,SPBENEFNOREROUTE,TOTAL,MIO_EUR,EU27_2020,2017,268861.60,p
ESTAT:SPR_EXP_FDI(1.0),14/10/22 23:00:00,A,SPBENEFNOREROUTE,TOTAL,MIO_EUR,EU27_2020,2018,276101.35,p
ESTAT:SPR_EXP_FDI(1.0),14/10/22 23:00:00,A,SPBENEFNOREROUTE,TOTAL,MIO_EUR,EU27_2020,2019,286762.45,p
ESTAT:SPR_EXP_FDI(1.0),14/10/22 23:00:00,A,SPBENEFNOREROUTE,TOTAL,MIO_EUR,EU28,2008,249649.67,
ESTAT:SPR_EXP_FDI(1.0),14/10/22 23:00:00,A,SPBENEFNOREROUTE,TOTAL,MIO_EUR,EU28,2009,252348.01,
ESTAT:SPR_EXP_FDI(1.0),14/10/22 23:00:00,A,SPBENEFNOREROUTE,TOTAL,MIO_EUR,EU28,2010,262437.89,
ESTAT:SPR_EXP_FDI(1.0),14/10/22 23:00:00,A,SPBENEFNOREROUTE,TOTAL,MIO_EUR,EU28,2011,266180.92,
ESTAT:SPR_EXP_FDI(1.0),14/10/22 23:00:00,A,SPBENEFNOREROUTE,TOTAL,MIO_EUR,EU28,2012,273271.54,
ESTAT:SPR_EXP_FDI(1.0),14/10/22 23:00:00,A,SPBENEFNOREROUTE,TOTAL,MIO_EUR,EU28,2013,276597.86,
ESTAT:SPR_EXP_FDI(1.0),14/10/22 23:00:00,A,SPBENEFNOREROUTE,TOTAL,MIO_EUR,EU28,2014,283654.15,
ESTAT:SPR_EXP_FDI(1.0),14/10/22 23:00:00,A,SPBENEFNOREROUTE,TOTAL,MIO_EUR,EU28,2015,298049.36,
ESTAT:SPR_EXP_FDI(1.0),14/10/22 23:00:00,A,SPBENEFNOREROUTE,TOTAL,MIO_EUR,EU28,2016,300516.88,p
ESTAT:SPR_EXP_FDI(1.0),14/10/22 23:00:00,A,SPBENEFNOREROUTE,TOTAL,MIO_EUR,EU28,2017,310048.93,p
ESTAT:SPR_EXP_FDI(1.0),14/10/22 23:00:00,A,SPBENEFNOREROUTE,TOTAL,MIO_EUR,EU28,2018,315406.13,p
ESTAT:SPR_EXP_FDI(1.0),14/10/22 23:00:00,A,SPBENEFNOREROUTE,TOTAL,MIO_EUR,FI,2006,5372.17,
ESTAT:SPR_EXP_FDI(1.0),14/10/22 23:00:00,A,SPBENEFNOREROUTE,TOTAL,MIO_EUR,FI,2007,5570.06,
ESTAT:SPR_EXP_FDI(1.0),14/10/22 23:00:00,A,SPBENEFNOREROUTE,TOTAL,MIO_EUR,FI,2008,5947.55,
ESTAT:SPR_EXP_FDI(1.0),14/10/22 23:00:00,A,SPBENEFNOREROUTE,TOTAL,MIO_EUR,FI,2009,6244.42,
ESTAT:SPR_EXP_FDI(1.0),14/10/22 23:00:00,A,SPBENEFNOREROUTE,TOTAL,MIO_EUR,FI,2010,6426.98,
ESTAT:SPR_EXP_FDI(1.0),14/10/22 23:00:00,A,SPBENEFNOREROUTE,TOTAL,MIO_EUR,FI,2011,6558.53,
ESTAT:SPR_EXP_FDI(1.0),14/10/22 23:00:00,A,SPBENEFNOREROUTE,TOTAL,MIO_EUR,FI,2012,6761.29,
ESTAT:SPR_EXP_FDI(1.0),14/10/22 23:00:00,A,SPBENEFNOREROUTE,TOTAL,MIO_EUR,FI,2013,6926.72,
ESTAT:SPR_EXP_FDI(1.0),14/10/22 23:00:00,A,SPBENEFNOREROUTE,TOTAL,MIO_EUR,FI,2014,6971.28,
ESTAT:SPR_EXP_FDI(1.0),14/10/22 23:00:00,A,SPBENEFNOREROUTE,TOTAL,MIO_EUR,FI,2015,6761.16,
ESTAT:SPR_EXP_FDI(1.0),14/10/22 23:00:00,A,SPBENEFNOREROUTE,TOTAL,MIO_EUR,FI,2016,6672.31,
ESTAT:SPR_EXP_FDI(1.0),14/10/22 23:00:00,A,SPBENEFNOREROUTE,TOTAL,MIO_EUR,FI,2017,6483.85,
ESTAT:SPR_EXP_FDI(1.0),14/10/22 23:00:00,A,SPBENEFNOREROUTE,TOTAL,MIO_EUR,FI,2018,6613.74,
ESTAT:SPR_EXP_FDI(1.0),14/10/22 23:00:00,A,SPBENEFNOREROUTE,TOTAL,MIO_EUR,FI,2019,6781.20,
ESTAT:SPR_EXP_FDI(1.0),14/10/22 23:00:00,A,SPBENEFNOREROUTE,TOTAL,MIO_EUR,FR,2006,34059.64,
ESTAT:SPR_EXP_FDI(1.0),14/10/22 23:00:00,A,SPBENEFNOREROUTE,TOTAL,MIO_EUR,FR,2007,35068.45,
ESTAT:SPR_EXP_FDI(1.0),14/10/22 23:00:00,A,SPBENEFNOREROUTE,TOTAL,MIO_EUR,FR,2008,35975.15,
ESTAT:SPR_EXP_FDI(1.0),14/10/22 23:00:00,A,SPBENEFNOREROUTE,TOTAL,MIO_EUR,FR,2009,37194.97,
ESTAT:SPR_EXP_FDI(1.0),14/10/22 23:00:00,A,SPBENEFNOREROUTE,TOTAL,MIO_EUR,FR,2010,38620.71,
ESTAT:SPR_EXP_FDI(1.0),14/10/22 23:00:00,A,SPBENEFNOREROUTE,TOTAL,MIO_EUR,FR,2011,40460.35,
ESTAT:SPR_EXP_FDI(1.0),14/10/22 23:00:00,A,SPBENEFNOREROUTE,TOTAL,MIO_EUR,FR,2012,42165.37,
ESTAT:SPR_EXP_FDI(1.0),14/10/22 23:00:00,A,SPBENEFNOREROUTE,TOTAL,MIO_EUR,FR,2013,43405.02,
ESTAT:SPR_EXP_FDI(1.0),14/10/22 23:00:00,A,SPBENEFNOREROUTE,TOTAL,MIO_EUR,FR,2014,44513.53,
ESTAT:SPR_EXP_FDI(1.0),14/10/22 23:00:00,A,SPBENEFNOREROUTE,TOTAL,MIO_EUR,FR,2015,45132.60,
ESTAT:SPR_EXP_FDI(1.0),14/10/22 23:00:00,A,SPBENEFNOREROUTE,TOTAL,MIO_EUR,FR,2016,45930.37,
ESTAT:SPR_EXP_FDI(1.0),14/10/22 23:00:00,A,SPBENEFNOREROUTE,TOTAL,MIO_EUR,FR,2017,46960.77,
ESTAT:SPR_EXP_FDI(1.0),14/10/22 23:00:00,A,SPBENEFNOREROUTE,TOTAL,MIO_EUR,FR,2018,47885.41,
ESTAT:SPR_EXP_FDI(1.0),14/10/22 23:00:00,A,SPBENEFNOREROUTE,TOTAL,MIO_EUR,FR,2019,49171.58,
ESTAT:SPR_EXP_FDI(1.0),14/10/22 23:00:00,A,SPBENEFNOREROUTE,TOTAL,MIO_EUR,FR,2020,50469.01,p
ESTAT:SPR_EXP_FDI(1.0),14/10/22 23:00:00,A,SPBENEFNOREROUTE,TOTAL,MIO_EUR,HR,2008,1195.31,
ESTAT:SPR_EXP_FDI(1.0),14/10/22 23:00:00,A,SPBENEFNOREROUTE,TOTAL,MIO_EUR,HR,2009,1253.16,
ESTAT:SPR_EXP_FDI(1.0),14/10/22 23:00:00,A,SPBENEFNOREROUTE,TOTAL,MIO_EUR,HR,2010,1292.82,
ESTAT:SPR_EXP_FDI(1.0),14/10/22 23:00:00,A,SPBENEFNOREROUTE,TOTAL,MIO_EUR,HR,2011,1235.05,
ESTAT:SPR_EXP_FDI(1.0),14/10/22 23:00:00,A,SPBENEFNOREROUTE,TOTAL,MIO_EUR,HR,2012,1200.51,
ESTAT:SPR_EXP_FDI(1.0),14/10/22 23:00:00,A,SPBENEFNOREROUTE,TOTAL,MIO_EUR,HR,2013,1180.68,
ESTAT:SPR_EXP_FDI(1.0),14/10/22 23:00:00,A,SPBENEFNOREROUTE,TOTAL,MIO_EUR,HR,2014,1122.08,
ESTAT:SPR_EXP_FDI(1.0),14/10/22 23:00:00,A,SPBENEFNOREROUTE,TOTAL,MIO_EUR,HR,2015,1128.72,
ESTAT:SPR_EXP_FDI(1.0),14/10/22 23:00:00,A,SPBENEFNOREROUTE,TOTAL,MIO_EUR,HR,2016,1078.85,
ESTAT:SPR_EXP_FDI(1.0),14/10/22 23:00:00,A,SPBENEFNOREROUTE,TOTAL,MIO_EUR,HR,2017,1098.85,
ESTAT:SPR_EXP_FDI(1.0),14/10/22 23:00:00,A,SPBENEFNOREROUTE,TOTAL,MIO_EUR,HR,2018,1142.50,
ESTAT:SPR_EXP_FDI(1.0),14/10/22 23:00:00,A,SPBENEFNOREROUTE,TOTAL,MIO_EUR,HR,2019,1160.78,
ESTAT:SPR_EXP_FDI(1.0),14/10/22 23:00:00,A,SPBENEFNOREROUTE,TOTAL,MIO_EUR,HR,2020,1138.60,
ESTAT:SPR_EXP_FDI(1.0),14/10/22 23:00:00,A,SPBENEFNOREROUTE,TOTAL,MIO_EUR,HU,2006,1938.86,
ESTAT:SPR_EXP_FDI(1.0),14/10/22 23:00:00,A,SPBENEFNOREROUTE,TOTAL,MIO_EUR,HU,2007,2134.48,
ESTAT:SPR_EXP_FDI(1.0),14/10/22 23:00:00,A,SPBENEFNOREROUTE,TOTAL,MIO_EUR,HU,2008,2221.64,
ESTAT:SPR_EXP_FDI(1.0),14/10/22 23:00:00,A,SPBENEFNOREROUTE,TOTAL,MIO_EUR,HU,2009,1918.50,
ESTAT:SPR_EXP_FDI(1.0),14/10/22 23:00:00,A,SPBENEFNOREROUTE,TOTAL,MIO_EUR,HU,2010,1798.75,
ESTAT:SPR_EXP_FDI(1.0),14/10/22 23:00:00,A,SPBENEFNOREROUTE,TOTAL,MIO_EUR,HU,2011,1693.68,
ESTAT:SPR_EXP_FDI(1.0),14/10/22 23:00:00,A,SPBENEFNOREROUTE,TOTAL,MIO_EUR,HU,2012,1571.83,
ESTAT:SPR_EXP_FDI(1.0),14/10/22 23:00:00,A,SPBENEFNOREROUTE,TOTAL,MIO_EUR,HU,2013,1511.61,
ESTAT:SPR_EXP_FDI(1.0),14/10/22 23:00:00,A,SPBENEFNOREROUTE,TOTAL,MIO_EUR,HU,2014,1517.18,
ESTAT:SPR_EXP_FDI(1.0),14/10/22 23:00:00,A,SPBENEFNOREROUTE,TOTAL,MIO_EUR,HU,2015,1518.85,b
ESTAT:SPR_EXP_FDI(1.0),14/10/22 23:00:00,A,SPBENEFNOREROUTE,TOTAL,MIO_EUR,HU,2016,1433.80,
ESTAT:SPR_EXP_FDI(1.0),14/10/22 23:00:00,A,SPBENEFNOREROUTE,TOTAL,MIO_EUR,HU,2017,1434.45,
ESTAT:SPR_EXP_FDI(1.0),14/10/22 23:00:00,A,SPBENEFNOREROUTE,TOTAL,MIO_EUR,HU,2018,1396.56,
ESTAT:SPR_EXP_FDI(1.0),14/10/22 23:00:00,A,SPBENEFNOREROUTE,TOTAL,MIO_EUR,HU,2019,1380.98,
ESTAT:SPR_EXP_FDI(1.0),14/10/22 23:00:00,A,SPBENEFNOREROUTE,TOTAL,MIO_EUR,HU,2020,1274.53,p
ESTAT:SPR_EXP_FDI(1.0),14/10/22 23:00:00,A,SPBENEFNOREROUTE,TOTAL,MIO_EUR,IE,2006,1520.91,
ESTAT:SPR_EXP_FDI(1.0),14/10/22 23:00:00,A,SPBENEFNOREROUTE,TOTAL,MIO_EUR,IE,2007,1727.54,
ESTAT:SPR_EXP_FDI(1.0),14/10/22 23:00:00,A,SPBENEFNOREROUTE,TOTAL,MIO_EUR,IE,2008,1949.40,
ESTAT:SPR_EXP_FDI(1.0),14/10/22 23:00:00,A,SPBENEFNOREROUTE,TOTAL,MIO_EUR,IE,2009,2041.01,
ESTAT:SPR_EXP_FDI(1.0),14/10/22 23:00:00,A,SPBENEFNOREROUTE,TOTAL,MIO_EUR,IE,2010,1978.29,
ESTAT:SPR_EXP_FDI(1.0),14/10/22 23:00:00,A,SPBENEFNOREROUTE,TOTAL,MIO_EUR,IE,2011,1923.50,
ESTAT:SPR_EXP_FDI(1.0),14/10/22 23:00:00,A,SPBENEFNOREROUTE,TOTAL,MIO_EUR,IE,2012,1909.25,
ESTAT:SPR_EXP_FDI(1.0),14/10/22 23:00:00,A,SPBENEFNOREROUTE,TOTAL,MIO_EUR,IE,2013,2065.51,
ESTAT:SPR_EXP_FDI(1.0),14/10/22 23:00:00,A,SPBENEFNOREROUTE,TOTAL,MIO_EUR,IE,2014,2102.19,
ESTAT:SPR_EXP_FDI(1.0),14/10/22 23:00:00,A,SPBENEFNOREROUTE,TOTAL,MIO_EUR,IE,2015,2143.07,
ESTAT:SPR_EXP_FDI(1.0),14/10/22 23:00:00,A,SPBENEFNOREROUTE,TOTAL,MIO_EUR,IE,2016,2222.39,
ESTAT:SPR_EXP_FDI(1.0),14/10/22 23:00:00,A,SPBENEFNOREROUTE,TOTAL,MIO_EUR,IE,2017,2370.11,
ESTAT:SPR_EXP_FDI(1.0),14/10/22 23:00:00,A,SPBENEFNOREROUTE,TOTAL,MIO_EUR,IE,2018,2517.96,
ESTAT:SPR_EXP_FDI(1.0),14/10/22 23:00:00,A,SPBENEFNOREROUTE,TOTAL,MIO_EUR,IE,2019,2666.53,
ESTAT:SPR_EXP_FDI(1.0),14/10/22 23:00:00,A,SPBENEFNOREROUTE,TOTAL,MIO_EUR,IE,2020,2820.96,
ESTAT:SPR_EXP_FDI(1.0),14/10/22 23:00:00,A,SPBENEFNOREROUTE,TOTAL,MIO_EUR,IS,2006,434.92,
ESTAT:SPR_EXP_FDI(1.0),14/10/22 23:00:00,A,SPBENEFNOREROUTE,TOTAL,MIO_EUR,IS,2007,417.67,
ESTAT:SPR_EXP_FDI(1.0),14/10/22 23:00:00,A,SPBENEFNOREROUTE,TOTAL,MIO_EUR,IS,2008,313.53,
ESTAT:SPR_EXP_FDI(1.0),14/10/22 23:00:00,A,SPBENEFNOREROUTE,TOTAL,MIO_EUR,IS,2009,307.79,
ESTAT:SPR_EXP_FDI(1.0),14/10/22 23:00:00,A,SPBENEFNOREROUTE,TOTAL,MIO_EUR,IS,2010,326.05,
ESTAT:SPR_EXP_FDI(1.0),14/10/22 23:00:00,A,SPBENEFNOREROUTE,TOTAL,MIO_EUR,IS,2011,358.04,
ESTAT:SPR_EXP_FDI(1.0),14/10/22 23:00:00,A,SPBENEFNOREROUTE,TOTAL,MIO_EUR,IS,2012,391.77,
ESTAT:SPR_EXP_FDI(1.0),14/10/22 23:00:00,A,SPBENEFNOREROUTE,TOTAL,MIO_EUR,IS,2013,429.38,
ESTAT:SPR_EXP_FDI(1.0),14/10/22 23:00:00,A,SPBENEFNOREROUTE,TOTAL,MIO_EUR,IS,2014,497.20,
ESTAT:SPR_EXP_FDI(1.0),14/10/22 23:00:00,A,SPBENEFNOREROUTE,TOTAL,MIO_EUR,IS,2015,553.06,
ESTAT:SPR_EXP_FDI(1.0),14/10/22 23:00:00,A,SPBENEFNOREROUTE,TOTAL,MIO_EUR,IS,2016,647.78,
ESTAT:SPR_EXP_FDI(1.0),14/10/22 23:00:00,A,SPBENEFNOREROUTE,TOTAL,MIO_EUR,IS,2017,812.56,
ESTAT:SPR_EXP_FDI(1.0),14/10/22 23:00:00,A,SPBENEFNOREROUTE,TOTAL,MIO_EUR,IS,2018,843.76,
ESTAT:SPR_EXP_FDI(1.0),14/10/22 23:00:00,A,SPBENEFNOREROUTE,TOTAL,MIO_EUR,IS,2019,886.71,
ESTAT:SPR_EXP_FDI(1.0),14/10/22 23:00:00,A,SPBENEFNOREROUTE,TOTAL,MIO_EUR,IS,2020,868.41,
ESTAT:SPR_EXP_FDI(1.0),14/10/22 23:00:00,A,SPBENEFNOREROUTE,TOTAL,MIO_EUR,IT,2006,20249.00,
ESTAT:SPR_EXP_FDI(1.0),14/10/22 23:00:00,A,SPBENEFNOREROUTE,TOTAL,MIO_EUR,IT,2007,21329.00,
ESTAT:SPR_EXP_FDI(1.0),14/10/22 23:00:00,A,SPBENEFNOREROUTE,TOTAL,MIO_EUR,IT,2008,22522.00,
ESTAT:SPR_EXP_FDI(1.0),14/10/22 23:00:00,A,SPBENEFNOREROUTE,TOTAL,MIO_EUR,IT,2009,24039.00,
ESTAT:SPR_EXP_FDI(1.0),14/10/22 23:00:00,A,SPBENEFNOREROUTE,TOTAL,MIO_EUR,IT,2010,24309.00,
ESTAT:SPR_EXP_FDI(1.0),14/10/22 23:00:00,A,SPBENEFNOREROUTE,TOTAL,MIO_EUR,IT,2011,23684.00,
ESTAT:SPR_EXP_FDI(1.0),14/10/22 23:00:00,A,SPBENEFNOREROUTE,TOTAL,MIO_EUR,IT,2012,25678.00,
ESTAT:SPR_EXP_FDI(1.0),14/10/22 23:00:00,A,SPBENEFNOREROUTE,TOTAL,MIO_EUR,IT,2013,26374.00,
ESTAT:SPR_EXP_FDI(1.0),14/10/22 23:00:00,A,SPBENEFNOREROUTE,TOTAL,MIO_EUR,IT,2014,26928.00,
ESTAT:SPR_EXP_FDI(1.0),14/10/22 23:00:00,A,SPBENEFNOREROUTE,TOTAL,MIO_EUR,IT,2015,27089.00,
ESTAT:SPR_EXP_FDI(1.0),14/10/22 23:00:00,A,SPBENEFNOREROUTE,TOTAL,MIO_EUR,IT,2016,27354.00,
ESTAT:SPR_EXP_FDI(1.0),14/10/22 23:00:00,A,SPBENEFNOREROUTE,TOTAL,MIO_EUR,IT,2017,27272.00,
ESTAT:SPR_EXP_FDI(1.0),14/10/22 23:00:00,A,SPBENEFNOREROUTE,TOTAL,MIO_EUR,IT,2018,27880.00,p
ESTAT:SPR_EXP_FDI(1.0),14/10/22 23:00:00,A,SPBENEFNOREROUTE,TOTAL,MIO_EUR,IT,2019,28470.00,p
ESTAT:SPR_EXP_FDI(1.0),14/10/22 23:00:00,A,SPBENEFNOREROUTE,TOTAL,MIO_EUR,IT,2020,29112.00,p
ESTAT:SPR_EXP_FDI(1.0),14/10/22 23:00:00,A,SPBENEFNOREROUTE,TOTAL,MIO_EUR,LT,2006,322.87,
ESTAT:SPR_EXP_FDI(1.0),14/10/22 23:00:00,A,SPBENEFNOREROUTE,TOTAL,MIO_EUR,LT,2007,411.06,
ESTAT:SPR_EXP_FDI(1.0),14/10/22 23:00:00,A,SPBENEFNOREROUTE,TOTAL,MIO_EUR,LT,2008,521.74,
ESTAT:SPR_EXP_FDI(1.0),14/10/22 23:00:00,A,SPBENEFNOREROUTE,TOTAL,MIO_EUR,LT,2009,550.90,
ESTAT:SPR_EXP_FDI(1.0),14/10/22 23:00:00,A,SPBENEFNOREROUTE,TOTAL,MIO_EUR,LT,2010,512.32,
ESTAT:SPR_EXP_FDI(1.0),14/10/22 23:00:00,A,SPBENEFNOREROUTE,TOTAL,MIO_EUR,LT,2011,485.43,
ESTAT:SPR_EXP_FDI(1.0),14/10/22 23:00:00,A,SPBENEFNOREROUTE,TOTAL,MIO_EUR,LT,2012,502.39,
ESTAT:SPR_EXP_FDI(1.0),14/10/22 23:00:00,A,SPBENEFNOREROUTE,TOTAL,MIO_EUR,LT,2013,482.46,
ESTAT:SPR_EXP_FDI(1.0),14/10/22 23:00:00,A,SPBENEFNOREROUTE,TOTAL,MIO_EUR,LT,2014,504.02,
ESTAT:SPR_EXP_FDI(1.0),14/10/22 23:00:00,A,SPBENEFNOREROUTE,TOTAL,MIO_EUR,LT,2015,515.26,
ESTAT:SPR_EXP_FDI(1.0),14/10/22 23:00:00,A,SPBENEFNOREROUTE,TOTAL,MIO_EUR,LT,2016,524.96,
ESTAT:SPR_EXP_FDI(1.0),14/10/22 23:00:00,A,SPBENEFNOREROUTE,TOTAL,MIO_EUR,LT,2017,567.04,
ESTAT:SPR_EXP_FDI(1.0),14/10/22 23:00:00,A,SPBENEFNOREROUTE,TOTAL,MIO_EUR,LT,2018,630.14,
ESTAT:SPR_EXP_FDI(1.0),14/10/22 23:00:00,A,SPBENEFNOREROUTE,TOTAL,MIO_EUR,LT,2019,684.43,p
ESTAT:SPR_EXP_FDI(1.0),14/10/22 23:00:00,A,SPBENEFNOREROUTE,TOTAL,MIO_EUR,LT,2020,679.89,p
ESTAT:SPR_EXP_FDI(1.0),14/10/22 23:00:00,A,SPBENEFNOREROUTE,TOTAL,MIO_EUR,LU,2006,895.59,
ESTAT:SPR_EXP_FDI(1.0),14/10/22 23:00:00,A,SPBENEFNOREROUTE,TOTAL,MIO_EUR,LU,2007,954.61,
ESTAT:SPR_EXP_FDI(1.0),14/10/22 23:00:00,A,SPBENEFNOREROUTE,TOTAL,MIO_EUR,LU,2008,1004.45,
ESTAT:SPR_EXP_FDI(1.0),14/10/22 23:00:00,A,SPBENEFNOREROUTE,TOTAL,MIO_EUR,LU,2009,1084.59,
ESTAT:SPR_EXP_FDI(1.0),14/10/22 23:00:00,A,SPBENEFNOREROUTE,TOTAL,MIO_EUR,LU,2010,1159.67,
ESTAT:SPR_EXP_FDI(1.0),14/10/22 23:00:00,A,SPBENEFNOREROUTE,TOTAL,MIO_EUR,LU,2011,1243.69,
ESTAT:SPR_EXP_FDI(1.0),14/10/22 23:00:00,A,SPBENEFNOREROUTE,TOTAL,MIO_EUR,LU,2012,1283.92,
ESTAT:SPR_EXP_FDI(1.0),14/10/22 23:00:00,A,SPBENEFNOREROUTE,TOTAL,MIO_EUR,LU,2013,1349.13,
ESTAT:SPR_EXP_FDI(1.0),14/10/22 23:00:00,A,SPBENEFNOREROUTE,TOTAL,MIO_EUR,LU,2014,1393.66,
ESTAT:SPR_EXP_FDI(1.0),14/10/22 23:00:00,A,SPBENEFNOREROUTE,TOTAL,MIO_EUR,LU,2015,1404.98,
ESTAT:SPR_EXP_FDI(1.0),14/10/22 23:00:00,A,SPBENEFNOREROUTE,TOTAL,MIO_EUR,LU,2016,1399.33,
ESTAT:SPR_EXP_FDI(1.0),14/10/22 23:00:00,A,SPBENEFNOREROUTE,TOTAL,MIO_EUR,LU,2017,1490.47,
ESTAT:SPR_EXP_FDI(1.0),14/10/22 23:00:00,A,SPBENEFNOREROUTE,TOTAL,MIO_EUR,LU,2018,1520.61,
ESTAT:SPR_EXP_FDI(1.0),14/10/22 23:00:00,A,SPBENEFNOREROUTE,TOTAL,MIO_EUR,LU,2019,1586.24,
ESTAT:SPR_EXP_FDI(1.0),14/10/22 23:00:00,A,SPBENEFNOREROUTE,TOTAL,MIO_EUR,LU,2020,1700.55,
ESTAT:SPR_EXP_FDI(1.0),14/10/22 23:00:00,A,SPBENEFNOREROUTE,TOTAL,MIO_EUR,LV,2006,139.12,
ESTAT:SPR_EXP_FDI(1.0),14/10/22 23:00:00,A,SPBENEFNOREROUTE,TOTAL,MIO_EUR,LV,2007,156.11,
ESTAT:SPR_EXP_FDI(1.0),14/10/22 23:00:00,A,SPBENEFNOREROUTE,TOTAL,MIO_EUR,LV,2008,209.62,
ESTAT:SPR_EXP_FDI(1.0),14/10/22 23:00:00,A,SPBENEFNOREROUTE,TOTAL,MIO_EUR,LV,2009,240.56,
ESTAT:SPR_EXP_FDI(1.0),14/10/22 23:00:00,A,SPBENEFNOREROUTE,TOTAL,MIO_EUR,LV,2010,242.74,
ESTAT:SPR_EXP_FDI(1.0),14/10/22 23:00:00,A,SPBENEFNOREROUTE,TOTAL,MIO_EUR,LV,2011,253.28,
ESTAT:SPR_EXP_FDI(1.0),14/10/22 23:00:00,A,SPBENEFNOREROUTE,TOTAL,MIO_EUR,LV,2012,265.40,
ESTAT:SPR_EXP_FDI(1.0),14/10/22 23:00:00,A,SPBENEFNOREROUTE,TOTAL,MIO_EUR,LV,2013,275.59,
ESTAT:SPR_EXP_FDI(1.0),14/10/22 23:00:00,A,SPBENEFNOREROUTE,TOTAL,MIO_EUR,LV,2014,308.05,
ESTAT:SPR_EXP_FDI(1.0),14/10/22 23:00:00,A,SPBENEFNOREROUTE,TOTAL,MIO_EUR,LV,2015,332.02,
ESTAT:SPR_EXP_FDI(1.0),14/10/22 23:00:00,A,SPBENEFNOREROUTE,TOTAL,MIO_EUR,LV,2016,338.49,
ESTAT:SPR_EXP_FDI(1.0),14/10/22 23:00:00,A,SPBENEFNOREROUTE,TOTAL,MIO_EUR,LV,2017,354.92,
ESTAT:SPR_EXP_FDI(1.0),14/10/22 23:00:00,A,SPBENEFNOREROUTE,TOTAL,MIO_EUR,LV,2018,380.87,p
ESTAT:SPR_EXP_FDI(1.0),14/10/22 23:00:00,A,SPBENEFNOREROUTE,TOTAL,MIO_EUR,LV,2019,401.44,
ESTAT:SPR_EXP_FDI(1.0),14/10/22 23:00:00,A,SPBENEFNOREROUTE,TOTAL,MIO_EUR,LV,2020,424.11,
ESTAT:SPR_EXP_FDI(1.0),14/10/22 23:00:00,A,SPBENEFNOREROUTE,TOTAL,MIO_EUR,ME,2016,59.47,
ESTAT:SPR_EXP_FDI(1.0),14/10/22 23:00:00,A,SPBENEFNOREROUTE,TOTAL,MIO_EUR,ME,2017,62.84,
ESTAT:SPR_EXP_FDI(1.0),14/10/22 23:00:00,A,SPBENEFNOREROUTE,TOTAL,MIO_EUR,ME,2018,64.10,
ESTAT:SPR_EXP_FDI(1.0),14/10/22 23:00:00,A,SPBENEFNOREROUTE,TOTAL,MIO_EUR,ME,2019,66.08,p
ESTAT:SPR_EXP_FDI(1.0),14/10/22 23:00:00,A,SPBENEFNOREROUTE,TOTAL,MIO_EUR,MK,2015,136.02,
ESTAT:SPR_EXP_FDI(1.0),14/10/22 23:00:00,A,SPBENEFNOREROUTE,TOTAL,MIO_EUR,MK,2016,138.21,
ESTAT:SPR_EXP_FDI(1.0),14/10/22 23:00:00,A,SPBENEFNOREROUTE,TOTAL,MIO_EUR,MK,2017,143.10,
ESTAT:SPR_EXP_FDI(1.0),14/10/22 23:00:00,A,SPBENEFNOREROUTE,TOTAL,MIO_EUR,MT,2006,58.57,
ESTAT:SPR_EXP_FDI(1.0),14/10/22 23:00:00,A,SPBENEFNOREROUTE,TOTAL,MIO_EUR,MT,2007,63.22,
ESTAT:SPR_EXP_FDI(1.0),14/10/22 23:00:00,A,SPBENEFNOREROUTE,TOTAL,MIO_EUR,MT,2008,58.37,
ESTAT:SPR_EXP_FDI(1.0),14/10/22 23:00:00,A,SPBENEFNOREROUTE,TOTAL,MIO_EUR,MT,2009,55.07,
ESTAT:SPR_EXP_FDI(1.0),14/10/22 23:00:00,A,SPBENEFNOREROUTE,TOTAL,MIO_EUR,MT,2010,54.85,
ESTAT:SPR_EXP_FDI(1.0),14/10/22 23:00:00,A,SPBENEFNOREROUTE,TOTAL,MIO_EUR,MT,2011,52.74,
ESTAT:SPR_EXP_FDI(1.0),14/10/22 23:00:00,A,SPBENEFNOREROUTE,TOTAL,MIO_EUR,MT,2012,52.96,
ESTAT:SPR_EXP_FDI(1.0),14/10/22 23:00:00,A,SPBENEFNOREROUTE,TOTAL,MIO_EUR,MT,2013,55.90,
ESTAT:SPR_EXP_FDI(1.0),14/10/22 23:00:00,A,SPBENEFNOREROUTE,TOTAL,MIO_EUR,MT,2014,59.61,
ESTAT:SPR_EXP_FDI(1.0),14/10/22 23:00:00,A,SPBENEFNOREROUTE,TOTAL,MIO_EUR,MT,2015,61.40,
ESTAT:SPR_EXP_FDI(1.0),14/10/22 23:00:00,A,SPBENEFNOREROUTE,TOTAL,MIO_EUR,MT,2016,62.96,
ESTAT:SPR_EXP_FDI(1.0),14/10/22 23:00:00,A,SPBENEFNOREROUTE,TOTAL,MIO_EUR,MT,2017,65.37,
ESTAT:SPR_EXP_FDI(1.0),14/10/22 23:00:00,A,SPBENEFNOREROUTE,TOTAL,MIO_EUR,MT,2018,75.87,
ESTAT:SPR_EXP_FDI(1.0),14/10/22 23:00:00,A,SPBENEFNOREROUTE,TOTAL,MIO_EUR,MT,2019,77.40,
ESTAT:SPR_EXP_FDI(1.0),14/10/22 23:00:00,A,SPBENEFNOREROUTE,TOTAL,MIO_EUR,MT,2020,83.10,
ESTAT:SPR_EXP_FDI(1.0),14/10/22 23:00:00,A,SPBENEFNOREROUTE,TOTAL,MIO_EUR,NL,2006,12521.00,
ESTAT:SPR_EXP_FDI(1.0),14/10/22 23:00:00,A,SPBENEFNOREROUTE,TOTAL,MIO_EUR,NL,2007,13784.00,
ESTAT:SPR_EXP_FDI(1.0),14/10/22 23:00:00,A,SPBENEFNOREROUTE,TOTAL,MIO_EUR,NL,2008,14196.00,
ESTAT:SPR_EXP_FDI(1.0),14/10/22 23:00:00,A,SPBENEFNOREROUTE,TOTAL,MIO_EUR,NL,2009,14740.00,
ESTAT:SPR_EXP_FDI(1.0),14/10/22 23:00:00,A,SPBENEFNOREROUTE,TOTAL,MIO_EUR,NL,2010,14949.00,
ESTAT:SPR_EXP_FDI(1.0),14/10/22 23:00:00,A,SPBENEFNOREROUTE,TOTAL,MIO_EUR,NL,2011,14981.00,
ESTAT:SPR_EXP_FDI(1.0),14/10/22 23:00:00,A,SPBENEFNOREROUTE,TOTAL,MIO_EUR,NL,2012,14822.00,
ESTAT:SPR_EXP_FDI(1.0),14/10/22 23:00:00,A,SPBENEFNOREROUTE,TOTAL,MIO_EUR,NL,2013,14956.00,
ESTAT:SPR_EXP_FDI(1.0),14/10/22 23:00:00,A,SPBENEFNOREROUTE,TOTAL,MIO_EUR,NL,2014,14740.00,
ESTAT:SPR_EXP_FDI(1.0),14/10/22 23:00:00,A,SPBENEFNOREROUTE,TOTAL,MIO_EUR,NL,2015,18455.00,
ESTAT:SPR_EXP_FDI(1.0),14/10/22 23:00:00,A,SPBENEFNOREROUTE,TOTAL,MIO_EUR,NL,2016,18621.00,
ESTAT:SPR_EXP_FDI(1.0),14/10/22 23:00:00,A,SPBENEFNOREROUTE,TOTAL,MIO_EUR,NL,2017,18661.00,
ESTAT:SPR_EXP_FDI(1.0),14/10/22 23:00:00,A,SPBENEFNOREROUTE,TOTAL,MIO_EUR,NL,2018,19367.00,
ESTAT:SPR_EXP_FDI(1.0),14/10/22 23:00:00,A,SPBENEFNOREROUTE,TOTAL,MIO_EUR,NL,2019,20337.00,
ESTAT:SPR_EXP_FDI(1.0),14/10/22 23:00:00,A,SPBENEFNOREROUTE,TOTAL,MIO_EUR,NO,2006,11199.18,
ESTAT:SPR_EXP_FDI(1.0),14/10/22 23:00:00,A,SPBENEFNOREROUTE,TOTAL,MIO_EUR,NO,2007,11837.04,
ESTAT:SPR_EXP_FDI(1.0),14/10/22 23:00:00,A,SPBENEFNOREROUTE,TOTAL,MIO_EUR,NO,2008,11887.05,
ESTAT:SPR_EXP_FDI(1.0),14/10/22 23:00:00,A,SPBENEFNOREROUTE,TOTAL,MIO_EUR,NO,2009,11939.21,
ESTAT:SPR_EXP_FDI(1.0),14/10/22 23:00:00,A,SPBENEFNOREROUTE,TOTAL,MIO_EUR,NO,2010,13868.80,
ESTAT:SPR_EXP_FDI(1.0),14/10/22 23:00:00,A,SPBENEFNOREROUTE,TOTAL,MIO_EUR,NO,2011,15061.66,
ESTAT:SPR_EXP_FDI(1.0),14/10/22 23:00:00,A,SPBENEFNOREROUTE,TOTAL,MIO_EUR,NO,2012,16264.51,
ESTAT:SPR_EXP_FDI(1.0),14/10/22 23:00:00,A,SPBENEFNOREROUTE,TOTAL,MIO_EUR,NO,2013,16072.16,
ESTAT:SPR_EXP_FDI(1.0),14/10/22 23:00:00,A,SPBENEFNOREROUTE,TOTAL,MIO_EUR,NO,2014,15423.50,
ESTAT:SPR_EXP_FDI(1.0),14/10/22 23:00:00,A,SPBENEFNOREROUTE,TOTAL,MIO_EUR,NO,2015,15749.20,
ESTAT:SPR_EXP_FDI(1.0),14/10/22 23:00:00,A,SPBENEFNOREROUTE,TOTAL,MIO_EUR,NO,2016,15633.26,
ESTAT:SPR_EXP_FDI(1.0),14/10/22 23:00:00,A,SPBENEFNOREROUTE,TOTAL,MIO_EUR,NO,2017,16031.71,
ESTAT:SPR_EXP_FDI(1.0),14/10/22 23:00:00,A,SPBENEFNOREROUTE,TOTAL,MIO_EUR,NO,2018,15997.63,
ESTAT:SPR_EXP_FDI(1.0),14/10/22 23:00:00,A,SPBENEFNOREROUTE,TOTAL,MIO_EUR,NO,2019,16091.18,
ESTAT:SPR_EXP_FDI(1.0),14/10/22 23:00:00,A,SPBENEFNOREROUTE,TOTAL,MIO_EUR,PL,2006,5647.33,p
ESTAT:SPR_EXP_FDI(1.0),14/10/22 23:00:00,A,SPBENEFNOREROUTE,TOTAL,MIO_EUR,PL,2007,5693.46,p
ESTAT:SPR_EXP_FDI(1.0),14/10/22 23:00:00,A,SPBENEFNOREROUTE,TOTAL,MIO_EUR,PL,2008,6308.55,p
ESTAT:SPR_EXP_FDI(1.0),14/10/22 23:00:00,A,SPBENEFNOREROUTE,TOTAL,MIO_EUR,PL,2009,5118.91,p
ESTAT:SPR_EXP_FDI(1.0),14/10/22 23:00:00,A,SPBENEFNOREROUTE,TOTAL,MIO_EUR,PL,2010,6021.59,p
ESTAT:SPR_EXP_FDI(1.0),14/10/22 23:00:00,A,SPBENEFNOREROUTE,TOTAL,MIO_EUR,PL,2011,6151.79,
ESTAT:SPR_EXP_FDI(1.0),14/10/22 23:00:00,A,SPBENEFNOREROUTE,TOTAL,MIO_EUR,PL,2012,6139.75,
ESTAT:SPR_EXP_FDI(1.0),14/10/22 23:00:00,A,SPBENEFNOREROUTE,TOTAL,MIO_EUR,PL,2013,6156.85,
ESTAT:SPR_EXP_FDI(1.0),14/10/22 23:00:00,A,SPBENEFNOREROUTE,TOTAL,MIO_EUR,PL,2014,6371.58,
ESTAT:SPR_EXP_FDI(1.0),14/10/22 23:00:00,A,SPBENEFNOREROUTE,TOTAL,MIO_EUR,PL,2015,6341.97,
ESTAT:SPR_EXP_FDI(1.0),14/10/22 23:00:00,A,SPBENEFNOREROUTE,TOTAL,MIO_EUR,PL,2016,6582.64,
ESTAT:SPR_EXP_FDI(1.0),14/10/22 23:00:00,A,SPBENEFNOREROUTE,TOTAL,MIO_EUR,PL,2017,6684.34,
ESTAT:SPR_EXP_FDI(1.0),14/10/22 23:00:00,A,SPBENEFNOREROUTE,TOTAL,MIO_EUR,PL,2018,6506.99,
ESTAT:SPR_EXP_FDI(1.0),14/10/22 23:00:00,A,SPBENEFNOREROUTE,TOTAL,MIO_EUR,PL,2019,6294.58,
ESTAT:SPR_EXP_FDI(1.0),14/10/22 23:00:00,A,SPBENEFNOREROUTE,TOTAL,MIO_EUR,PT,2006,3663.26,
ESTAT:SPR_EXP_FDI(1.0),14/10/22 23:00:00,A,SPBENEFNOREROUTE,TOTAL,MIO_EUR,PT,2007,3819.29,
ESTAT:SPR_EXP_FDI(1.0),14/10/22 23:00:00,A,SPBENEFNOREROUTE,TOTAL,MIO_EUR,PT,2008,3686.70,
ESTAT:SPR_EXP_FDI(1.0),14/10/22 23:00:00,A,SPBENEFNOREROUTE,TOTAL,MIO_EUR,PT,2009,3593.26,
ESTAT:SPR_EXP_FDI(1.0),14/10/22 23:00:00,A,SPBENEFNOREROUTE,TOTAL,MIO_EUR,PT,2010,3582.84,
ESTAT:SPR_EXP_FDI(1.0),14/10/22 23:00:00,A,SPBENEFNOREROUTE,TOTAL,MIO_EUR,PT,2011,3523.03,
ESTAT:SPR_EXP_FDI(1.0),14/10/22 23:00:00,A,SPBENEFNOREROUTE,TOTAL,MIO_EUR,PT,2012,3108.21,
ESTAT:SPR_EXP_FDI(1.0),14/10/22 23:00:00,A,SPBENEFNOREROUTE,TOTAL,MIO_EUR,PT,2013,3406.90,
ESTAT:SPR_EXP_FDI(1.0),14/10/22 23:00:00,A,SPBENEFNOREROUTE,TOTAL,MIO_EUR,PT,2014,3253.59,
ESTAT:SPR_EXP_FDI(1.0),14/10/22 23:00:00,A,SPBENEFNOREROUTE,TOTAL,MIO_EUR,PT,2015,3262.03,
ESTAT:SPR_EXP_FDI(1.0),14/10/22 23:00:00,A,SPBENEFNOREROUTE,TOTAL,MIO_EUR,PT,2016,3233.14,
ESTAT:SPR_EXP_FDI(1.0),14/10/22 23:00:00,A,SPBENEFNOREROUTE,TOTAL,MIO_EUR,PT,2017,3284.73,
ESTAT:SPR_EXP_FDI(1.0),14/10/22 23:00:00,A,SPBENEFNOREROUTE,TOTAL,MIO_EUR,PT,2018,3331.66,
ESTAT:SPR_EXP_FDI(1.0),14/10/22 23:00:00,A,SPBENEFNOREROUTE,TOTAL,MIO_EUR,PT,2019,3571.34,
ESTAT:SPR_EXP_FDI(1.0),14/10/22 23:00:00,A,SPBENEFNOREROUTE,TOTAL,MIO_EUR,PT,2020,3580.93,
ESTAT:SPR_EXP_FDI(1.0),14/10/22 23:00:00,A,SPBENEFNOREROUTE,TOTAL,MIO_EUR,RO,2006,1060.66,
ESTAT:SPR_EXP_FDI(1.0),14/10/22 23:00:00,A,SPBENEFNOREROUTE,TOTAL,MIO_EUR,RO,2007,1579.95,
ESTAT:SPR_EXP_FDI(1.0),14/10/22 23:00:00,A,SPBENEFNOREROUTE,TOTAL,MIO_EUR,RO,2008,1939.17,
ESTAT:SPR_EXP_FDI(1.0),14/10/22 23:00:00,A,SPBENEFNOREROUTE,TOTAL,MIO_EUR,RO,2009,1918.04,
ESTAT:SPR_EXP_FDI(1.0),14/10/22 23:00:00,A,SPBENEFNOREROUTE,TOTAL,MIO_EUR,RO,2010,1977.41,
ESTAT:SPR_EXP_FDI(1.0),14/10/22 23:00:00,A,SPBENEFNOREROUTE,TOTAL,MIO_EUR,RO,2011,1917.24,
ESTAT:SPR_EXP_FDI(1.0),14/10/22 23:00:00,A,SPBENEFNOREROUTE,TOTAL,MIO_EUR,RO,2012,1655.77,
ESTAT:SPR_EXP_FDI(1.0),14/10/22 23:00:00,A,SPBENEFNOREROUTE,TOTAL,MIO_EUR,RO,2013,1634.40,
ESTAT:SPR_EXP_FDI(1.0),14/10/22 23:00:00,A,SPBENEFNOREROUTE,TOTAL,MIO_EUR,RO,2014,1616.80,
ESTAT:SPR_EXP_FDI(1.0),14/10/22 23:00:00,A,SPBENEFNOREROUTE,TOTAL,MIO_EUR,RO,2015,1688.91,
ESTAT:SPR_EXP_FDI(1.0),14/10/22 23:00:00,A,SPBENEFNOREROUTE,TOTAL,MIO_EUR,RO,2016,1681.32,
ESTAT:SPR_EXP_FDI(1.0),14/10/22 23:00:00,A,SPBENEFNOREROUTE,TOTAL,MIO_EUR,RO,2017,1697.30,
ESTAT:SPR_EXP_FDI(1.0),14/10/22 23:00:00,A,SPBENEFNOREROUTE,TOTAL,MIO_EUR,RO,2018,1868.99,
ESTAT:SPR_EXP_FDI(1.0),14/10/22 23:00:00,A,SPBENEFNOREROUTE,TOTAL,MIO_EUR,RO,2019,1979.35,
ESTAT:SPR_EXP_FDI(1.0),14/10/22 23:00:00,A,SPBENEFNOREROUTE,TOTAL,MIO_EUR,RS,2008,743.12,
ESTAT:SPR_EXP_FDI(1.0),14/10/22 23:00:00,A,SPBENEFNOREROUTE,TOTAL,MIO_EUR,RS,2009,679.77,
ESTAT:SPR_EXP_FDI(1.0),14/10/22 23:00:00,A,SPBENEFNOREROUTE,TOTAL,MIO_EUR,RS,2010,650.21,
ESTAT:SPR_EXP_FDI(1.0),14/10/22 23:00:00,A,SPBENEFNOREROUTE,TOTAL,MIO_EUR,RS,2011,658.73,
ESTAT:SPR_EXP_FDI(1.0),14/10/22 23:00:00,A,SPBENEFNOREROUTE,TOTAL,MIO_EUR,RS,2012,607.16,
ESTAT:SPR_EXP_FDI(1.0),14/10/22 23:00:00,A,SPBENEFNOREROUTE,TOTAL,MIO_EUR,RS,2013,599.60,
ESTAT:SPR_EXP_FDI(1.0),14/10/22 23:00:00,A,SPBENEFNOREROUTE,TOTAL,MIO_EUR,RS,2014,588.57,
ESTAT:SPR_EXP_FDI(1.0),14/10/22 23:00:00,A,SPBENEFNOREROUTE,TOTAL,MIO_EUR,RS,2015,472.91,
ESTAT:SPR_EXP_FDI(1.0),14/10/22 23:00:00,A,SPBENEFNOREROUTE,TOTAL,MIO_EUR,RS,2016,453.26,
ESTAT:SPR_EXP_FDI(1.0),14/10/22 23:00:00,A,SPBENEFNOREROUTE,TOTAL,MIO_EUR,RS,2017,457.42,
ESTAT:SPR_EXP_FDI(1.0),14/10/22 23:00:00,A,SPBENEFNOREROUTE,TOTAL,MIO_EUR,RS,2018,451.75,
ESTAT:SPR_EXP_FDI(1.0),14/10/22 23:00:00,A,SPBENEFNOREROUTE,TOTAL,MIO_EUR,RS,2019,477.17,
ESTAT:SPR_EXP_FDI(1.0),14/10/22 23:00:00,A,SPBENEFNOREROUTE,TOTAL,MIO_EUR,SE,2006,14017.87,
ESTAT:SPR_EXP_FDI(1.0),14/10/22 23:00:00,A,SPBENEFNOREROUTE,TOTAL,MIO_EUR,SE,2007,14438.33,
ESTAT:SPR_EXP_FDI(1.0),14/10/22 23:00:00,A,SPBENEFNOREROUTE,TOTAL,MIO_EUR,SE,2008,14091.13,
ESTAT:SPR_EXP_FDI(1.0),14/10/22 23:00:00,A,SPBENEFNOREROUTE,TOTAL,MIO_EUR,SE,2009,12876.51,
ESTAT:SPR_EXP_FDI(1.0),14/10/22 23:00:00,A,SPBENEFNOREROUTE,TOTAL,MIO_EUR,SE,2010,13856.02,
ESTAT:SPR_EXP_FDI(1.0),14/10/22 23:00:00,A,SPBENEFNOREROUTE,TOTAL,MIO_EUR,SE,2011,14452.37,
ESTAT:SPR_EXP_FDI(1.0),14/10/22 23:00:00,A,SPBENEFNOREROUTE,TOTAL,MIO_EUR,SE,2012,14103.93,
ESTAT:SPR_EXP_FDI(1.0),14/10/22 23:00:00,A,SPBENEFNOREROUTE,TOTAL,MIO_EUR,SE,2013,14500.26,
ESTAT:SPR_EXP_FDI(1.0),14/10/22 23:00:00,A,SPBENEFNOREROUTE,TOTAL,MIO_EUR,SE,2014,13808.87,
ESTAT:SPR_EXP_FDI(1.0),14/10/22 23:00:00,A,SPBENEFNOREROUTE,TOTAL,MIO_EUR,SE,2015,13771.64,
ESTAT:SPR_EXP_FDI(1.0),14/10/22 23:00:00,A,SPBENEFNOREROUTE,TOTAL,MIO_EUR,SE,2016,13432.71,
ESTAT:SPR_EXP_FDI(1.0),14/10/22 23:00:00,A,SPBENEFNOREROUTE,TOTAL,MIO_EUR,SE,2017,13455.39,
ESTAT:SPR_EXP_FDI(1.0),14/10/22 23:00:00,A,SPBENEFNOREROUTE,TOTAL,MIO_EUR,SE,2018,12982.56,
ESTAT:SPR_EXP_FDI(1.0),14/10/22 23:00:00,A,SPBENEFNOREROUTE,TOTAL,MIO_EUR,SE,2019,12552.06,
ESTAT:SPR_EXP_FDI(1.0),14/10/22 23:00:00,A,SPBENEFNOREROUTE,TOTAL,MIO_EUR,SE,2020,12596.23,p
ESTAT:SPR_EXP_FDI(1.0),14/10/22 23:00:00,A,SPBENEFNOREROUTE,TOTAL,MIO_EUR,SI,2006,583.04,
ESTAT:SPR_EXP_FDI(1.0),14/10/22 23:00:00,A,SPBENEFNOREROUTE,TOTAL,MIO_EUR,SI,2007,585.19,
ESTAT:SPR_EXP_FDI(1.0),14/10/22 23:00:00,A,SPBENEFNOREROUTE,TOTAL,MIO_EUR,SI,2008,612.43,
ESTAT:SPR_EXP_FDI(1.0),14/10/22 23:00:00,A,SPBENEFNOREROUTE,TOTAL,MIO_EUR,SI,2009,625.12,
ESTAT:SPR_EXP_FDI(1.0),14/10/22 23:00:00,A,SPBENEFNOREROUTE,TOTAL,MIO_EUR,SI,2010,623.73,
ESTAT:SPR_EXP_FDI(1.0),14/10/22 23:00:00,A,SPBENEFNOREROUTE,TOTAL,MIO_EUR,SI,2011,614.22,
ESTAT:SPR_EXP_FDI(1.0),14/10/22 23:00:00,A,SPBENEFNOREROUTE,TOTAL,MIO_EUR,SI,2012,563.50,
ESTAT:SPR_EXP_FDI(1.0),14/10/22 23:00:00,A,SPBENEFNOREROUTE,TOTAL,MIO_EUR,SI,2013,553.74,
ESTAT:SPR_EXP_FDI(1.0),14/10/22 23:00:00,A,SPBENEFNOREROUTE,TOTAL,MIO_EUR,SI,2014,541.31,
ESTAT:SPR_EXP_FDI(1.0),14/10/22 23:00:00,A,SPBENEFNOREROUTE,TOTAL,MIO_EUR,SI,2015,520.34,
ESTAT:SPR_EXP_FDI(1.0),14/10/22 23:00:00,A,SPBENEFNOREROUTE,TOTAL,MIO_EUR,SI,2016,494.28,
ESTAT:SPR_EXP_FDI(1.0),14/10/22 23:00:00,A,SPBENEFNOREROUTE,TOTAL,MIO_EUR,SI,2017,458.60,
ESTAT:SPR_EXP_FDI(1.0),14/10/22 23:00:00,A,SPBENEFNOREROUTE,TOTAL,MIO_EUR,SI,2018,461.04,
ESTAT:SPR_EXP_FDI(1.0),14/10/22 23:00:00,A,SPBENEFNOREROUTE,TOTAL,MIO_EUR,SI,2019,516.53,p
ESTAT:SPR_EXP_FDI(1.0),14/10/22 23:00:00,A,SPBENEFNOREROUTE,TOTAL,MIO_EUR,SK,2006,595.76,
ESTAT:SPR_EXP_FDI(1.0),14/10/22 23:00:00,A,SPBENEFNOREROUTE,TOTAL,MIO_EUR,SK,2007,720.33,
ESTAT:SPR_EXP_FDI(1.0),14/10/22 23:00:00,A,SPBENEFNOREROUTE,TOTAL,MIO_EUR,SK,2008,903.82,
ESTAT:SPR_EXP_FDI(1.0),14/10/22 23:00:00,A,SPBENEFNOREROUTE,TOTAL,MIO_EUR,SK,2009,972.85,
ESTAT:SPR_EXP_FDI(1.0),14/10/22 23:00:00,A,SPBENEFNOREROUTE,TOTAL,MIO_EUR,SK,2010,1035.19,
ESTAT:SPR_EXP_FDI(1.0),14/10/22 23:00:00,A,SPBENEFNOREROUTE,TOTAL,MIO_EUR,SK,2011,1082.98,
ESTAT:SPR_EXP_FDI(1.0),14/10/22 23:00:00,A,SPBENEFNOREROUTE,TOTAL,MIO_EUR,SK,2012,1140.88,
ESTAT:SPR_EXP_FDI(1.0),14/10/22 23:00:00,A,SPBENEFNOREROUTE,TOTAL,MIO_EUR,SK,2013,1187.10,
ESTAT:SPR_EXP_FDI(1.0),14/10/22 23:00:00,A,SPBENEFNOREROUTE,TOTAL,MIO_EUR,SK,2014,1230.86,
ESTAT:SPR_EXP_FDI(1.0),14/10/22 23:00:00,A,SPBENEFNOREROUTE,TOTAL,MIO_EUR,SK,2015,1236.64,
ESTAT:SPR_EXP_FDI(1.0),14/10/22 23:00:00,A,SPBENEFNOREROUTE,TOTAL,MIO_EUR,SK,2016,1278.95,
ESTAT:SPR_EXP_FDI(1.0),14/10/22 23:00:00,A,SPBENEFNOREROUTE,TOTAL,MIO_EUR,SK,2017,1314.92,
ESTAT:SPR_EXP_FDI(1.0),14/10/22 23:00:00,A,SPBENEFNOREROUTE,TOTAL,MIO_EUR,SK,2018,1330.36,
ESTAT:SPR_EXP_FDI(1.0),14/10/22 23:00:00,A,SPBENEFNOREROUTE,TOTAL,MIO_EUR,SK,2019,1370.54,
ESTAT:SPR_EXP_FDI(1.0),14/10/22 23:00:00,A,SPBENEFNOREROUTE,TOTAL,MIO_EUR,SK,2020,1477.91,
ESTAT:SPR_EXP_FDI(1.0),14/10/22 23:00:00,A,SPBENEFNOREROUTE,TOTAL,MIO_EUR,TR,2006,958.07,
ESTAT:SPR_EXP_FDI(1.0),14/10/22 23:00:00,A,SPBENEFNOREROUTE,TOTAL,MIO_EUR,TR,2007,1276.52,
ESTAT:SPR_EXP_FDI(1.0),14/10/22 23:00:00,A,SPBENEFNOREROUTE,TOTAL,MIO_EUR,TR,2008,1314.74,b
ESTAT:SPR_EXP_FDI(1.0),14/10/22 23:00:00,A,SPBENEFNOREROUTE,TOTAL,MIO_EUR,TR,2009,1635.78,
ESTAT:SPR_EXP_FDI(1.0),14/10/22 23:00:00,A,SPBENEFNOREROUTE,TOTAL,MIO_EUR,TR,2010,2143.51,
ESTAT:SPR_EXP_FDI(1.0),14/10/22 23:00:00,A,SPBENEFNOREROUTE,TOTAL,MIO_EUR,TR,2011,2418.37,
ESTAT:SPR_EXP_FDI(1.0),14/10/22 23:00:00,A,SPBENEFNOREROUTE,TOTAL,MIO_EUR,TR,2012,3040.64,b
ESTAT:SPR_EXP_FDI(1.0),14/10/22 23:00:00,A,SPBENEFNOREROUTE,TOTAL,MIO_EUR,TR,2013,3192.26,
ESTAT:SPR_EXP_FDI(1.0),14/10/22 23:00:00,A,SPBENEFNOREROUTE,TOTAL,MIO_EUR,TR,2014,3182.92,
ESTAT:SPR_EXP_FDI(1.0),14/10/22 23:00:00,A,SPBENEFNOREROUTE,TOTAL,MIO_EUR,TR,2015,3346.15,
ESTAT:SPR_EXP_FDI(1.0),14/10/22 23:00:00,A,SPBENEFNOREROUTE,TOTAL,MIO_EUR,TR,2016,3583.99,
ESTAT:SPR_EXP_FDI(1.0),14/10/22 23:00:00,A,SPBENEFNOREROUTE,TOTAL,MIO_EUR,TR,2017,3231.77,
ESTAT:SPR_EXP_FDI(1.0),14/10/22 23:00:00,A,SPBENEFNOREROUTE,TOTAL,MIO_EUR,TR,2018,2600.06,
ESTAT:SPR_EXP_FDI(1.0),14/10/22 23:00:00,A,SPBENEFNOREROUTE,TOTAL,MIO_EUR,TR,2019,2862.57,
ESTAT:SPR_EXP_FDI(1.0),14/10/22 23:00:00,A,SPBENEFNOREROUTE,TOTAL,MIO_EUR,TR,2020,2595.46,
ESTAT:SPR_EXP_FDI(1.0),14/10/22 23:00:00,A,SPBENEFNOREROUTE,TOTAL,MIO_EUR,UK,2006,47145.23,
ESTAT:SPR_EXP_FDI(1.0),14/10/22 23:00:00,A,SPBENEFNOREROUTE,TOTAL,MIO_EUR,UK,2007,40105.19,
ESTAT:SPR_EXP_FDI(1.0),14/10/22 23:00:00,A,SPBENEFNOREROUTE,TOTAL,MIO_EUR,UK,2008,36244.56,
ESTAT:SPR_EXP_FDI(1.0),14/10/22 23:00:00,A,SPBENEFNOREROUTE,TOTAL,MIO_EUR,UK,2009,33767.47,
ESTAT:SPR_EXP_FDI(1.0),14/10/22 23:00:00,A,SPBENEFNOREROUTE,TOTAL,MIO_EUR,UK,2010,35811.15,
ESTAT:SPR_EXP_FDI(1.0),14/10/22 23:00:00,A,SPBENEFNOREROUTE,TOTAL,MIO_EUR,UK,2011,35758.65,
ESTAT:SPR_EXP_FDI(1.0),14/10/22 23:00:00,A,SPBENEFNOREROUTE,TOTAL,MIO_EUR,UK,2012,37442.19,
ESTAT:SPR_EXP_FDI(1.0),14/10/22 23:00:00,A,SPBENEFNOREROUTE,TOTAL,MIO_EUR,UK,2013,33875.55,
ESTAT:SPR_EXP_FDI(1.0),14/10/22 23:00:00,A,SPBENEFNOREROUTE,TOTAL,MIO_EUR,UK,2014,36862.30,
ESTAT:SPR_EXP_FDI(1.0),14/10/22 23:00:00,A,SPBENEFNOREROUTE,TOTAL,MIO_EUR,UK,2015,43956.62,
ESTAT:SPR_EXP_FDI(1.0),14/10/22 23:00:00,A,SPBENEFNOREROUTE,TOTAL,MIO_EUR,UK,2016,41340.72,
ESTAT:SPR_EXP_FDI(1.0),14/10/22 23:00:00,A,SPBENEFNOREROUTE,TOTAL,MIO_EUR,UK,2017,41187.32,
ESTAT:SPR_EXP_FDI(1.0),14/10/22 23:00:00,A,SPBENEFNOREROUTE,TOTAL,MIO_EUR,UK,2018,39304.78,p
