unit,hlth_pb,age,sex,time\geo,i,v
PC,PB1040,TOTAL,F,2011,EU28 ,12.0 
PC,PB1040,TOTAL,F,2011,BE ,11.4 
PC,PB1040,TOTAL,F,2011,BG ,13.6 u
PC,PB1040,TOTAL,F,2011,CZ ,17.1 
PC,PB1040,TOTAL,F,2011,DK ,10.4 
PC,PB1040,TOTAL,F,2011,DE ,12.0 
PC,PB1040,TOTAL,F,2011,EE ,14.6 
PC,PB1040,TOTAL,F,2011,IE ,16.0 
PC,PB1040,TOTAL,F,2011,EL ,16.2 
PC,PB1040,TOTAL,F,2011,ES ,23.1 
PC,PB1040,TOTAL,F,2011,FR ,13.8 
PC,PB1040,TOTAL,F,2011,HR ,15.5 u
PC,PB1040,TOTAL,F,2011,IT ,7.5 
PC,PB1040,TOTAL,F,2011,CY ,10.3 u
PC,PB1040,TOTAL,F,2011,LV ,14.0 
PC,PB1040,TOTAL,F,2011,LT ,21.6 
PC,PB1040,TOTAL,F,2011,LU ,6.1 
PC,PB1040,TOTAL,F,2011,HU ,18.6 
PC,PB1040,TOTAL,F,2011,NL ,7 u
PC,PB1040,TOTAL,F,2011,AT ,5.9 
PC,PB1040,TOTAL,F,2011,PL ,11.0 
PC,PB1040,TOTAL,F,2011,PT ,14.6 
PC,PB1040,TOTAL,F,2011,RO ,6.7 
PC,PB1040,TOTAL,F,2011,SI ,9 u
PC,PB1040,TOTAL,F,2011,SK ,18.6 
PC,PB1040,TOTAL,F,2011,FI ,7.6 
PC,PB1040,TOTAL,F,2011,SE ,9.3 
PC,PB1040,TOTAL,F,2011,IS ,7.8 
PC,PB1040,TOTAL,F,2011,CH ,6.1 
PC,PB1040,TOTAL,F,2011,UK ,9.3 
PC,PB1040,TOTAL,F,2011,TR ,6.5 
PC,PB1040,TOTAL,M,2011,EU28 ,12.2 
PC,PB1040,TOTAL,M,2011,BE ,9.0 
PC,PB1040,TOTAL,M,2011,BG ,15.1 u
PC,PB1040,TOTAL,M,2011,CZ ,14.5 
PC,PB1040,TOTAL,M,2011,DK ,11.3 
PC,PB1040,TOTAL,M,2011,DE ,12.4 
PC,PB1040,TOTAL,M,2011,EE ,23.2 
PC,PB1040,TOTAL,M,2011,IE ,19.5 
PC,PB1040,TOTAL,M,2011,EL ,13.3 
PC,PB1040,TOTAL,M,2011,ES ,23.6 
PC,PB1040,TOTAL,M,2011,FR ,10.5 
PC,PB1040,TOTAL,M,2011,HR ,16.9 u
PC,PB1040,TOTAL,M,2011,IT ,8.6 
PC,PB1040,TOTAL,M,2011,CY ,10.1 u
PC,PB1040,TOTAL,M,2011,LV ,22.4 
PC,PB1040,TOTAL,M,2011,LT ,26.5 
PC,PB1040,TOTAL,M,2011,LU ,3.6 u
PC,PB1040,TOTAL,M,2011,HU ,20.2 
PC,PB1040,TOTAL,M,2011,NL ,10.4 u
PC,PB1040,TOTAL,M,2011,AT ,6.1 
PC,PB1040,TOTAL,M,2011,PL ,12.0 
PC,PB1040,TOTAL,M,2011,PT ,14.2 
PC,PB1040,TOTAL,M,2011,RO ,9.6 
PC,PB1040,TOTAL,M,2011,SI ,10.7 u
PC,PB1040,TOTAL,M,2011,SK ,19.4 
PC,PB1040,TOTAL,M,2011,FI ,10.8 
PC,PB1040,TOTAL,M,2011,SE ,9.9 
PC,PB1040,TOTAL,M,2011,IS ,12.2 
PC,PB1040,TOTAL,M,2011,CH ,6.1 
PC,PB1040,TOTAL,M,2011,UK ,12.0 
PC,PB1040,TOTAL,M,2011,TR ,8.1 
PC,PB1040,TOTAL,T,2011,EU28 ,12.1 
PC,PB1040,TOTAL,T,2011,BE ,10.1 
PC,PB1040,TOTAL,T,2011,BG ,14.3 
PC,PB1040,TOTAL,T,2011,CZ ,15.7 
PC,PB1040,TOTAL,T,2011,DK ,10.8 
PC,PB1040,TOTAL,T,2011,DE ,12.2 
PC,PB1040,TOTAL,T,2011,EE ,18.4 
PC,PB1040,TOTAL,T,2011,IE ,17.9 
PC,PB1040,TOTAL,T,2011,EL ,14.6 
PC,PB1040,TOTAL,T,2011,ES ,23.3 
PC,PB1040,TOTAL,T,2011,FR ,12.3 
PC,PB1040,TOTAL,T,2011,HR ,16.3 u
PC,PB1040,TOTAL,T,2011,IT ,8.1 
PC,PB1040,TOTAL,T,2011,CY ,10.2 
PC,PB1040,TOTAL,T,2011,LV ,17.5 
PC,PB1040,TOTAL,T,2011,LT ,23.6 
PC,PB1040,TOTAL,T,2011,LU ,4.9 
PC,PB1040,TOTAL,T,2011,HU ,19.4 
PC,PB1040,TOTAL,T,2011,NL ,8.6 
PC,PB1040,TOTAL,T,2011,AT ,6.0 
PC,PB1040,TOTAL,T,2011,PL ,11.5 
PC,PB1040,TOTAL,T,2011,PT ,14.4 
PC,PB1040,TOTAL,T,2011,RO ,8.1 
PC,PB1040,TOTAL,T,2011,SI ,9.9 
PC,PB1040,TOTAL,T,2011,SK ,19.0 
PC,PB1040,TOTAL,T,2011,FI ,9.1 
PC,PB1040,TOTAL,T,2011,SE ,9.6 
PC,PB1040,TOTAL,T,2011,IS ,9.8 
PC,PB1040,TOTAL,T,2011,CH ,6.1 
PC,PB1040,TOTAL,T,2011,UK ,10.6 
PC,PB1040,TOTAL,T,2011,TR ,7.5 
PC,PB1040,Y15-24,F,2011,EU28 ,21.9 
PC,PB1040,Y15-24,F,2011,ES ,38.5 u
PC,PB1040,Y15-24,F,2011,IT ,48.7 u
PC,PB1040,Y15-24,F,2011,NL ,14.7 u
PC,PB1040,Y15-24,F,2011,FI ,33.4 u
PC,PB1040,Y15-24,F,2011,SE ,28.3 
PC,PB1040,Y15-24,F,2011,CH ,7.8 u
PC,PB1040,Y15-24,F,2011,UK ,23.1 
PC,PB1040,Y15-24,F,2011,TR ,14.8 
PC,PB1040,Y15-24,M,2011,EU28 ,25.5 
PC,PB1040,Y15-24,M,2011,CZ ,37.9 u
PC,PB1040,Y15-24,M,2011,IE ,53.1 
PC,PB1040,Y15-24,M,2011,ES ,51.7 
PC,PB1040,Y15-24,M,2011,NL ,13.4 u
PC,PB1040,Y15-24,M,2011,PL ,31 u
PC,PB1040,Y15-24,M,2011,FI ,36.1 
PC,PB1040,Y15-24,M,2011,SE ,33.3 
PC,PB1040,Y15-24,M,2011,CH ,11.2 u
PC,PB1040,Y15-24,M,2011,UK ,32.2 
PC,PB1040,Y15-24,M,2011,TR ,14.2 
PC,PB1040,Y15-24,T,2011,EU28 ,23.7 
PC,PB1040,Y15-24,T,2011,BE ,19.6 u
PC,PB1040,Y15-24,T,2011,CZ ,32.5 u
PC,PB1040,Y15-24,T,2011,DK ,16.4 u
PC,PB1040,Y15-24,T,2011,IE ,50.9 
PC,PB1040,Y15-24,T,2011,ES ,45.3 
PC,PB1040,Y15-24,T,2011,FR ,26.5 u
PC,PB1040,Y15-24,T,2011,IT ,39.0 
PC,PB1040,Y15-24,T,2011,NL ,14.1 u
PC,PB1040,Y15-24,T,2011,PL ,30.7 u
PC,PB1040,Y15-24,T,2011,FI ,35.0 
PC,PB1040,Y15-24,T,2011,SE ,30.3 
PC,PB1040,Y15-24,T,2011,IS ,22.1 
PC,PB1040,Y15-24,T,2011,CH ,9.4 
PC,PB1040,Y15-24,T,2011,UK ,27.2 
PC,PB1040,Y15-24,T,2011,TR ,14.4 
PC,PB1040,Y25-34,F,2011,EU28 ,17.0 
PC,PB1040,Y25-34,F,2011,BE ,18.1 u
PC,PB1040,Y25-34,F,2011,CZ ,26.7 u
PC,PB1040,Y25-34,F,2011,EL ,35.2 u
PC,PB1040,Y25-34,F,2011,ES ,20.5 
PC,PB1040,Y25-34,F,2011,FR ,22.3 u
PC,PB1040,Y25-34,F,2011,IT ,13.7 
PC,PB1040,Y25-34,F,2011,NL ,5.9 u
PC,PB1040,Y25-34,F,2011,PL ,10.9 u
PC,PB1040,Y25-34,F,2011,PT ,19.4 
PC,PB1040,Y25-34,F,2011,FI ,7 u
PC,PB1040,Y25-34,F,2011,SE ,13.1 
PC,PB1040,Y25-34,F,2011,CH ,4.7 u
PC,PB1040,Y25-34,F,2011,UK ,12.5 
PC,PB1040,Y25-34,F,2011,TR ,14.0 
PC,PB1040,Y25-34,M,2011,EU28 ,13.9 
PC,PB1040,Y25-34,M,2011,BE ,15.1 u
PC,PB1040,Y25-34,M,2011,CZ ,17.2 u
PC,PB1040,Y25-34,M,2011,ES ,37.1 
PC,PB1040,Y25-34,M,2011,IT ,10.7 
PC,PB1040,Y25-34,M,2011,NL ,21.2 u
PC,PB1040,Y25-34,M,2011,PL ,12.5 u
PC,PB1040,Y25-34,M,2011,SI ,14.2 u
PC,PB1040,Y25-34,M,2011,SK ,47 u
PC,PB1040,Y25-34,M,2011,FI ,11.8 
PC,PB1040,Y25-34,M,2011,SE ,13.3 u
PC,PB1040,Y25-34,M,2011,UK ,14.0 
PC,PB1040,Y25-34,M,2011,TR ,9.2 
PC,PB1040,Y25-34,T,2011,EU28 ,15.4 
PC,PB1040,Y25-34,T,2011,BE ,16.6 
PC,PB1040,Y25-34,T,2011,CZ ,21.3 u
PC,PB1040,Y25-34,T,2011,DK ,12.2 u
PC,PB1040,Y25-34,T,2011,DE ,13.8 
PC,PB1040,Y25-34,T,2011,IE ,18.0 
PC,PB1040,Y25-34,T,2011,EL ,26.8 u
PC,PB1040,Y25-34,T,2011,ES ,27.9 
PC,PB1040,Y25-34,T,2011,FR ,16.9 
PC,PB1040,Y25-34,T,2011,IT ,12.0 
PC,PB1040,Y25-34,T,2011,CY ,19.8 u
PC,PB1040,Y25-34,T,2011,HU ,22.4 u
PC,PB1040,Y25-34,T,2011,NL ,12.4 u
PC,PB1040,Y25-34,T,2011,AT ,6.9 u
PC,PB1040,Y25-34,T,2011,PL ,11.8 u
PC,PB1040,Y25-34,T,2011,PT ,18.8 
PC,PB1040,Y25-34,T,2011,SI ,13.3 u
PC,PB1040,Y25-34,T,2011,SK ,40.9 
PC,PB1040,Y25-34,T,2011,FI ,9.5 
PC,PB1040,Y25-34,T,2011,SE ,13.2 
PC,PB1040,Y25-34,T,2011,CH ,4.5 u
PC,PB1040,Y25-34,T,2011,UK ,13.3 
PC,PB1040,Y25-34,T,2011,TR ,10.7 
PC,PB1040,Y25-64,F,2011,EU28 ,11.5 
PC,PB1040,Y25-64,F,2011,BE ,11.1 
PC,PB1040,Y25-64,F,2011,BG ,13.7 u
PC,PB1040,Y25-64,F,2011,CZ ,16.8 
PC,PB1040,Y25-64,F,2011,DK ,10.4 
PC,PB1040,Y25-64,F,2011,DE ,12.2 
PC,PB1040,Y25-64,F,2011,EE ,14.4 
PC,PB1040,Y25-64,F,2011,IE ,13.7 
PC,PB1040,Y25-64,F,2011,EL ,15.6 
PC,PB1040,Y25-64,F,2011,ES ,22.6 
PC,PB1040,Y25-64,F,2011,FR ,13.2 
PC,PB1040,Y25-64,F,2011,HR ,15 u
PC,PB1040,Y25-64,F,2011,IT ,7.0 
PC,PB1040,Y25-64,F,2011,CY ,9.8 u
PC,PB1040,Y25-64,F,2011,LV ,13.3 
PC,PB1040,Y25-64,F,2011,LT ,21.4 
PC,PB1040,Y25-64,F,2011,LU ,4.6 u
PC,PB1040,Y25-64,F,2011,HU ,18.4 
PC,PB1040,Y25-64,F,2011,NL ,6.3 u
PC,PB1040,Y25-64,F,2011,AT ,5.6 
PC,PB1040,Y25-64,F,2011,PL ,10.7 
PC,PB1040,Y25-64,F,2011,PT ,14.5 
PC,PB1040,Y25-64,F,2011,RO ,6.3 
PC,PB1040,Y25-64,F,2011,SI ,8.6 u
PC,PB1040,Y25-64,F,2011,SK ,19.0 
PC,PB1040,Y25-64,F,2011,FI ,6.5 
PC,PB1040,Y25-64,F,2011,SE ,7.5 
PC,PB1040,Y25-64,F,2011,CH ,5.8 
PC,PB1040,Y25-64,F,2011,UK ,7.9 
PC,PB1040,Y25-64,F,2011,TR ,6.1 
PC,PB1040,Y25-64,M,2011,EU28 ,11.5 
PC,PB1040,Y25-64,M,2011,BE ,8.6 
PC,PB1040,Y25-64,M,2011,BG ,14.5 u
PC,PB1040,Y25-64,M,2011,CZ ,14.0 
PC,PB1040,Y25-64,M,2011,DK ,10.0 
PC,PB1040,Y25-64,M,2011,DE ,12.5 
PC,PB1040,Y25-64,M,2011,EE ,22.0 
PC,PB1040,Y25-64,M,2011,IE ,17.3 
PC,PB1040,Y25-64,M,2011,EL ,12.8 
PC,PB1040,Y25-64,M,2011,ES ,22.7 
PC,PB1040,Y25-64,M,2011,FR ,9.8 
PC,PB1040,Y25-64,M,2011,HR ,15.5 u
PC,PB1040,Y25-64,M,2011,IT ,8.3 
PC,PB1040,Y25-64,M,2011,CY ,8.7 u
PC,PB1040,Y25-64,M,2011,LV ,22.9 
PC,PB1040,Y25-64,M,2011,LT ,26.1 
PC,PB1040,Y25-64,M,2011,LU ,3.4 u
PC,PB1040,Y25-64,M,2011,HU ,19.3 
PC,PB1040,Y25-64,M,2011,NL ,10.1 u
PC,PB1040,Y25-64,M,2011,AT ,5.7 
PC,PB1040,Y25-64,M,2011,PL ,11.4 
PC,PB1040,Y25-64,M,2011,PT ,13.7 
PC,PB1040,Y25-64,M,2011,RO ,8.8 
PC,PB1040,Y25-64,M,2011,SI ,10.5 u
PC,PB1040,Y25-64,M,2011,SK ,18.3 
PC,PB1040,Y25-64,M,2011,FI ,9.0 
PC,PB1040,Y25-64,M,2011,SE ,7.9 
PC,PB1040,Y25-64,M,2011,CH ,5.3 
PC,PB1040,Y25-64,M,2011,UK ,10.4 
PC,PB1040,Y25-64,M,2011,TR ,7.8 
PC,PB1040,Y25-64,T,2011,EU28 ,11.5 
PC,PB1040,Y25-64,T,2011,BE ,9.7 
PC,PB1040,Y25-64,T,2011,BG ,14.1 
PC,PB1040,Y25-64,T,2011,CZ ,15.3 
PC,PB1040,Y25-64,T,2011,DK ,10.2 
PC,PB1040,Y25-64,T,2011,DE ,12.4 
PC,PB1040,Y25-64,T,2011,EE ,17.7 
PC,PB1040,Y25-64,T,2011,IE ,15.7 
PC,PB1040,Y25-64,T,2011,EL ,14.1 
PC,PB1040,Y25-64,T,2011,ES ,22.6 
PC,PB1040,Y25-64,T,2011,FR ,11.7 
PC,PB1040,Y25-64,T,2011,HR ,15.3 u
PC,PB1040,Y25-64,T,2011,IT ,7.7 
PC,PB1040,Y25-64,T,2011,CY ,9.3 
PC,PB1040,Y25-64,T,2011,LV ,17.4 
PC,PB1040,Y25-64,T,2011,LT ,23.3 
PC,PB1040,Y25-64,T,2011,LU ,4.0 
PC,PB1040,Y25-64,T,2011,HU ,18.8 
PC,PB1040,Y25-64,T,2011,NL ,8.1 
PC,PB1040,Y25-64,T,2011,AT ,5.7 
PC,PB1040,Y25-64,T,2011,PL ,11.0 
PC,PB1040,Y25-64,T,2011,PT ,14.2 
PC,PB1040,Y25-64,T,2011,RO ,7.5 
PC,PB1040,Y25-64,T,2011,SI ,9.6 
PC,PB1040,Y25-64,T,2011,SK ,18.7 
PC,PB1040,Y25-64,T,2011,FI ,7.7 
PC,PB1040,Y25-64,T,2011,SE ,7.6 
PC,PB1040,Y25-64,T,2011,IS ,6.5 
PC,PB1040,Y25-64,T,2011,CH ,5.6 
PC,PB1040,Y25-64,T,2011,UK ,9.2 
PC,PB1040,Y25-64,T,2011,TR ,7.1 
PC,PB1040,Y35-44,F,2011,EU28 ,13.1 
PC,PB1040,Y35-44,F,2011,BE ,8.9 u
PC,PB1040,Y35-44,F,2011,CZ ,19.7 u
PC,PB1040,Y35-44,F,2011,DK ,12.6 u
PC,PB1040,Y35-44,F,2011,EL ,21.6 u
PC,PB1040,Y35-44,F,2011,ES ,24.7 
PC,PB1040,Y35-44,F,2011,FR ,17.3 
PC,PB1040,Y35-44,F,2011,IT ,8.1 
PC,PB1040,Y35-44,F,2011,HU ,25.6 
PC,PB1040,Y35-44,F,2011,NL ,6.1 u
PC,PB1040,Y35-44,F,2011,AT ,8 u
PC,PB1040,Y35-44,F,2011,PL ,13.9 u
PC,PB1040,Y35-44,F,2011,PT ,17.6 
PC,PB1040,Y35-44,F,2011,SI ,8 u
PC,PB1040,Y35-44,F,2011,SK ,20.4 u
PC,PB1040,Y35-44,F,2011,FI ,8.3 
PC,PB1040,Y35-44,F,2011,SE ,7.5 u
PC,PB1040,Y35-44,F,2011,CH ,5.3 u
PC,PB1040,Y35-44,F,2011,UK ,9.9 
PC,PB1040,Y35-44,F,2011,TR ,7.7 
PC,PB1040,Y35-44,M,2011,EU28 ,12.3 
PC,PB1040,Y35-44,M,2011,BE ,8.4 u
PC,PB1040,Y35-44,M,2011,CZ ,12.8 u
PC,PB1040,Y35-44,M,2011,DE ,12.3 
PC,PB1040,Y35-44,M,2011,IE ,17.3 
PC,PB1040,Y35-44,M,2011,EL ,13.2 u
PC,PB1040,Y35-44,M,2011,ES ,19.1 
PC,PB1040,Y35-44,M,2011,FR ,12.9 u
PC,PB1040,Y35-44,M,2011,HR ,35.7 u
PC,PB1040,Y35-44,M,2011,IT ,10.2 
PC,PB1040,Y35-44,M,2011,HU ,24.0 
PC,PB1040,Y35-44,M,2011,NL ,12.7 u
PC,PB1040,Y35-44,M,2011,PL ,11.4 u
PC,PB1040,Y35-44,M,2011,PT ,12.2 
PC,PB1040,Y35-44,M,2011,SI ,12.1 u
PC,PB1040,Y35-44,M,2011,FI ,11.1 
PC,PB1040,Y35-44,M,2011,CH ,6.7 u
PC,PB1040,Y35-44,M,2011,UK ,10.6 
PC,PB1040,Y35-44,M,2011,TR ,7.3 
PC,PB1040,Y35-44,T,2011,EU28 ,12.7 
PC,PB1040,Y35-44,T,2011,BE ,8.7 u
PC,PB1040,Y35-44,T,2011,CZ ,16.1 
PC,PB1040,Y35-44,T,2011,DK ,11.1 
PC,PB1040,Y35-44,T,2011,DE ,10.9 
PC,PB1040,Y35-44,T,2011,EE ,19.6 u
PC,PB1040,Y35-44,T,2011,IE ,15.5 
PC,PB1040,Y35-44,T,2011,EL ,17.1 u
PC,PB1040,Y35-44,T,2011,ES ,21.8 
PC,PB1040,Y35-44,T,2011,FR ,15.3 
PC,PB1040,Y35-44,T,2011,HR ,24.2 u
PC,PB1040,Y35-44,T,2011,IT ,9.3 
PC,PB1040,Y35-44,T,2011,CY ,15.7 u
PC,PB1040,Y35-44,T,2011,LV ,15.2 u
PC,PB1040,Y35-44,T,2011,LT ,24.6 u
PC,PB1040,Y35-44,T,2011,LU ,4 u
PC,PB1040,Y35-44,T,2011,HU ,24.9 
PC,PB1040,Y35-44,T,2011,NL ,9 u
PC,PB1040,Y35-44,T,2011,AT ,6.3 u
PC,PB1040,Y35-44,T,2011,PL ,12.7 
PC,PB1040,Y35-44,T,2011,PT ,14.9 
PC,PB1040,Y35-44,T,2011,RO ,10.5 u
PC,PB1040,Y35-44,T,2011,SI ,9.8 u
PC,PB1040,Y35-44,T,2011,SK ,17.4 
PC,PB1040,Y35-44,T,2011,FI ,9.6 
PC,PB1040,Y35-44,T,2011,SE ,6.9 
PC,PB1040,Y35-44,T,2011,CH ,6.0 
PC,PB1040,Y35-44,T,2011,UK ,10.3 
PC,PB1040,Y35-44,T,2011,TR ,7.4 
PC,PB1040,Y45-54,F,2011,EU28 ,10.5 
PC,PB1040,Y45-54,F,2011,BE ,9.1 u
PC,PB1040,Y45-54,F,2011,CZ ,14.9 
PC,PB1040,Y45-54,F,2011,DK ,9.9 u
PC,PB1040,Y45-54,F,2011,DE ,13.4 
PC,PB1040,Y45-54,F,2011,EE ,19.3 u
PC,PB1040,Y45-54,F,2011,IE ,14.5 
PC,PB1040,Y45-54,F,2011,EL ,16.3 u
PC,PB1040,Y45-54,F,2011,ES ,24.3 
PC,PB1040,Y45-54,F,2011,FR ,9.3 
PC,PB1040,Y45-54,F,2011,HR ,15 u
PC,PB1040,Y45-54,F,2011,IT ,6.1 
PC,PB1040,Y45-54,F,2011,LT ,21.3 u
PC,PB1040,Y45-54,F,2011,HU ,20.8 
PC,PB1040,Y45-54,F,2011,NL ,6.9 u
PC,PB1040,Y45-54,F,2011,AT ,4 u
PC,PB1040,Y45-54,F,2011,PL ,11.0 
PC,PB1040,Y45-54,F,2011,PT ,13.8 
PC,PB1040,Y45-54,F,2011,RO ,8.8 u
PC,PB1040,Y45-54,F,2011,SI ,9.9 u
PC,PB1040,Y45-54,F,2011,SK ,19.2 
PC,PB1040,Y45-54,F,2011,FI ,5.8 
PC,PB1040,Y45-54,F,2011,SE ,7.1 
PC,PB1040,Y45-54,F,2011,CH ,6.7 
PC,PB1040,Y45-54,F,2011,UK ,7.0 
PC,PB1040,Y45-54,F,2011,TR ,4.3 
PC,PB1040,Y45-54,M,2011,EU28 ,10.8 
PC,PB1040,Y45-54,M,2011,BE ,6.9 u
PC,PB1040,Y45-54,M,2011,CZ ,19.1 
PC,PB1040,Y45-54,M,2011,DE ,11.9 
PC,PB1040,Y45-54,M,2011,EE ,19.2 u
PC,PB1040,Y45-54,M,2011,IE ,14.4 
PC,PB1040,Y45-54,M,2011,EL ,10.8 u
PC,PB1040,Y45-54,M,2011,ES ,22.8 
PC,PB1040,Y45-54,M,2011,FR ,8.7 u
PC,PB1040,Y45-54,M,2011,IT ,7.6 
PC,PB1040,Y45-54,M,2011,LV ,16.9 u
PC,PB1040,Y45-54,M,2011,LT ,25.7 u
PC,PB1040,Y45-54,M,2011,HU ,19.7 
PC,PB1040,Y45-54,M,2011,NL ,7.1 u
PC,PB1040,Y45-54,M,2011,AT ,5 u
PC,PB1040,Y45-54,M,2011,PL ,13.1 
PC,PB1040,Y45-54,M,2011,PT ,10.6 
PC,PB1040,Y45-54,M,2011,RO ,10 u
PC,PB1040,Y45-54,M,2011,SI ,7.9 u
PC,PB1040,Y45-54,M,2011,SK ,15.4 
PC,PB1040,Y45-54,M,2011,FI ,7.0 
PC,PB1040,Y45-54,M,2011,SE ,8.0 
PC,PB1040,Y45-54,M,2011,CH ,6.6 u
PC,PB1040,Y45-54,M,2011,UK ,9.5 
PC,PB1040,Y45-54,M,2011,TR ,8.1 
PC,PB1040,Y45-54,T,2011,EU28 ,10.6 
PC,PB1040,Y45-54,T,2011,BE ,8.0 
PC,PB1040,Y45-54,T,2011,BG ,13.3 u
PC,PB1040,Y45-54,T,2011,CZ ,16.9 
PC,PB1040,Y45-54,T,2011,DK ,8.3 
PC,PB1040,Y45-54,T,2011,DE ,12.6 
PC,PB1040,Y45-54,T,2011,EE ,19.3 
PC,PB1040,Y45-54,T,2011,IE ,14.4 
PC,PB1040,Y45-54,T,2011,EL ,13.4 u
PC,PB1040,Y45-54,T,2011,ES ,23.5 
PC,PB1040,Y45-54,T,2011,FR ,9.0 
PC,PB1040,Y45-54,T,2011,HR ,13 u
PC,PB1040,Y45-54,T,2011,IT ,6.8 
PC,PB1040,Y45-54,T,2011,CY ,7.6 u
PC,PB1040,Y45-54,T,2011,LV ,13.8 
PC,PB1040,Y45-54,T,2011,LT ,23.1 
PC,PB1040,Y45-54,T,2011,LU ,4.5 u
PC,PB1040,Y45-54,T,2011,HU ,20.3 
PC,PB1040,Y45-54,T,2011,NL ,7 u
PC,PB1040,Y45-54,T,2011,AT ,4.5 u
PC,PB1040,Y45-54,T,2011,PL ,12.0 
PC,PB1040,Y45-54,T,2011,PT ,12.4 
PC,PB1040,Y45-54,T,2011,RO ,9.4 
PC,PB1040,Y45-54,T,2011,SI ,8.9 u
PC,PB1040,Y45-54,T,2011,SK ,17.3 
PC,PB1040,Y45-54,T,2011,FI ,6.3 
PC,PB1040,Y45-54,T,2011,SE ,7.5 
PC,PB1040,Y45-54,T,2011,CH ,6.6 
PC,PB1040,Y45-54,T,2011,UK ,8.2 
PC,PB1040,Y45-54,T,2011,TR ,6.6 
PC,PB1040,Y55-64,F,2011,EU28 ,8.8 
PC,PB1040,Y55-64,F,2011,BE ,11.6 u
PC,PB1040,Y55-64,F,2011,CZ ,14.8 u
PC,PB1040,Y55-64,F,2011,ES ,19.8 
PC,PB1040,Y55-64,F,2011,FR ,10 u
PC,PB1040,Y55-64,F,2011,IT ,4.4 u
PC,PB1040,Y55-64,F,2011,LV ,19.6 u
PC,PB1040,Y55-64,F,2011,LT ,20.1 u
PC,PB1040,Y55-64,F,2011,HU ,11.2 
PC,PB1040,Y55-64,F,2011,NL ,6 u
PC,PB1040,Y55-64,F,2011,PL ,7.9 u
PC,PB1040,Y55-64,F,2011,PT ,11.4 
PC,PB1040,Y55-64,F,2011,FI ,6.1 
PC,PB1040,Y55-64,F,2011,SE ,5.2 u
PC,PB1040,Y55-64,F,2011,CH ,5.8 u
PC,PB1040,Y55-64,F,2011,UK ,5.3 
PC,PB1040,Y55-64,F,2011,TR ,1.3 
PC,PB1040,Y55-64,M,2011,EU28 ,10.8 
PC,PB1040,Y55-64,M,2011,BE ,7 u
PC,PB1040,Y55-64,M,2011,CZ ,9.5 u
PC,PB1040,Y55-64,M,2011,DK ,15.7 u
PC,PB1040,Y55-64,M,2011,DE ,15.0 
PC,PB1040,Y55-64,M,2011,EE ,24 u
PC,PB1040,Y55-64,M,2011,IE ,19.3 
PC,PB1040,Y55-64,M,2011,EL ,13 u
PC,PB1040,Y55-64,M,2011,ES ,18.5 
PC,PB1040,Y55-64,M,2011,HR ,11.1 u
PC,PB1040,Y55-64,M,2011,IT ,6.3 
PC,PB1040,Y55-64,M,2011,LV ,26.8 u
PC,PB1040,Y55-64,M,2011,HU ,15.2 
PC,PB1040,Y55-64,M,2011,NL ,7 u
PC,PB1040,Y55-64,M,2011,PL ,9.4 
PC,PB1040,Y55-64,M,2011,PT ,16.8 
PC,PB1040,Y55-64,M,2011,RO ,6.4 u
PC,PB1040,Y55-64,M,2011,SI ,11.9 u
PC,PB1040,Y55-64,M,2011,SK ,14.6 u
PC,PB1040,Y55-64,M,2011,FI ,8.5 
PC,PB1040,Y55-64,M,2011,SE ,6.5 u
PC,PB1040,Y55-64,M,2011,CH ,2.9 u
PC,PB1040,Y55-64,M,2011,UK ,9.6 
PC,PB1040,Y55-64,M,2011,TR ,6.3 
PC,PB1040,Y55-64,T,2011,EU28 ,9.8 
PC,PB1040,Y55-64,T,2011,BE ,9 u
PC,PB1040,Y55-64,T,2011,BG ,11.7 u
PC,PB1040,Y55-64,T,2011,CZ ,11.6 
PC,PB1040,Y55-64,T,2011,DK ,10.3 u
PC,PB1040,Y55-64,T,2011,DE ,12.6 
PC,PB1040,Y55-64,T,2011,EE ,15 u
PC,PB1040,Y55-64,T,2011,IE ,15.9 
PC,PB1040,Y55-64,T,2011,EL ,10.1 u
PC,PB1040,Y55-64,T,2011,ES ,19.1 
PC,PB1040,Y55-64,T,2011,FR ,9.0 
PC,PB1040,Y55-64,T,2011,HR ,12.1 u
PC,PB1040,Y55-64,T,2011,IT ,5.5 
PC,PB1040,Y55-64,T,2011,LV ,22.2 
PC,PB1040,Y55-64,T,2011,LT ,20.1 
PC,PB1040,Y55-64,T,2011,HU ,13.0 
PC,PB1040,Y55-64,T,2011,NL ,6.6 u
PC,PB1040,Y55-64,T,2011,AT ,6.3 u
PC,PB1040,Y55-64,T,2011,PL ,8.8 
PC,PB1040,Y55-64,T,2011,PT ,13.9 
PC,PB1040,Y55-64,T,2011,RO ,3.7 u
PC,PB1040,Y55-64,T,2011,SI ,9 u
PC,PB1040,Y55-64,T,2011,SK ,13.7 
PC,PB1040,Y55-64,T,2011,FI ,7.2 
PC,PB1040,Y55-64,T,2011,SE ,5.8 
PC,PB1040,Y55-64,T,2011,CH ,4.5 
PC,PB1040,Y55-64,T,2011,UK ,7.6 
PC,PB1040,Y55-64,T,2011,TR ,4.2 
PC,PB1041,TOTAL,F,2011,EU28 ,9.8 
PC,PB1041,TOTAL,F,2011,BE ,6.1 
PC,PB1041,TOTAL,F,2011,BG ,9.9 
PC,PB1041,TOTAL,F,2011,CZ ,7.4 
PC,PB1041,TOTAL,F,2011,DK ,6.7 
PC,PB1041,TOTAL,F,2011,DE ,6.1 
PC,PB1041,TOTAL,F,2011,EE ,11.0 
PC,PB1041,TOTAL,F,2011,IE ,10.7 
PC,PB1041,TOTAL,F,2011,EL ,20.6 
PC,PB1041,TOTAL,F,2011,ES ,22.5 
PC,PB1041,TOTAL,F,2011,FR ,9.3 
PC,PB1041,TOTAL,F,2011,HR ,13.4 
PC,PB1041,TOTAL,F,2011,IT ,9.3 
PC,PB1041,TOTAL,F,2011,CY ,6.8 
PC,PB1041,TOTAL,F,2011,LV ,14.5 
PC,PB1041,TOTAL,F,2011,LT ,11.7 
PC,PB1041,TOTAL,F,2011,LU ,6.7 
PC,PB1041,TOTAL,F,2011,HU ,10.3 
PC,PB1041,TOTAL,F,2011,MT ,8.4 
PC,PB1041,TOTAL,F,2011,NL ,4.1 
PC,PB1041,TOTAL,F,2011,AT ,4.0 
PC,PB1041,TOTAL,F,2011,PL ,10.2 
PC,PB1041,TOTAL,F,2011,PT ,12.6 
PC,PB1041,TOTAL,F,2011,RO ,7.2 
PC,PB1041,TOTAL,F,2011,SI ,7.3 
PC,PB1041,TOTAL,F,2011,SK ,12.5 
PC,PB1041,TOTAL,F,2011,FI ,6.9 
PC,PB1041,TOTAL,F,2011,SE ,7.2 
PC,PB1041,TOTAL,F,2011,IS ,7.2 
PC,PB1041,TOTAL,F,2011,CH ,4.2 
PC,PB1041,TOTAL,F,2011,UK ,7.1 
PC,PB1041,TOTAL,F,2011,TR ,10.6 
PC,PB1041,TOTAL,M,2011,EU28 ,9.5 
PC,PB1041,TOTAL,M,2011,BE ,6.1 
PC,PB1041,TOTAL,M,2011,BG ,12.4 
PC,PB1041,TOTAL,M,2011,CZ ,5.4 
PC,PB1041,TOTAL,M,2011,DK ,7.5 
PC,PB1041,TOTAL,M,2011,DE ,6.7 
PC,PB1041,TOTAL,M,2011,EE ,12.0 
PC,PB1041,TOTAL,M,2011,IE ,18.1 
PC,PB1041,TOTAL,M,2011,EL ,13.9 
PC,PB1041,TOTAL,M,2011,ES ,21.5 
PC,PB1041,TOTAL,M,2011,FR ,8.2 
PC,PB1041,TOTAL,M,2011,HR ,13.7 
PC,PB1041,TOTAL,M,2011,IT ,7.0 
PC,PB1041,TOTAL,M,2011,CY ,7.6 
PC,PB1041,TOTAL,M,2011,LV ,20.3 
PC,PB1041,TOTAL,M,2011,LT ,18.4 
PC,PB1041,TOTAL,M,2011,LU ,4.2 
PC,PB1041,TOTAL,M,2011,HU ,10.3 
PC,PB1041,TOTAL,M,2011,MT ,6.8 
PC,PB1041,TOTAL,M,2011,NL ,4.0 
PC,PB1041,TOTAL,M,2011,AT ,3.6 
PC,PB1041,TOTAL,M,2011,PL ,8.8 
PC,PB1041,TOTAL,M,2011,PT ,12.4 
PC,PB1041,TOTAL,M,2011,RO ,7.6 
PC,PB1041,TOTAL,M,2011,SI ,7.7 
PC,PB1041,TOTAL,M,2011,SK ,13.2 
PC,PB1041,TOTAL,M,2011,FI ,8.1 
PC,PB1041,TOTAL,M,2011,SE ,7.4 
PC,PB1041,TOTAL,M,2011,IS ,9.1 
PC,PB1041,TOTAL,M,2011,CH ,3.5 
PC,PB1041,TOTAL,M,2011,UK ,8.5 
PC,PB1041,TOTAL,M,2011,TR ,8.3 
PC,PB1041,TOTAL,T,2011,EU28 ,9.6 
PC,PB1041,TOTAL,T,2011,BE ,6.1 
PC,PB1041,TOTAL,T,2011,BG ,11.2 
PC,PB1041,TOTAL,T,2011,CZ ,6.3 
PC,PB1041,TOTAL,T,2011,DK ,7.1 
PC,PB1041,TOTAL,T,2011,DE ,6.4 
PC,PB1041,TOTAL,T,2011,EE ,11.5 
PC,PB1041,TOTAL,T,2011,IE ,14.8 
PC,PB1041,TOTAL,T,2011,EL ,16.7 
PC,PB1041,TOTAL,T,2011,ES ,21.9 
PC,PB1041,TOTAL,T,2011,FR ,8.7 
PC,PB1041,TOTAL,T,2011,HR ,13.6 
PC,PB1041,TOTAL,T,2011,IT ,8.0 
PC,PB1041,TOTAL,T,2011,CY ,7.2 
PC,PB1041,TOTAL,T,2011,LV ,17.4 
PC,PB1041,TOTAL,T,2011,LT ,15.1 
PC,PB1041,TOTAL,T,2011,LU ,5.3 
PC,PB1041,TOTAL,T,2011,HU ,10.3 
PC,PB1041,TOTAL,T,2011,MT ,7.3 
PC,PB1041,TOTAL,T,2011,NL ,4.1 
PC,PB1041,TOTAL,T,2011,AT ,3.8 
PC,PB1041,TOTAL,T,2011,PL ,9.4 
PC,PB1041,TOTAL,T,2011,PT ,12.5 
PC,PB1041,TOTAL,T,2011,RO ,7.5 
PC,PB1041,TOTAL,T,2011,SI ,7.5 
PC,PB1041,TOTAL,T,2011,SK ,12.9 
PC,PB1041,TOTAL,T,2011,FI ,7.5 
PC,PB1041,TOTAL,T,2011,SE ,7.3 
PC,PB1041,TOTAL,T,2011,IS ,8.2 
PC,PB1041,TOTAL,T,2011,CH ,3.8 
PC,PB1041,TOTAL,T,2011,UK ,7.9 
PC,PB1041,TOTAL,T,2011,TR ,8.9 
PC,PB1041,Y15-24,F,2011,EU28 ,20.9 
PC,PB1041,Y15-24,F,2011,BE ,16.2 
PC,PB1041,Y15-24,F,2011,BG ,23.0 
PC,PB1041,Y15-24,F,2011,CZ ,17.8 
PC,PB1041,Y15-24,F,2011,DK ,11.5 
PC,PB1041,Y15-24,F,2011,DE ,9.4 
PC,PB1041,Y15-24,F,2011,EE ,21.3 
PC,PB1041,Y15-24,F,2011,IE ,23.4 
PC,PB1041,Y15-24,F,2011,EL ,51.4 
PC,PB1041,Y15-24,F,2011,ES ,44.8 
PC,PB1041,Y15-24,F,2011,FR ,21.9 
PC,PB1041,Y15-24,F,2011,HR ,37.6 u
PC,PB1041,Y15-24,F,2011,IT ,32.2 
PC,PB1041,Y15-24,F,2011,CY ,19.0 
PC,PB1041,Y15-24,F,2011,LV ,35.9 
PC,PB1041,Y15-24,F,2011,LT ,27.3 
PC,PB1041,Y15-24,F,2011,LU ,19.7 
PC,PB1041,Y15-24,F,2011,HU ,22.5 
PC,PB1041,Y15-24,F,2011,MT ,18.4 u
PC,PB1041,Y15-24,F,2011,NL ,7.5 
PC,PB1041,Y15-24,F,2011,AT ,8.3 
PC,PB1041,Y15-24,F,2011,PL ,26.8 
PC,PB1041,Y15-24,F,2011,PT ,27.7 
PC,PB1041,Y15-24,F,2011,RO ,21.8 
PC,PB1041,Y15-24,F,2011,SI ,13.6 u
PC,PB1041,Y15-24,F,2011,SK ,31.9 
PC,PB1041,Y15-24,F,2011,FI ,17.2 
PC,PB1041,Y15-24,F,2011,SE ,21.2 
PC,PB1041,Y15-24,F,2011,IS ,14.6 
PC,PB1041,Y15-24,F,2011,CH ,7.3 
PC,PB1041,Y15-24,F,2011,UK ,17.9 
PC,PB1041,Y15-24,F,2011,TR ,18.6 
PC,PB1041,Y15-24,M,2011,EU28 ,21.9 
PC,PB1041,Y15-24,M,2011,BE ,16.4 
PC,PB1041,Y15-24,M,2011,BG ,26.1 
PC,PB1041,Y15-24,M,2011,CZ ,17.9 
PC,PB1041,Y15-24,M,2011,DK ,15.8 
PC,PB1041,Y15-24,M,2011,DE ,11.6 
PC,PB1041,Y15-24,M,2011,EE ,23.6 
PC,PB1041,Y15-24,M,2011,IE ,35.3 
PC,PB1041,Y15-24,M,2011,EL ,36.2 
PC,PB1041,Y15-24,M,2011,ES ,48.7 
PC,PB1041,Y15-24,M,2011,FR ,19.1 
PC,PB1041,Y15-24,M,2011,HR ,33.6 u
PC,PB1041,Y15-24,M,2011,IT ,24.4 
PC,PB1041,Y15-24,M,2011,CY ,21.9 
PC,PB1041,Y15-24,M,2011,LV ,33.4 
PC,PB1041,Y15-24,M,2011,LT ,38.2 
PC,PB1041,Y15-24,M,2011,LU ,14.5 u
PC,PB1041,Y15-24,M,2011,HU ,24.9 
PC,PB1041,Y15-24,M,2011,MT ,16.5 u
PC,PB1041,Y15-24,M,2011,NL ,7.2 
PC,PB1041,Y15-24,M,2011,AT ,6.4 
PC,PB1041,Y15-24,M,2011,PL ,22.9 
PC,PB1041,Y15-24,M,2011,PT ,27.5 
PC,PB1041,Y15-24,M,2011,RO ,21.5 
PC,PB1041,Y15-24,M,2011,SI ,12.3 u
PC,PB1041,Y15-24,M,2011,SK ,31.7 
PC,PB1041,Y15-24,M,2011,FI ,20.3 
PC,PB1041,Y15-24,M,2011,SE ,22.9 
PC,PB1041,Y15-24,M,2011,IS ,20.1 
PC,PB1041,Y15-24,M,2011,CH ,6.7 
PC,PB1041,Y15-24,M,2011,UK ,23.2 
PC,PB1041,Y15-24,M,2011,TR ,15.0 
PC,PB1041,Y15-24,T,2011,EU28 ,21.4 
PC,PB1041,Y15-24,T,2011,BE ,16.3 
PC,PB1041,Y15-24,T,2011,BG ,24.8 
PC,PB1041,Y15-24,T,2011,CZ ,17.8 
PC,PB1041,Y15-24,T,2011,DK ,13.7 
PC,PB1041,Y15-24,T,2011,DE ,10.6 
PC,PB1041,Y15-24,T,2011,EE ,22.5 
PC,PB1041,Y15-24,T,2011,IE ,29.5 
PC,PB1041,Y15-24,T,2011,EL ,43.0 
PC,PB1041,Y15-24,T,2011,ES ,46.9 
PC,PB1041,Y15-24,T,2011,FR ,20.4 
PC,PB1041,Y15-24,T,2011,HR ,34.9 
PC,PB1041,Y15-24,T,2011,IT ,27.7 
PC,PB1041,Y15-24,T,2011,CY ,20.4 
PC,PB1041,Y15-24,T,2011,LV ,34.5 
PC,PB1041,Y15-24,T,2011,LT ,33.8 
PC,PB1041,Y15-24,T,2011,LU ,16.9 
PC,PB1041,Y15-24,T,2011,HU ,23.9 
PC,PB1041,Y15-24,T,2011,MT ,17.4 
PC,PB1041,Y15-24,T,2011,NL ,7.4 
PC,PB1041,Y15-24,T,2011,AT ,7.3 
PC,PB1041,Y15-24,T,2011,PL ,24.5 
PC,PB1041,Y15-24,T,2011,PT ,27.6 
PC,PB1041,Y15-24,T,2011,RO ,21.6 
PC,PB1041,Y15-24,T,2011,SI ,12.8 
PC,PB1041,Y15-24,T,2011,SK ,31.8 
PC,PB1041,Y15-24,T,2011,FI ,18.7 
PC,PB1041,Y15-24,T,2011,SE ,22.1 
PC,PB1041,Y15-24,T,2011,IS ,17.4 
PC,PB1041,Y15-24,T,2011,CH ,7.0 
PC,PB1041,Y15-24,T,2011,UK ,20.7 
PC,PB1041,Y15-24,T,2011,TR ,16.2 
PC,PB1041,Y25-34,F,2011,EU28 ,11.3 
PC,PB1041,Y25-34,F,2011,BE ,7.7 
PC,PB1041,Y25-34,F,2011,BG ,12.1 
PC,PB1041,Y25-34,F,2011,CZ ,8.8 
PC,PB1041,Y25-34,F,2011,DK ,8.9 
PC,PB1041,Y25-34,F,2011,DE ,5.8 
PC,PB1041,Y25-34,F,2011,EE ,12.0 
PC,PB1041,Y25-34,F,2011,IE ,11.0 
PC,PB1041,Y25-34,F,2011,EL ,27.3 
PC,PB1041,Y25-34,F,2011,ES ,24.3 
PC,PB1041,Y25-34,F,2011,FR ,10.7 
PC,PB1041,Y25-34,F,2011,HR ,17.2 u
PC,PB1041,Y25-34,F,2011,IT ,13.0 
PC,PB1041,Y25-34,F,2011,CY ,6.3 
PC,PB1041,Y25-34,F,2011,LV ,11.7 
PC,PB1041,Y25-34,F,2011,LT ,10.8 
PC,PB1041,Y25-34,F,2011,LU ,6.0 
PC,PB1041,Y25-34,F,2011,HU ,11.4 
PC,PB1041,Y25-34,F,2011,NL ,3 u
PC,PB1041,Y25-34,F,2011,AT ,4.9 
PC,PB1041,Y25-34,F,2011,PL ,11.7 
PC,PB1041,Y25-34,F,2011,PT ,13.1 
PC,PB1041,Y25-34,F,2011,RO ,6.7 
PC,PB1041,Y25-34,F,2011,SI ,9.6 
PC,PB1041,Y25-34,F,2011,SK ,13.6 
PC,PB1041,Y25-34,F,2011,FI ,7.1 
PC,PB1041,Y25-34,F,2011,SE ,6.6 
PC,PB1041,Y25-34,F,2011,IS ,9.2 
PC,PB1041,Y25-34,F,2011,CH ,3.6 
PC,PB1041,Y25-34,F,2011,UK ,7.2 
PC,PB1041,Y25-34,F,2011,TR ,11.7 
PC,PB1041,Y25-34,M,2011,EU28 ,10.6 
PC,PB1041,Y25-34,M,2011,BE ,7.7 
PC,PB1041,Y25-34,M,2011,BG ,13.9 
PC,PB1041,Y25-34,M,2011,CZ ,5.2 
PC,PB1041,Y25-34,M,2011,DK ,8.9 
PC,PB1041,Y25-34,M,2011,DE ,8.5 
PC,PB1041,Y25-34,M,2011,EE ,13.0 
PC,PB1041,Y25-34,M,2011,IE ,21.5 
PC,PB1041,Y25-34,M,2011,EL ,19.6 
PC,PB1041,Y25-34,M,2011,ES ,24.0 
PC,PB1041,Y25-34,M,2011,FR ,8.4 
PC,PB1041,Y25-34,M,2011,HR ,18.5 u
PC,PB1041,Y25-34,M,2011,IT ,9.4 
PC,PB1041,Y25-34,M,2011,CY ,9.1 
PC,PB1041,Y25-34,M,2011,LV ,18.8 
PC,PB1041,Y25-34,M,2011,LT ,19.1 
PC,PB1041,Y25-34,M,2011,LU ,4.5 
PC,PB1041,Y25-34,M,2011,HU ,9.9 
PC,PB1041,Y25-34,M,2011,MT ,6.5 u
PC,PB1041,Y25-34,M,2011,NL ,3.9 u
PC,PB1041,Y25-34,M,2011,AT ,4.2 
PC,PB1041,Y25-34,M,2011,PL ,8.4 
PC,PB1041,Y25-34,M,2011,PT ,12.5 
PC,PB1041,Y25-34,M,2011,RO ,7.8 
PC,PB1041,Y25-34,M,2011,SI ,9.6 
PC,PB1041,Y25-34,M,2011,SK ,14.0 
PC,PB1041,Y25-34,M,2011,FI ,7.3 
PC,PB1041,Y25-34,M,2011,SE ,6.5 
PC,PB1041,Y25-34,M,2011,IS ,8.2 
PC,PB1041,Y25-34,M,2011,CH ,4.5 
PC,PB1041,Y25-34,M,2011,UK ,7.7 
PC,PB1041,Y25-34,M,2011,TR ,8.0 
PC,PB1041,Y25-34,T,2011,EU28 ,10.9 
PC,PB1041,Y25-34,T,2011,BE ,7.7 
PC,PB1041,Y25-34,T,2011,BG ,13.1 
PC,PB1041,Y25-34,T,2011,CZ ,6.6 
PC,PB1041,Y25-34,T,2011,DK ,8.9 
PC,PB1041,Y25-34,T,2011,DE ,7.2 
PC,PB1041,Y25-34,T,2011,EE ,12.6 
PC,PB1041,Y25-34,T,2011,IE ,16.5 
PC,PB1041,Y25-34,T,2011,EL ,23.0 
PC,PB1041,Y25-34,T,2011,ES ,24.2 
PC,PB1041,Y25-34,T,2011,FR ,9.4 
PC,PB1041,Y25-34,T,2011,HR ,17.9 
PC,PB1041,Y25-34,T,2011,IT ,10.9 
PC,PB1041,Y25-34,T,2011,CY ,7.7 
PC,PB1041,Y25-34,T,2011,LV ,15.5 
PC,PB1041,Y25-34,T,2011,LT ,15.1 
PC,PB1041,Y25-34,T,2011,LU ,5.2 
PC,PB1041,Y25-34,T,2011,HU ,10.5 
PC,PB1041,Y25-34,T,2011,MT ,5.9 u
PC,PB1041,Y25-34,T,2011,NL ,3.5 
PC,PB1041,Y25-34,T,2011,AT ,4.5 
PC,PB1041,Y25-34,T,2011,PL ,9.9 
PC,PB1041,Y25-34,T,2011,PT ,12.8 
PC,PB1041,Y25-34,T,2011,RO ,7.3 
PC,PB1041,Y25-34,T,2011,SI ,9.6 
PC,PB1041,Y25-34,T,2011,SK ,13.9 
PC,PB1041,Y25-34,T,2011,FI ,7.3 
PC,PB1041,Y25-34,T,2011,SE ,6.6 
PC,PB1041,Y25-34,T,2011,IS ,8.7 
PC,PB1041,Y25-34,T,2011,CH ,4.1 
PC,PB1041,Y25-34,T,2011,UK ,7.5 
PC,PB1041,Y25-34,T,2011,TR ,9.1 
PC,PB1041,Y25-64,F,2011,EU28 ,8.4 
PC,PB1041,Y25-64,F,2011,BE ,5.1 
PC,PB1041,Y25-64,F,2011,BG ,8.8 
PC,PB1041,Y25-64,F,2011,CZ ,6.7 
PC,PB1041,Y25-64,F,2011,DK ,5.6 
PC,PB1041,Y25-64,F,2011,DE ,5.6 
PC,PB1041,Y25-64,F,2011,EE ,9.8 
PC,PB1041,Y25-64,F,2011,IE ,8.8 
PC,PB1041,Y25-64,F,2011,EL ,18.2 
PC,PB1041,Y25-64,F,2011,ES ,20.2 
PC,PB1041,Y25-64,F,2011,FR ,7.7 
PC,PB1041,Y25-64,F,2011,HR ,11.4 
PC,PB1041,Y25-64,F,2011,IT ,7.7 
PC,PB1041,Y25-64,F,2011,CY ,5.4 
PC,PB1041,Y25-64,F,2011,LV ,11.9 
PC,PB1041,Y25-64,F,2011,LT ,10.5 
PC,PB1041,Y25-64,F,2011,LU ,5.6 
PC,PB1041,Y25-64,F,2011,HU ,9.4 
PC,PB1041,Y25-64,F,2011,MT ,5.9 u
PC,PB1041,Y25-64,F,2011,NL ,3.3 
PC,PB1041,Y25-64,F,2011,AT ,3.2 
PC,PB1041,Y25-64,F,2011,PL ,8.5 
PC,PB1041,Y25-64,F,2011,PT ,11.1 
PC,PB1041,Y25-64,F,2011,RO ,5.7 
PC,PB1041,Y25-64,F,2011,SI ,6.7 
PC,PB1041,Y25-64,F,2011,SK ,11.0 
PC,PB1041,Y25-64,F,2011,FI ,5.1 
PC,PB1041,Y25-64,F,2011,SE ,4.7 
PC,PB1041,Y25-64,F,2011,IS ,5.3 
PC,PB1041,Y25-64,F,2011,CH ,3.6 
PC,PB1041,Y25-64,F,2011,UK ,5.1 
PC,PB1041,Y25-64,F,2011,TR ,8.2 
PC,PB1041,Y25-64,M,2011,EU28 ,8.0 
PC,PB1041,Y25-64,M,2011,BE ,5.2 
PC,PB1041,Y25-64,M,2011,BG ,11.0 
PC,PB1041,Y25-64,M,2011,CZ ,4.3 
PC,PB1041,Y25-64,M,2011,DK ,5.8 
PC,PB1041,Y25-64,M,2011,DE ,6.1 
PC,PB1041,Y25-64,M,2011,EE ,10.4 
PC,PB1041,Y25-64,M,2011,IE ,16.1 
PC,PB1041,Y25-64,M,2011,EL ,12.4 
PC,PB1041,Y25-64,M,2011,ES ,19.0 
PC,PB1041,Y25-64,M,2011,FR ,6.8 
PC,PB1041,Y25-64,M,2011,HR ,11.0 
PC,PB1041,Y25-64,M,2011,IT ,5.7 
PC,PB1041,Y25-64,M,2011,CY ,6.0 
PC,PB1041,Y25-64,M,2011,LV ,18.3 
PC,PB1041,Y25-64,M,2011,LT ,16.1 
PC,PB1041,Y25-64,M,2011,LU ,3.4 
PC,PB1041,Y25-64,M,2011,HU ,9.1 
PC,PB1041,Y25-64,M,2011,MT ,5.1 
PC,PB1041,Y25-64,M,2011,NL ,3.4 
PC,PB1041,Y25-64,M,2011,AT ,3.0 
PC,PB1041,Y25-64,M,2011,PL ,7.0 
PC,PB1041,Y25-64,M,2011,PT ,10.9 
PC,PB1041,Y25-64,M,2011,RO ,6.1 
PC,PB1041,Y25-64,M,2011,SI ,7.2 
PC,PB1041,Y25-64,M,2011,SK ,11.1 
PC,PB1041,Y25-64,M,2011,FI ,6.3 
PC,PB1041,Y25-64,M,2011,SE ,5.0 
PC,PB1041,Y25-64,M,2011,IS ,6.5 
PC,PB1041,Y25-64,M,2011,CH ,3.0 
PC,PB1041,Y25-64,M,2011,UK ,5.8 
PC,PB1041,Y25-64,M,2011,TR ,6.9 
PC,PB1041,Y25-64,T,2011,EU28 ,8.2 
PC,PB1041,Y25-64,T,2011,BE ,5.1 
PC,PB1041,Y25-64,T,2011,BG ,10.0 
PC,PB1041,Y25-64,T,2011,CZ ,5.3 
PC,PB1041,Y25-64,T,2011,DK ,5.7 
PC,PB1041,Y25-64,T,2011,DE ,5.9 
PC,PB1041,Y25-64,T,2011,EE ,10.1 
PC,PB1041,Y25-64,T,2011,IE ,12.8 
PC,PB1041,Y25-64,T,2011,EL ,14.8 
PC,PB1041,Y25-64,T,2011,ES ,19.6 
PC,PB1041,Y25-64,T,2011,FR ,7.2 
PC,PB1041,Y25-64,T,2011,HR ,11.2 
PC,PB1041,Y25-64,T,2011,IT ,6.5 
PC,PB1041,Y25-64,T,2011,CY ,5.7 
PC,PB1041,Y25-64,T,2011,LV ,15.1 
PC,PB1041,Y25-64,T,2011,LT ,13.3 
PC,PB1041,Y25-64,T,2011,LU ,4.4 
PC,PB1041,Y25-64,T,2011,HU ,9.2 
PC,PB1041,Y25-64,T,2011,MT ,5.4 
PC,PB1041,Y25-64,T,2011,NL ,3.4 
PC,PB1041,Y25-64,T,2011,AT ,3.1 
PC,PB1041,Y25-64,T,2011,PL ,7.7 
PC,PB1041,Y25-64,T,2011,PT ,11.0 
PC,PB1041,Y25-64,T,2011,RO ,5.9 
PC,PB1041,Y25-64,T,2011,SI ,7.0 
PC,PB1041,Y25-64,T,2011,SK ,11.1 
PC,PB1041,Y25-64,T,2011,FI ,5.7 
PC,PB1041,Y25-64,T,2011,SE ,4.9 
PC,PB1041,Y25-64,T,2011,IS ,6.0 
PC,PB1041,Y25-64,T,2011,CH ,3.3 
PC,PB1041,Y25-64,T,2011,UK ,5.5 
PC,PB1041,Y25-64,T,2011,TR ,7.2 
PC,PB1041,Y35-44,F,2011,EU28 ,8.2 
PC,PB1041,Y35-44,F,2011,BE ,4.1 
PC,PB1041,Y35-44,F,2011,BG ,7.8 
PC,PB1041,Y35-44,F,2011,CZ ,6.7 
PC,PB1041,Y35-44,F,2011,DK ,5.5 
PC,PB1041,Y35-44,F,2011,DE ,5.8 
PC,PB1041,Y35-44,F,2011,EE ,9.4 
PC,PB1041,Y35-44,F,2011,IE ,9.1 
PC,PB1041,Y35-44,F,2011,EL ,17.0 
PC,PB1041,Y35-44,F,2011,ES ,20.4 
PC,PB1041,Y35-44,F,2011,FR ,7.0 
PC,PB1041,Y35-44,F,2011,HR ,12.5 u
PC,PB1041,Y35-44,F,2011,IT ,7.1 
PC,PB1041,Y35-44,F,2011,CY ,4.6 
PC,PB1041,Y35-44,F,2011,LV ,14.2 
PC,PB1041,Y35-44,F,2011,LT ,9.8 
PC,PB1041,Y35-44,F,2011,LU ,6.1 
PC,PB1041,Y35-44,F,2011,HU ,9.6 
PC,PB1041,Y35-44,F,2011,NL ,3.4 u
PC,PB1041,Y35-44,F,2011,AT ,2.9 u
PC,PB1041,Y35-44,F,2011,PL ,6.9 
PC,PB1041,Y35-44,F,2011,PT ,10.4 
PC,PB1041,Y35-44,F,2011,RO ,6.5 
PC,PB1041,Y35-44,F,2011,SI ,4.1 u
PC,PB1041,Y35-44,F,2011,SK ,10.9 
PC,PB1041,Y35-44,F,2011,FI ,3.9 
PC,PB1041,Y35-44,F,2011,SE ,4.9 
PC,PB1041,Y35-44,F,2011,CH ,5.1 
PC,PB1041,Y35-44,F,2011,UK ,5.3 
PC,PB1041,Y35-44,F,2011,TR ,6.0 
PC,PB1041,Y35-44,M,2011,EU28 ,7.3 
PC,PB1041,Y35-44,M,2011,BE ,5.4 
PC,PB1041,Y35-44,M,2011,BG ,9.8 
PC,PB1041,Y35-44,M,2011,CZ ,3.2 
PC,PB1041,Y35-44,M,2011,DK ,4.2 
PC,PB1041,Y35-44,M,2011,DE ,5.1 
PC,PB1041,Y35-44,M,2011,EE ,8.0 
PC,PB1041,Y35-44,M,2011,IE ,14.7 
PC,PB1041,Y35-44,M,2011,EL ,10.5 
PC,PB1041,Y35-44,M,2011,ES ,18.4 
PC,PB1041,Y35-44,M,2011,FR ,6.8 
PC,PB1041,Y35-44,M,2011,HR ,7.8 u
PC,PB1041,Y35-44,M,2011,IT ,5.3 
PC,PB1041,Y35-44,M,2011,CY ,5.8 
PC,PB1041,Y35-44,M,2011,LV ,17.7 
PC,PB1041,Y35-44,M,2011,LT ,14.4 
PC,PB1041,Y35-44,M,2011,LU ,2.7 u
PC,PB1041,Y35-44,M,2011,HU ,9.1 
PC,PB1041,Y35-44,M,2011,NL ,3 u
PC,PB1041,Y35-44,M,2011,AT ,2.5 u
PC,PB1041,Y35-44,M,2011,PL ,5.7 
PC,PB1041,Y35-44,M,2011,PT ,9.3 
PC,PB1041,Y35-44,M,2011,RO ,5.1 
PC,PB1041,Y35-44,M,2011,SI ,5.5 u
PC,PB1041,Y35-44,M,2011,SK ,8.9 
PC,PB1041,Y35-44,M,2011,FI ,5.1 
PC,PB1041,Y35-44,M,2011,SE ,4.2 
PC,PB1041,Y35-44,M,2011,CH ,3.3 
PC,PB1041,Y35-44,M,2011,UK ,4.6 
PC,PB1041,Y35-44,M,2011,TR ,5.8 
PC,PB1041,Y35-44,T,2011,EU28 ,7.7 
PC,PB1041,Y35-44,T,2011,BE ,4.8 
PC,PB1041,Y35-44,T,2011,BG ,8.9 
PC,PB1041,Y35-44,T,2011,CZ ,4.8 
PC,PB1041,Y35-44,T,2011,DK ,4.8 
PC,PB1041,Y35-44,T,2011,DE ,5.4 
PC,PB1041,Y35-44,T,2011,EE ,8.7 
PC,PB1041,Y35-44,T,2011,IE ,12.3 
PC,PB1041,Y35-44,T,2011,EL ,13.3 
PC,PB1041,Y35-44,T,2011,ES ,19.3 
PC,PB1041,Y35-44,T,2011,FR ,6.9 
PC,PB1041,Y35-44,T,2011,HR ,10.1 u
PC,PB1041,Y35-44,T,2011,IT ,6.1 
PC,PB1041,Y35-44,T,2011,CY ,5.2 
PC,PB1041,Y35-44,T,2011,LV ,16.0 
PC,PB1041,Y35-44,T,2011,LT ,12.0 
PC,PB1041,Y35-44,T,2011,LU ,4.2 
PC,PB1041,Y35-44,T,2011,HU ,9.3 
PC,PB1041,Y35-44,T,2011,MT ,5.1 u
PC,PB1041,Y35-44,T,2011,NL ,3.2 
PC,PB1041,Y35-44,T,2011,AT ,2.7 
PC,PB1041,Y35-44,T,2011,PL ,6.2 
PC,PB1041,Y35-44,T,2011,PT ,9.8 
PC,PB1041,Y35-44,T,2011,RO ,5.7 
PC,PB1041,Y35-44,T,2011,SI ,4.9 
PC,PB1041,Y35-44,T,2011,SK ,9.8 
PC,PB1041,Y35-44,T,2011,FI ,4.6 
PC,PB1041,Y35-44,T,2011,SE ,4.6 
PC,PB1041,Y35-44,T,2011,IS ,3.2 
PC,PB1041,Y35-44,T,2011,CH ,4.1 
PC,PB1041,Y35-44,T,2011,UK ,4.9 
PC,PB1041,Y35-44,T,2011,TR ,5.9 
PC,PB1041,Y45-54,F,2011,EU28 ,6.6 
PC,PB1041,Y45-54,F,2011,BE ,4.0 
PC,PB1041,Y45-54,F,2011,BG ,7.5 
PC,PB1041,Y45-54,F,2011,CZ ,5.9 
PC,PB1041,Y45-54,F,2011,DK ,4.0 
PC,PB1041,Y45-54,F,2011,DE ,4.7 
PC,PB1041,Y45-54,F,2011,EE ,8.7 
PC,PB1041,Y45-54,F,2011,IE ,6.9 
PC,PB1041,Y45-54,F,2011,EL ,12.5 
PC,PB1041,Y45-54,F,2011,ES ,17.6 
PC,PB1041,Y45-54,F,2011,FR ,5.8 
PC,PB1041,Y45-54,F,2011,HR ,7.2 u
PC,PB1041,Y45-54,F,2011,IT ,5.0 
PC,PB1041,Y45-54,F,2011,CY ,5.6 
PC,PB1041,Y45-54,F,2011,LV ,10.8 
PC,PB1041,Y45-54,F,2011,LT ,11.7 
PC,PB1041,Y45-54,F,2011,LU ,5.3 u
PC,PB1041,Y45-54,F,2011,HU ,8.0 
PC,PB1041,Y45-54,F,2011,NL ,3.5 u
PC,PB1041,Y45-54,F,2011,AT ,2.1 u
PC,PB1041,Y45-54,F,2011,PL ,7.3 
PC,PB1041,Y45-54,F,2011,PT ,9.9 
PC,PB1041,Y45-54,F,2011,RO ,4.8 
PC,PB1041,Y45-54,F,2011,SI ,5.9 u
PC,PB1041,Y45-54,F,2011,SK ,9.5 
PC,PB1041,Y45-54,F,2011,FI ,4.4 
PC,PB1041,Y45-54,F,2011,SE ,3.4 
PC,PB1041,Y45-54,F,2011,CH ,2.9 
PC,PB1041,Y45-54,F,2011,UK ,3.8 
PC,PB1041,Y45-54,F,2011,TR ,5.1 
PC,PB1041,Y45-54,M,2011,EU28 ,6.5 
PC,PB1041,Y45-54,M,2011,BE ,3.7 
PC,PB1041,Y45-54,M,2011,BG ,10.3 
PC,PB1041,Y45-54,M,2011,CZ ,3.8 
PC,PB1041,Y45-54,M,2011,DK ,5.1 
PC,PB1041,Y45-54,M,2011,DE ,5.2 
PC,PB1041,Y45-54,M,2011,EE ,8.8 u
PC,PB1041,Y45-54,M,2011,IE ,13.3 
PC,PB1041,Y45-54,M,2011,EL ,9.8 
PC,PB1041,Y45-54,M,2011,ES ,15.9 
PC,PB1041,Y45-54,M,2011,FR ,4.8 
PC,PB1041,Y45-54,M,2011,HR ,7.6 u
PC,PB1041,Y45-54,M,2011,IT ,4.1 
PC,PB1041,Y45-54,M,2011,CY ,3.4 
PC,PB1041,Y45-54,M,2011,LV ,18.7 
PC,PB1041,Y45-54,M,2011,LT ,15.0 
PC,PB1041,Y45-54,M,2011,LU ,3 u
PC,PB1041,Y45-54,M,2011,HU ,8.2 
PC,PB1041,Y45-54,M,2011,NL ,3.1 u
PC,PB1041,Y45-54,M,2011,AT ,2.7 u
PC,PB1041,Y45-54,M,2011,PL ,6.6 
PC,PB1041,Y45-54,M,2011,PT ,10.5 
PC,PB1041,Y45-54,M,2011,RO ,5.1 
PC,PB1041,Y45-54,M,2011,SI ,6.2 u
PC,PB1041,Y45-54,M,2011,SK ,10.1 
PC,PB1041,Y45-54,M,2011,FI ,6.0 
PC,PB1041,Y45-54,M,2011,SE ,4.2 
PC,PB1041,Y45-54,M,2011,IS ,7.4 
PC,PB1041,Y45-54,M,2011,CH ,1.4 
PC,PB1041,Y45-54,M,2011,UK ,5.1 
PC,PB1041,Y45-54,M,2011,TR ,6.4 
PC,PB1041,Y45-54,T,2011,EU28 ,6.6 
PC,PB1041,Y45-54,T,2011,BE ,3.8 
PC,PB1041,Y45-54,T,2011,BG ,9.0 
PC,PB1041,Y45-54,T,2011,CZ ,4.8 
PC,PB1041,Y45-54,T,2011,DK ,4.6 
PC,PB1041,Y45-54,T,2011,DE ,5.0 
PC,PB1041,Y45-54,T,2011,EE ,8.8 
PC,PB1041,Y45-54,T,2011,IE ,10.5 
PC,PB1041,Y45-54,T,2011,EL ,10.9 
PC,PB1041,Y45-54,T,2011,ES ,16.7 
PC,PB1041,Y45-54,T,2011,FR ,5.2 
PC,PB1041,Y45-54,T,2011,HR ,7.4 u
PC,PB1041,Y45-54,T,2011,IT ,4.4 
PC,PB1041,Y45-54,T,2011,CY ,4.4 
PC,PB1041,Y45-54,T,2011,LV ,14.6 
PC,PB1041,Y45-54,T,2011,LT ,13.3 
PC,PB1041,Y45-54,T,2011,LU ,3.9 
PC,PB1041,Y45-54,T,2011,HU ,8.1 
PC,PB1041,Y45-54,T,2011,MT ,5.3 u
PC,PB1041,Y45-54,T,2011,NL ,3.2 
PC,PB1041,Y45-54,T,2011,AT ,2.4 
PC,PB1041,Y45-54,T,2011,PL ,6.9 
PC,PB1041,Y45-54,T,2011,PT ,10.2 
PC,PB1041,Y45-54,T,2011,RO ,5.0 
PC,PB1041,Y45-54,T,2011,SI ,6.1 
PC,PB1041,Y45-54,T,2011,SK ,9.8 
PC,PB1041,Y45-54,T,2011,FI ,5.2 
PC,PB1041,Y45-54,T,2011,SE ,3.8 
PC,PB1041,Y45-54,T,2011,IS ,5.5 
PC,PB1041,Y45-54,T,2011,CH ,2.0 
PC,PB1041,Y45-54,T,2011,UK ,4.5 
PC,PB1041,Y45-54,T,2011,TR ,6.1 
PC,PB1041,Y55-64,F,2011,EU28 ,5.8 
PC,PB1041,Y55-64,F,2011,BE ,3.5 u
PC,PB1041,Y55-64,F,2011,BG ,7.6 
PC,PB1041,Y55-64,F,2011,CZ ,4.3 
PC,PB1041,Y55-64,F,2011,DK ,3.9 u
PC,PB1041,Y55-64,F,2011,DE ,6.7 
PC,PB1041,Y55-64,F,2011,EE ,8.7 u
PC,PB1041,Y55-64,F,2011,IE ,5.3 
PC,PB1041,Y55-64,F,2011,EL ,8.3 
PC,PB1041,Y55-64,F,2011,ES ,13.6 
PC,PB1041,Y55-64,F,2011,FR ,6.2 u
PC,PB1041,Y55-64,F,2011,HR ,8.6 u
PC,PB1041,Y55-64,F,2011,IT ,3.0 
PC,PB1041,Y55-64,F,2011,CY ,3.6 u
PC,PB1041,Y55-64,F,2011,LV ,9.3 u
PC,PB1041,Y55-64,F,2011,LT ,8.8 u
PC,PB1041,Y55-64,F,2011,HU ,7.4 
PC,PB1041,Y55-64,F,2011,NL ,3.5 u
PC,PB1041,Y55-64,F,2011,PL ,5.2 
PC,PB1041,Y55-64,F,2011,PT ,10.1 
PC,PB1041,Y55-64,F,2011,RO ,1.8 u
PC,PB1041,Y55-64,F,2011,SI ,6.5 u
PC,PB1041,Y55-64,F,2011,SK ,8.0 
PC,PB1041,Y55-64,F,2011,FI ,4.8 
PC,PB1041,Y55-64,F,2011,SE ,3.6 
PC,PB1041,Y55-64,F,2011,CH ,2 u
PC,PB1041,Y55-64,F,2011,UK ,2.9 
PC,PB1041,Y55-64,F,2011,TR ,2.0 
PC,PB1041,Y55-64,M,2011,EU28 ,7.0 
PC,PB1041,Y55-64,M,2011,BE ,2.2 u
PC,PB1041,Y55-64,M,2011,BG ,9.2 
PC,PB1041,Y55-64,M,2011,CZ ,5.4 
PC,PB1041,Y55-64,M,2011,DK ,5.8 
PC,PB1041,Y55-64,M,2011,DE ,5.9 
PC,PB1041,Y55-64,M,2011,EE ,11.9 u
PC,PB1041,Y55-64,M,2011,IE ,11.1 
PC,PB1041,Y55-64,M,2011,EL ,6.9 
PC,PB1041,Y55-64,M,2011,ES ,15.5 
PC,PB1041,Y55-64,M,2011,FR ,7.2 u
PC,PB1041,Y55-64,M,2011,HR ,9.5 u
PC,PB1041,Y55-64,M,2011,IT ,3.7 
PC,PB1041,Y55-64,M,2011,CY ,4.4 u
PC,PB1041,Y55-64,M,2011,LV ,17.9 
PC,PB1041,Y55-64,M,2011,LT ,15.8 
PC,PB1041,Y55-64,M,2011,HU ,8.6 
PC,PB1041,Y55-64,M,2011,NL ,4.1 u
PC,PB1041,Y55-64,M,2011,PL ,7.1 
PC,PB1041,Y55-64,M,2011,PT ,11.6 
PC,PB1041,Y55-64,M,2011,RO ,5.7 
PC,PB1041,Y55-64,M,2011,SI ,6.8 u
PC,PB1041,Y55-64,M,2011,SK ,10.5 
PC,PB1041,Y55-64,M,2011,FI ,7.1 
PC,PB1041,Y55-64,M,2011,SE ,4.9 
PC,PB1041,Y55-64,M,2011,CH ,2.6 
PC,PB1041,Y55-64,M,2011,UK ,5.4 
PC,PB1041,Y55-64,M,2011,TR ,6.2 
PC,PB1041,Y55-64,T,2011,EU28 ,6.5 
PC,PB1041,Y55-64,T,2011,BE ,2.8 
PC,PB1041,Y55-64,T,2011,BG ,8.5 
PC,PB1041,Y55-64,T,2011,CZ ,5.0 
PC,PB1041,Y55-64,T,2011,DK ,4.9 
PC,PB1041,Y55-64,T,2011,DE ,6.3 
PC,PB1041,Y55-64,T,2011,EE ,10.2 
PC,PB1041,Y55-64,T,2011,IE ,8.7 
PC,PB1041,Y55-64,T,2011,EL ,7.4 
PC,PB1041,Y55-64,T,2011,ES ,14.7 
PC,PB1041,Y55-64,T,2011,FR ,6.7 
PC,PB1041,Y55-64,T,2011,HR ,9.2 u
PC,PB1041,Y55-64,T,2011,IT ,3.5 
PC,PB1041,Y55-64,T,2011,CY ,4.1 
PC,PB1041,Y55-64,T,2011,LV ,13.5 
PC,PB1041,Y55-64,T,2011,LT ,12.4 
PC,PB1041,Y55-64,T,2011,HU ,8.1 
PC,PB1041,Y55-64,T,2011,NL ,3.9 
PC,PB1041,Y55-64,T,2011,PL ,6.4 
PC,PB1041,Y55-64,T,2011,PT ,11.0 
PC,PB1041,Y55-64,T,2011,RO ,4.1 
PC,PB1041,Y55-64,T,2011,SI ,6.7 u
PC,PB1041,Y55-64,T,2011,SK ,9.5 
PC,PB1041,Y55-64,T,2011,FI ,6.0 
PC,PB1041,Y55-64,T,2011,SE ,4.3 
PC,PB1041,Y55-64,T,2011,IS ,6.7 
PC,PB1041,Y55-64,T,2011,CH ,2.3 
PC,PB1041,Y55-64,T,2011,UK ,4.3 
PC,PB1041,Y55-64,T,2011,TR ,5.2 
PC,PB1070,TOTAL,F,2011,EU28 ,17.1 
PC,PB1070,TOTAL,F,2011,BE ,13.9 
PC,PB1070,TOTAL,F,2011,BG ,23.2 u
PC,PB1070,TOTAL,F,2011,CZ ,21.2 
PC,PB1070,TOTAL,F,2011,DK ,11.6 
PC,PB1070,TOTAL,F,2011,DE ,20.0 
PC,PB1070,TOTAL,F,2011,EE ,21.7 
PC,PB1070,TOTAL,F,2011,IE ,16.0 
PC,PB1070,TOTAL,F,2011,EL ,15.8 
PC,PB1070,TOTAL,F,2011,ES ,30.0 
PC,PB1070,TOTAL,F,2011,FR ,21.3 
PC,PB1070,TOTAL,F,2011,HR ,21.7 u
PC,PB1070,TOTAL,F,2011,IT ,10.3 
PC,PB1070,TOTAL,F,2011,CY ,11.6 u
PC,PB1070,TOTAL,F,2011,LV ,18.7 
PC,PB1070,TOTAL,F,2011,LT ,23.1 
PC,PB1070,TOTAL,F,2011,LU ,7.9 u
PC,PB1070,TOTAL,F,2011,HU ,24.1 
PC,PB1070,TOTAL,F,2011,NL ,7.6 u
PC,PB1070,TOTAL,F,2011,AT ,9.0 
PC,PB1070,TOTAL,F,2011,PL ,15.3 
PC,PB1070,TOTAL,F,2011,PT ,16.2 
PC,PB1070,TOTAL,F,2011,RO ,7.8 
PC,PB1070,TOTAL,F,2011,SI ,11.1 u
PC,PB1070,TOTAL,F,2011,SK ,20.2 
PC,PB1070,TOTAL,F,2011,FI ,10.1 
PC,PB1070,TOTAL,F,2011,SE ,11.0 
PC,PB1070,TOTAL,F,2011,IS ,9.9 
PC,PB1070,TOTAL,F,2011,CH ,6.4 
PC,PB1070,TOTAL,F,2011,UK ,13.2 
PC,PB1070,TOTAL,F,2011,TR ,4.9 
PC,PB1070,TOTAL,M,2011,EU28 ,17.7 
PC,PB1070,TOTAL,M,2011,BE ,13.6 
PC,PB1070,TOTAL,M,2011,BG ,20.3 u
PC,PB1070,TOTAL,M,2011,CZ ,20.7 
PC,PB1070,TOTAL,M,2011,DK ,15.2 
PC,PB1070,TOTAL,M,2011,DE ,23.2 
PC,PB1070,TOTAL,M,2011,EE ,33.8 
PC,PB1070,TOTAL,M,2011,IE ,28.1 
PC,PB1070,TOTAL,M,2011,EL ,15.2 
PC,PB1070,TOTAL,M,2011,ES ,26.2 
PC,PB1070,TOTAL,M,2011,FR ,18.6 
PC,PB1070,TOTAL,M,2011,HR ,14.3 u
PC,PB1070,TOTAL,M,2011,IT ,12.4 
PC,PB1070,TOTAL,M,2011,CY ,11.1 
PC,PB1070,TOTAL,M,2011,LV ,25.9 
PC,PB1070,TOTAL,M,2011,LT ,31.7 
PC,PB1070,TOTAL,M,2011,LU ,8.2 u
PC,PB1070,TOTAL,M,2011,HU ,26.0 
PC,PB1070,TOTAL,M,2011,NL ,11.9 u
PC,PB1070,TOTAL,M,2011,AT ,6.9 
PC,PB1070,TOTAL,M,2011,PL ,14.6 
PC,PB1070,TOTAL,M,2011,PT ,16.6 
PC,PB1070,TOTAL,M,2011,RO ,10.5 
PC,PB1070,TOTAL,M,2011,SI ,12.1 u
PC,PB1070,TOTAL,M,2011,SK ,23.0 
PC,PB1070,TOTAL,M,2011,FI ,11.8 
PC,PB1070,TOTAL,M,2011,SE ,11.9 
PC,PB1070,TOTAL,M,2011,IS ,15.1 
PC,PB1070,TOTAL,M,2011,CH ,5.5 
PC,PB1070,TOTAL,M,2011,UK ,16.9 
PC,PB1070,TOTAL,M,2011,TR ,8.9 
PC,PB1070,TOTAL,T,2011,EU28 ,17.4 
PC,PB1070,TOTAL,T,2011,BE ,13.8 
PC,PB1070,TOTAL,T,2011,BG ,21.7 
PC,PB1070,TOTAL,T,2011,CZ ,21.0 
PC,PB1070,TOTAL,T,2011,DK ,13.2 
PC,PB1070,TOTAL,T,2011,DE ,21.7 
PC,PB1070,TOTAL,T,2011,EE ,27.2 
PC,PB1070,TOTAL,T,2011,IE ,22.9 
PC,PB1070,TOTAL,T,2011,EL ,15.5 
PC,PB1070,TOTAL,T,2011,ES ,28.2 
PC,PB1070,TOTAL,T,2011,FR ,20.1 
PC,PB1070,TOTAL,T,2011,HR ,17.6 u
PC,PB1070,TOTAL,T,2011,IT ,11.4 
PC,PB1070,TOTAL,T,2011,CY ,11.3 
PC,PB1070,TOTAL,T,2011,LV ,21.5 
PC,PB1070,TOTAL,T,2011,LT ,26.9 
PC,PB1070,TOTAL,T,2011,LU ,8.0 
PC,PB1070,TOTAL,T,2011,HU ,25.0 
PC,PB1070,TOTAL,T,2011,NL ,9.5 
PC,PB1070,TOTAL,T,2011,AT ,7.9 
PC,PB1070,TOTAL,T,2011,PL ,14.9 
PC,PB1070,TOTAL,T,2011,PT ,16.4 
PC,PB1070,TOTAL,T,2011,RO ,9.1 
PC,PB1070,TOTAL,T,2011,SI ,11.7 
PC,PB1070,TOTAL,T,2011,SK ,21.6 
PC,PB1070,TOTAL,T,2011,FI ,10.9 
PC,PB1070,TOTAL,T,2011,SE ,11.4 
PC,PB1070,TOTAL,T,2011,IS ,12.2 
PC,PB1070,TOTAL,T,2011,CH ,6.0 
PC,PB1070,TOTAL,T,2011,UK ,15.0 
PC,PB1070,TOTAL,T,2011,TR ,7.4 
PC,PB1070,Y15-24,F,2011,EU28 ,29.5 
PC,PB1070,Y15-24,F,2011,CZ ,43.8 u
PC,PB1070,Y15-24,F,2011,ES ,45.1 
PC,PB1070,Y15-24,F,2011,IT ,53.7 u
PC,PB1070,Y15-24,F,2011,NL ,13.6 u
PC,PB1070,Y15-24,F,2011,FI ,28.7 u
PC,PB1070,Y15-24,F,2011,SE ,24.5 
PC,PB1070,Y15-24,F,2011,UK ,22.0 
PC,PB1070,Y15-24,F,2011,TR ,14.1 
PC,PB1070,Y15-24,M,2011,EU28 ,34.7 
PC,PB1070,Y15-24,M,2011,CZ ,32 u
PC,PB1070,Y15-24,M,2011,DK ,31.8 u
PC,PB1070,Y15-24,M,2011,ES ,62.8 
PC,PB1070,Y15-24,M,2011,IT ,38.2 u
PC,PB1070,Y15-24,M,2011,NL ,14.4 u
PC,PB1070,Y15-24,M,2011,FI ,31.3 u
PC,PB1070,Y15-24,M,2011,SE ,38.9 
PC,PB1070,Y15-24,M,2011,CH ,9 u
PC,PB1070,Y15-24,M,2011,UK ,39.8 
PC,PB1070,Y15-24,M,2011,TR ,14.3 
PC,PB1070,Y15-24,T,2011,EU28 ,32.0 
PC,PB1070,Y15-24,T,2011,BE ,30.7 u
PC,PB1070,Y15-24,T,2011,CZ ,36.7 u
PC,PB1070,Y15-24,T,2011,DK ,18.6 u
PC,PB1070,Y15-24,T,2011,IE ,45.9 
PC,PB1070,Y15-24,T,2011,ES ,54.8 
PC,PB1070,Y15-24,T,2011,FR ,34.8 u
PC,PB1070,Y15-24,T,2011,IT ,44.5 
PC,PB1070,Y15-24,T,2011,NL ,13.9 u
PC,PB1070,Y15-24,T,2011,PL ,31.8 u
PC,PB1070,Y15-24,T,2011,FI ,29.9 
PC,PB1070,Y15-24,T,2011,SE ,30.1 
PC,PB1070,Y15-24,T,2011,IS ,21.8 
PC,PB1070,Y15-24,T,2011,CH ,7.1 u
PC,PB1070,Y15-24,T,2011,UK ,30.5 
PC,PB1070,Y15-24,T,2011,TR ,14.3 
PC,PB1070,Y25-34,F,2011,EU28 ,23.6 
PC,PB1070,Y25-34,F,2011,BE ,25.4 u
PC,PB1070,Y25-34,F,2011,CZ ,24.7 u
PC,PB1070,Y25-34,F,2011,DK ,18.9 u
PC,PB1070,Y25-34,F,2011,ES ,30.0 
PC,PB1070,Y25-34,F,2011,FR ,29 u
PC,PB1070,Y25-34,F,2011,IT ,13.9 u
PC,PB1070,Y25-34,F,2011,NL ,6.7 u
PC,PB1070,Y25-34,F,2011,PL ,18.7 u
PC,PB1070,Y25-34,F,2011,PT ,15.2 
PC,PB1070,Y25-34,F,2011,SI ,18 u
PC,PB1070,Y25-34,F,2011,FI ,8 u
PC,PB1070,Y25-34,F,2011,SE ,15.4 
PC,PB1070,Y25-34,F,2011,CH ,7.6 u
PC,PB1070,Y25-34,F,2011,UK ,19.1 
PC,PB1070,Y25-34,F,2011,TR ,10.9 
PC,PB1070,Y25-34,M,2011,EU28 ,20.6 
PC,PB1070,Y25-34,M,2011,BE ,30.3 u
PC,PB1070,Y25-34,M,2011,CZ ,21.4 u
PC,PB1070,Y25-34,M,2011,DK ,18.8 u
PC,PB1070,Y25-34,M,2011,IE ,34.8 
PC,PB1070,Y25-34,M,2011,ES ,38.0 
PC,PB1070,Y25-34,M,2011,IT ,20.0 
PC,PB1070,Y25-34,M,2011,HU ,29.4 u
PC,PB1070,Y25-34,M,2011,NL ,20.5 u
PC,PB1070,Y25-34,M,2011,PL ,16.1 u
PC,PB1070,Y25-34,M,2011,SI ,13.1 u
PC,PB1070,Y25-34,M,2011,SK ,49.8 
PC,PB1070,Y25-34,M,2011,FI ,13.1 u
PC,PB1070,Y25-34,M,2011,UK ,18.8 
PC,PB1070,Y25-34,M,2011,TR ,10.8 
PC,PB1070,Y25-34,T,2011,EU28 ,22.1 
PC,PB1070,Y25-34,T,2011,BE ,27.5 
PC,PB1070,Y25-34,T,2011,CZ ,22.9 
PC,PB1070,Y25-34,T,2011,DK ,18.8 
PC,PB1070,Y25-34,T,2011,DE ,30.5 
PC,PB1070,Y25-34,T,2011,IE ,27.6 
PC,PB1070,Y25-34,T,2011,EL ,26.8 u
PC,PB1070,Y25-34,T,2011,ES ,33.9 
PC,PB1070,Y25-34,T,2011,FR ,23.4 
PC,PB1070,Y25-34,T,2011,IT ,17.3 
PC,PB1070,Y25-34,T,2011,HU ,28.3 
PC,PB1070,Y25-34,T,2011,NL ,11.9 u
PC,PB1070,Y25-34,T,2011,PL ,17.1 u
PC,PB1070,Y25-34,T,2011,PT ,16.7 
PC,PB1070,Y25-34,T,2011,SI ,15.4 u
PC,PB1070,Y25-34,T,2011,SK ,40.7 
PC,PB1070,Y25-34,T,2011,FI ,10.4 
PC,PB1070,Y25-34,T,2011,SE ,12.8 
PC,PB1070,Y25-34,T,2011,IS ,18.7 
PC,PB1070,Y25-34,T,2011,CH ,5.6 u
PC,PB1070,Y25-34,T,2011,UK ,19.0 
PC,PB1070,Y25-34,T,2011,TR ,10.8 
PC,PB1070,Y25-64,F,2011,EU28 ,16.4 
PC,PB1070,Y25-64,F,2011,BE ,13.2 
PC,PB1070,Y25-64,F,2011,BG ,23.4 u
PC,PB1070,Y25-64,F,2011,CZ ,20.6 
PC,PB1070,Y25-64,F,2011,DK ,12.0 
PC,PB1070,Y25-64,F,2011,DE ,19.1 
PC,PB1070,Y25-64,F,2011,EE ,21.9 
PC,PB1070,Y25-64,F,2011,IE ,14.6 
PC,PB1070,Y25-64,F,2011,EL ,15.5 
PC,PB1070,Y25-64,F,2011,ES ,29.6 
PC,PB1070,Y25-64,F,2011,FR ,20.4 
PC,PB1070,Y25-64,F,2011,HR ,21.1 u
PC,PB1070,Y25-64,F,2011,IT ,9.7 
PC,PB1070,Y25-64,F,2011,CY ,11.1 u
PC,PB1070,Y25-64,F,2011,LV ,17.5 
PC,PB1070,Y25-64,F,2011,LT ,22.7 
PC,PB1070,Y25-64,F,2011,LU ,7 u
PC,PB1070,Y25-64,F,2011,HU ,23.9 
PC,PB1070,Y25-64,F,2011,NL ,7.1 u
PC,PB1070,Y25-64,F,2011,AT ,8.5 
PC,PB1070,Y25-64,F,2011,PL ,14.8 
PC,PB1070,Y25-64,F,2011,PT ,15.7 
PC,PB1070,Y25-64,F,2011,RO ,7.6 
PC,PB1070,Y25-64,F,2011,SI ,10.5 u
PC,PB1070,Y25-64,F,2011,SK ,20.7 
PC,PB1070,Y25-64,F,2011,FI ,8.8 
PC,PB1070,Y25-64,F,2011,SE ,9.6 
PC,PB1070,Y25-64,F,2011,IS ,7.5 
PC,PB1070,Y25-64,F,2011,CH ,6.5 
PC,PB1070,Y25-64,F,2011,UK ,12.3 
PC,PB1070,Y25-64,F,2011,TR ,4.4 
PC,PB1070,Y25-64,M,2011,EU28 ,16.8 
PC,PB1070,Y25-64,M,2011,BE ,13.0 
PC,PB1070,Y25-64,M,2011,BG ,19.9 u
PC,PB1070,Y25-64,M,2011,CZ ,20.2 
PC,PB1070,Y25-64,M,2011,DK ,13.5 
PC,PB1070,Y25-64,M,2011,DE ,22.8 
PC,PB1070,Y25-64,M,2011,EE ,33.5 
PC,PB1070,Y25-64,M,2011,IE ,26.7 
PC,PB1070,Y25-64,M,2011,EL ,14.5 
PC,PB1070,Y25-64,M,2011,ES ,24.8 
PC,PB1070,Y25-64,M,2011,FR ,18.1 
PC,PB1070,Y25-64,M,2011,HR ,13.1 u
PC,PB1070,Y25-64,M,2011,IT ,11.9 
PC,PB1070,Y25-64,M,2011,CY ,10.5 
PC,PB1070,Y25-64,M,2011,LV ,26.4 
PC,PB1070,Y25-64,M,2011,LT ,31.0 
PC,PB1070,Y25-64,M,2011,LU ,7.8 u
PC,PB1070,Y25-64,M,2011,HU ,25.4 
PC,PB1070,Y25-64,M,2011,NL ,11.7 u
PC,PB1070,Y25-64,M,2011,AT ,6.8 
PC,PB1070,Y25-64,M,2011,PL ,14.1 
PC,PB1070,Y25-64,M,2011,PT ,15.9 
PC,PB1070,Y25-64,M,2011,RO ,9.5 
PC,PB1070,Y25-64,M,2011,SI ,12.3 u
PC,PB1070,Y25-64,M,2011,SK ,21.4 
PC,PB1070,Y25-64,M,2011,FI ,10.3 
PC,PB1070,Y25-64,M,2011,SE ,9.7 
PC,PB1070,Y25-64,M,2011,IS ,12.4 
PC,PB1070,Y25-64,M,2011,CH ,5.0 
PC,PB1070,Y25-64,M,2011,UK ,14.6 
PC,PB1070,Y25-64,M,2011,TR ,8.6 
PC,PB1070,Y25-64,T,2011,EU28 ,16.6 
PC,PB1070,Y25-64,T,2011,BE ,13.1 
PC,PB1070,Y25-64,T,2011,BG ,21.7 
PC,PB1070,Y25-64,T,2011,CZ ,20.4 
PC,PB1070,Y25-64,T,2011,DK ,12.6 
PC,PB1070,Y25-64,T,2011,DE ,21.0 
PC,PB1070,Y25-64,T,2011,EE ,27.1 
PC,PB1070,Y25-64,T,2011,IE ,21.5 
PC,PB1070,Y25-64,T,2011,EL ,14.9 
PC,PB1070,Y25-64,T,2011,ES ,27.3 
PC,PB1070,Y25-64,T,2011,FR ,19.3 
PC,PB1070,Y25-64,T,2011,HR ,16.7 u
PC,PB1070,Y25-64,T,2011,IT ,10.9 
PC,PB1070,Y25-64,T,2011,CY ,10.7 
PC,PB1070,Y25-64,T,2011,LV ,21.0 
PC,PB1070,Y25-64,T,2011,LT ,26.3 
PC,PB1070,Y25-64,T,2011,LU ,7.4 
PC,PB1070,Y25-64,T,2011,HU ,24.6 
PC,PB1070,Y25-64,T,2011,NL ,9.1 
PC,PB1070,Y25-64,T,2011,AT ,7.6 
PC,PB1070,Y25-64,T,2011,PL ,14.4 
PC,PB1070,Y25-64,T,2011,PT ,15.8 
PC,PB1070,Y25-64,T,2011,RO ,8.5 
PC,PB1070,Y25-64,T,2011,SI ,11.5 
PC,PB1070,Y25-64,T,2011,SK ,21.0 
PC,PB1070,Y25-64,T,2011,FI ,9.4 
PC,PB1070,Y25-64,T,2011,SE ,9.6 
PC,PB1070,Y25-64,T,2011,IS ,9.7 
PC,PB1070,Y25-64,T,2011,CH ,5.8 
PC,PB1070,Y25-64,T,2011,UK ,13.4 
PC,PB1070,Y25-64,T,2011,TR ,7.0 
PC,PB1070,Y35-44,F,2011,EU28 ,18.1 
PC,PB1070,Y35-44,F,2011,BE ,11.5 u
PC,PB1070,Y35-44,F,2011,CZ ,25.6 
PC,PB1070,Y35-44,F,2011,DK ,10.9 u
PC,PB1070,Y35-44,F,2011,EL ,25.7 u
PC,PB1070,Y35-44,F,2011,ES ,30.0 
PC,PB1070,Y35-44,F,2011,FR ,24.6 u
PC,PB1070,Y35-44,F,2011,IT ,11.7 
PC,PB1070,Y35-44,F,2011,HU ,33.8 
PC,PB1070,Y35-44,F,2011,NL ,6.6 u
PC,PB1070,Y35-44,F,2011,AT ,14.2 u
PC,PB1070,Y35-44,F,2011,PL ,16.9 u
PC,PB1070,Y35-44,F,2011,PT ,18.5 
PC,PB1070,Y35-44,F,2011,SI ,6.8 u
PC,PB1070,Y35-44,F,2011,SK ,21.1 
PC,PB1070,Y35-44,F,2011,FI ,13.0 
PC,PB1070,Y35-44,F,2011,SE ,10.0 
PC,PB1070,Y35-44,F,2011,CH ,7.4 u
PC,PB1070,Y35-44,F,2011,UK ,14.6 
PC,PB1070,Y35-44,F,2011,TR ,5.2 
PC,PB1070,Y35-44,M,2011,EU28 ,18.4 
PC,PB1070,Y35-44,M,2011,BE ,12.8 u
PC,PB1070,Y35-44,M,2011,CZ ,19.4 u
PC,PB1070,Y35-44,M,2011,DK ,13.3 u
PC,PB1070,Y35-44,M,2011,DE ,27.3 
PC,PB1070,Y35-44,M,2011,IE ,27.5 
PC,PB1070,Y35-44,M,2011,EL ,19.4 u
PC,PB1070,Y35-44,M,2011,ES ,22.4 
PC,PB1070,Y35-44,M,2011,FR ,22.1 u
PC,PB1070,Y35-44,M,2011,IT ,13.8 
PC,PB1070,Y35-44,M,2011,CY ,17.7 u
PC,PB1070,Y35-44,M,2011,HU ,19.5 u
PC,PB1070,Y35-44,M,2011,NL ,16.4 u
PC,PB1070,Y35-44,M,2011,PL ,13.7 u
PC,PB1070,Y35-44,M,2011,PT ,14.2 
PC,PB1070,Y35-44,M,2011,SI ,9.8 u
PC,PB1070,Y35-44,M,2011,SK ,20 u
PC,PB1070,Y35-44,M,2011,FI ,13.0 
PC,PB1070,Y35-44,M,2011,SE ,11.8 u
PC,PB1070,Y35-44,M,2011,CH ,8.1 u
PC,PB1070,Y35-44,M,2011,UK ,14.7 
PC,PB1070,Y35-44,M,2011,TR ,9.4 
PC,PB1070,Y35-44,T,2011,EU28 ,18.3 
PC,PB1070,Y35-44,T,2011,BE ,12.1 
PC,PB1070,Y35-44,T,2011,CZ ,22.8 
PC,PB1070,Y35-44,T,2011,DK ,12.0 
PC,PB1070,Y35-44,T,2011,DE ,21.5 
PC,PB1070,Y35-44,T,2011,EE ,29.5 u
PC,PB1070,Y35-44,T,2011,IE ,22.6 
PC,PB1070,Y35-44,T,2011,EL ,22.4 u
PC,PB1070,Y35-44,T,2011,ES ,26.4 
PC,PB1070,Y35-44,T,2011,FR ,23.4 
PC,PB1070,Y35-44,T,2011,HR ,24.5 u
PC,PB1070,Y35-44,T,2011,IT ,12.9 
PC,PB1070,Y35-44,T,2011,CY ,18.9 u
PC,PB1070,Y35-44,T,2011,LT ,26.7 u
PC,PB1070,Y35-44,T,2011,LU ,8.2 u
PC,PB1070,Y35-44,T,2011,HU ,27.2 
PC,PB1070,Y35-44,T,2011,NL ,10.6 u
PC,PB1070,Y35-44,T,2011,AT ,8.2 u
PC,PB1070,Y35-44,T,2011,PL ,15.3 
PC,PB1070,Y35-44,T,2011,PT ,16.6 
PC,PB1070,Y35-44,T,2011,RO ,12.3 u
PC,PB1070,Y35-44,T,2011,SI ,8.2 u
PC,PB1070,Y35-44,T,2011,SK ,20.6 
PC,PB1070,Y35-44,T,2011,FI ,13.0 
PC,PB1070,Y35-44,T,2011,SE ,10.8 
PC,PB1070,Y35-44,T,2011,CH ,7.8 
PC,PB1070,Y35-44,T,2011,UK ,14.7 
PC,PB1070,Y35-44,T,2011,TR ,7.9 
PC,PB1070,Y45-54,F,2011,EU28 ,14.4 
PC,PB1070,Y45-54,F,2011,BE ,8.6 u
PC,PB1070,Y45-54,F,2011,CZ ,20.5 
PC,PB1070,Y45-54,F,2011,DK ,12.4 u
PC,PB1070,Y45-54,F,2011,DE ,17.7 
PC,PB1070,Y45-54,F,2011,EE ,27.6 u
PC,PB1070,Y45-54,F,2011,IE ,15.7 
PC,PB1070,Y45-54,F,2011,EL ,16.3 u
PC,PB1070,Y45-54,F,2011,ES ,30.1 
PC,PB1070,Y45-54,F,2011,FR ,14 u
PC,PB1070,Y45-54,F,2011,IT ,8.8 
PC,PB1070,Y45-54,F,2011,LT ,25.6 u
PC,PB1070,Y45-54,F,2011,HU ,24.2 
PC,PB1070,Y45-54,F,2011,NL ,7.7 u
PC,PB1070,Y45-54,F,2011,PL ,15.6 
PC,PB1070,Y45-54,F,2011,PT ,16.7 
PC,PB1070,Y45-54,F,2011,RO ,11.8 u
PC,PB1070,Y45-54,F,2011,SI ,11.7 u
PC,PB1070,Y45-54,F,2011,SK ,19.4 
PC,PB1070,Y45-54,F,2011,FI ,6.6 u
PC,PB1070,Y45-54,F,2011,SE ,9.2 
PC,PB1070,Y45-54,F,2011,CH ,4.7 u
PC,PB1070,Y45-54,F,2011,UK ,8.9 
PC,PB1070,Y45-54,F,2011,TR ,2.7 
PC,PB1070,Y45-54,M,2011,EU28 ,15.2 
PC,PB1070,Y45-54,M,2011,BE ,9.6 u
PC,PB1070,Y45-54,M,2011,CZ ,25.7 
PC,PB1070,Y45-54,M,2011,DE ,19.4 
PC,PB1070,Y45-54,M,2011,IE ,23.4 
PC,PB1070,Y45-54,M,2011,EL ,13.5 u
PC,PB1070,Y45-54,M,2011,ES ,20.8 
PC,PB1070,Y45-54,M,2011,FR ,16.9 u
PC,PB1070,Y45-54,M,2011,IT ,9.9 
PC,PB1070,Y45-54,M,2011,CY ,14 u
PC,PB1070,Y45-54,M,2011,LT ,28.6 u
PC,PB1070,Y45-54,M,2011,HU ,27.9 
PC,PB1070,Y45-54,M,2011,NL ,8.8 u
PC,PB1070,Y45-54,M,2011,AT ,7.4 u
PC,PB1070,Y45-54,M,2011,PL ,15.6 
PC,PB1070,Y45-54,M,2011,PT ,16.7 
PC,PB1070,Y45-54,M,2011,RO ,13.3 u
PC,PB1070,Y45-54,M,2011,SI ,12.2 u
PC,PB1070,Y45-54,M,2011,SK ,17.8 
PC,PB1070,Y45-54,M,2011,FI ,7.9 u
PC,PB1070,Y45-54,M,2011,SE ,9.1 u
PC,PB1070,Y45-54,M,2011,CH ,6.2 u
PC,PB1070,Y45-54,M,2011,UK ,11.9 
PC,PB1070,Y45-54,M,2011,TR ,7.9 
PC,PB1070,Y45-54,T,2011,EU28 ,14.8 
PC,PB1070,Y45-54,T,2011,BE ,9.0 
PC,PB1070,Y45-54,T,2011,CZ ,22.8 
PC,PB1070,Y45-54,T,2011,DK ,10.6 
PC,PB1070,Y45-54,T,2011,DE ,18.6 
PC,PB1070,Y45-54,T,2011,EE ,26 u
PC,PB1070,Y45-54,T,2011,IE ,19.8 
PC,PB1070,Y45-54,T,2011,EL ,14.7 u
PC,PB1070,Y45-54,T,2011,ES ,25.8 
PC,PB1070,Y45-54,T,2011,FR ,15.3 
PC,PB1070,Y45-54,T,2011,HR ,12.9 u
PC,PB1070,Y45-54,T,2011,IT ,9.4 
PC,PB1070,Y45-54,T,2011,CY ,10.6 u
PC,PB1070,Y45-54,T,2011,LV ,15.4 u
PC,PB1070,Y45-54,T,2011,LT ,26.8 
PC,PB1070,Y45-54,T,2011,LU ,7.8 u
PC,PB1070,Y45-54,T,2011,HU ,25.9 
PC,PB1070,Y45-54,T,2011,NL ,8.2 u
PC,PB1070,Y45-54,T,2011,AT ,6.2 u
PC,PB1070,Y45-54,T,2011,PL ,15.6 
PC,PB1070,Y45-54,T,2011,PT ,16.7 
PC,PB1070,Y45-54,T,2011,RO ,12.4 
PC,PB1070,Y45-54,T,2011,SI ,12 u
PC,PB1070,Y45-54,T,2011,SK ,18.6 
PC,PB1070,Y45-54,T,2011,FI ,7.2 
PC,PB1070,Y45-54,T,2011,SE ,9.2 
PC,PB1070,Y45-54,T,2011,CH ,5.4 
PC,PB1070,Y45-54,T,2011,UK ,10.2 
PC,PB1070,Y45-54,T,2011,TR ,5.8 
PC,PB1070,Y55-64,F,2011,EU28 ,13.7 
PC,PB1070,Y55-64,F,2011,BE ,14.3 u
PC,PB1070,Y55-64,F,2011,CZ ,14.4 u
PC,PB1070,Y55-64,F,2011,ES ,28.1 
PC,PB1070,Y55-64,F,2011,FR ,19.6 u
PC,PB1070,Y55-64,F,2011,IT ,6.8 u
PC,PB1070,Y55-64,F,2011,LV ,28 u
PC,PB1070,Y55-64,F,2011,HU ,16.8 
PC,PB1070,Y55-64,F,2011,NL ,6.9 u
PC,PB1070,Y55-64,F,2011,PL ,11 u
PC,PB1070,Y55-64,F,2011,PT ,12.8 
PC,PB1070,Y55-64,F,2011,SK ,17.8 u
PC,PB1070,Y55-64,F,2011,FI ,8.5 
PC,PB1070,Y55-64,F,2011,SE ,6.3 u
PC,PB1070,Y55-64,F,2011,CH ,7.8 u
PC,PB1070,Y55-64,F,2011,UK ,10.7 
PC,PB1070,Y55-64,F,2011,TR ,0.9 
PC,PB1070,Y55-64,M,2011,EU28 ,15.5 
PC,PB1070,Y55-64,M,2011,BE ,7.7 u
PC,PB1070,Y55-64,M,2011,CZ ,15.7 
PC,PB1070,Y55-64,M,2011,DK ,15.9 u
PC,PB1070,Y55-64,M,2011,DE ,24.4 
PC,PB1070,Y55-64,M,2011,EE ,43.4 u
PC,PB1070,Y55-64,M,2011,IE ,25.2 
PC,PB1070,Y55-64,M,2011,EL ,10.3 u
PC,PB1070,Y55-64,M,2011,ES ,24.3 
PC,PB1070,Y55-64,M,2011,IT ,8.8 
PC,PB1070,Y55-64,M,2011,HU ,24.1 
PC,PB1070,Y55-64,M,2011,NL ,8 u
PC,PB1070,Y55-64,M,2011,PL ,12.2 
PC,PB1070,Y55-64,M,2011,PT ,15.3 
PC,PB1070,Y55-64,M,2011,SI ,14.4 u
PC,PB1070,Y55-64,M,2011,SK ,16.1 u
PC,PB1070,Y55-64,M,2011,FI ,8.9 u
PC,PB1070,Y55-64,M,2011,SE ,8.6 u
PC,PB1070,Y55-64,M,2011,UK ,15.0 
PC,PB1070,Y55-64,M,2011,TR ,5.7 
PC,PB1070,Y55-64,T,2011,EU28 ,14.6 
PC,PB1070,Y55-64,T,2011,BE ,10.6 u
PC,PB1070,Y55-64,T,2011,BG ,17.2 u
PC,PB1070,Y55-64,T,2011,CZ ,15.2 
PC,PB1070,Y55-64,T,2011,DK ,11.4 
PC,PB1070,Y55-64,T,2011,DE ,20.1 
PC,PB1070,Y55-64,T,2011,EE ,26.6 u
PC,PB1070,Y55-64,T,2011,IE ,19.0 
PC,PB1070,Y55-64,T,2011,EL ,8.9 u
PC,PB1070,Y55-64,T,2011,ES ,26.1 
PC,PB1070,Y55-64,T,2011,FR ,17.8 u
PC,PB1070,Y55-64,T,2011,HR ,13.9 u
PC,PB1070,Y55-64,T,2011,IT ,7.9 
PC,PB1070,Y55-64,T,2011,LV ,27.4 
PC,PB1070,Y55-64,T,2011,LT ,22.2 u
PC,PB1070,Y55-64,T,2011,HU ,19.7 
PC,PB1070,Y55-64,T,2011,NL ,7.5 u
PC,PB1070,Y55-64,T,2011,AT ,8.7 u
PC,PB1070,Y55-64,T,2011,PL ,11.7 
PC,PB1070,Y55-64,T,2011,PT ,13.9 
PC,PB1070,Y55-64,T,2011,RO ,3.6 u
PC,PB1070,Y55-64,T,2011,SI ,11.3 u
PC,PB1070,Y55-64,T,2011,SK ,16.8 
PC,PB1070,Y55-64,T,2011,FI ,8.7 
PC,PB1070,Y55-64,T,2011,SE ,7.3 
PC,PB1070,Y55-64,T,2011,CH ,5 u
PC,PB1070,Y55-64,T,2011,UK ,13.2 
PC,PB1070,Y55-64,T,2011,TR ,3.7 
PC,PB1071,TOTAL,F,2011,EU28 ,9.4 
PC,PB1071,TOTAL,F,2011,BE ,5.9 
PC,PB1071,TOTAL,F,2011,BG ,9.7 
PC,PB1071,TOTAL,F,2011,CZ ,7.0 
PC,PB1071,TOTAL,F,2011,DK ,6.5 
PC,PB1071,TOTAL,F,2011,DE ,5.8 
PC,PB1071,TOTAL,F,2011,EE ,10.5 
PC,PB1071,TOTAL,F,2011,IE ,10.6 
PC,PB1071,TOTAL,F,2011,EL ,20.5 
PC,PB1071,TOTAL,F,2011,ES ,21.9 
PC,PB1071,TOTAL,F,2011,FR ,8.5 
PC,PB1071,TOTAL,F,2011,HR ,13.0 
PC,PB1071,TOTAL,F,2011,IT ,9.1 
PC,PB1071,TOTAL,F,2011,CY ,6.8 
PC,PB1071,TOTAL,F,2011,LV ,13.9 
PC,PB1071,TOTAL,F,2011,LT ,11.9 
PC,PB1071,TOTAL,F,2011,LU ,6.2 
PC,PB1071,TOTAL,F,2011,HU ,10.1 
PC,PB1071,TOTAL,F,2011,MT ,8.2 
PC,PB1071,TOTAL,F,2011,NL ,4.0 
PC,PB1071,TOTAL,F,2011,AT ,3.8 
PC,PB1071,TOTAL,F,2011,PL ,10.0 
PC,PB1071,TOTAL,F,2011,PT ,12.2 
PC,PB1071,TOTAL,F,2011,RO ,7.2 
PC,PB1071,TOTAL,F,2011,SI ,6.8 
PC,PB1071,TOTAL,F,2011,SK ,12.3 
PC,PB1071,TOTAL,F,2011,FI ,6.5 
PC,PB1071,TOTAL,F,2011,SE ,6.9 
PC,PB1071,TOTAL,F,2011,IS ,6.5 
PC,PB1071,TOTAL,F,2011,CH ,4.1 
PC,PB1071,TOTAL,F,2011,UK ,6.9 
PC,PB1071,TOTAL,F,2011,TR ,10.9 
PC,PB1071,TOTAL,M,2011,EU28 ,9.3 
PC,PB1071,TOTAL,M,2011,BE ,5.8 
PC,PB1071,TOTAL,M,2011,BG ,12.3 
PC,PB1071,TOTAL,M,2011,CZ ,5.0 
PC,PB1071,TOTAL,M,2011,DK ,7.1 
PC,PB1071,TOTAL,M,2011,DE ,6.4 
PC,PB1071,TOTAL,M,2011,EE ,11.6 
PC,PB1071,TOTAL,M,2011,IE ,17.9 
PC,PB1071,TOTAL,M,2011,EL ,13.8 
PC,PB1071,TOTAL,M,2011,ES ,21.3 
PC,PB1071,TOTAL,M,2011,FR ,7.3 
PC,PB1071,TOTAL,M,2011,HR ,14.0 
PC,PB1071,TOTAL,M,2011,IT ,6.8 
PC,PB1071,TOTAL,M,2011,CY ,7.5 
PC,PB1071,TOTAL,M,2011,LV ,20.2 
PC,PB1071,TOTAL,M,2011,LT ,18.1 
PC,PB1071,TOTAL,M,2011,LU ,3.7 
PC,PB1071,TOTAL,M,2011,HU ,10.2 
PC,PB1071,TOTAL,M,2011,MT ,6.5 
PC,PB1071,TOTAL,M,2011,NL ,4.0 
PC,PB1071,TOTAL,M,2011,AT ,3.7 
PC,PB1071,TOTAL,M,2011,PL ,8.7 
PC,PB1071,TOTAL,M,2011,PT ,12.2 
PC,PB1071,TOTAL,M,2011,RO ,7.6 
PC,PB1071,TOTAL,M,2011,SI ,7.4 
PC,PB1071,TOTAL,M,2011,SK ,13.0 
PC,PB1071,TOTAL,M,2011,FI ,8.2 
PC,PB1071,TOTAL,M,2011,SE ,7.2 
PC,PB1071,TOTAL,M,2011,IS ,8.1 
PC,PB1071,TOTAL,M,2011,CH ,3.4 
PC,PB1071,TOTAL,M,2011,UK ,8.3 
PC,PB1071,TOTAL,M,2011,TR ,8.1 
PC,PB1071,TOTAL,T,2011,EU28 ,9.4 
PC,PB1071,TOTAL,T,2011,BE ,5.8 
PC,PB1071,TOTAL,T,2011,BG ,11.1 
PC,PB1071,TOTAL,T,2011,CZ ,5.9 
PC,PB1071,TOTAL,T,2011,DK ,6.8 
PC,PB1071,TOTAL,T,2011,DE ,6.1 
PC,PB1071,TOTAL,T,2011,EE ,11.1 
PC,PB1071,TOTAL,T,2011,IE ,14.6 
PC,PB1071,TOTAL,T,2011,EL ,16.6 
PC,PB1071,TOTAL,T,2011,ES ,21.6 
PC,PB1071,TOTAL,T,2011,FR ,7.9 
PC,PB1071,TOTAL,T,2011,HR ,13.6 
PC,PB1071,TOTAL,T,2011,IT ,7.8 
PC,PB1071,TOTAL,T,2011,CY ,7.1 
PC,PB1071,TOTAL,T,2011,LV ,17.1 
PC,PB1071,TOTAL,T,2011,LT ,15.0 
PC,PB1071,TOTAL,T,2011,LU ,4.8 
PC,PB1071,TOTAL,T,2011,HU ,10.2 
PC,PB1071,TOTAL,T,2011,MT ,7.1 
PC,PB1071,TOTAL,T,2011,NL ,4.0 
PC,PB1071,TOTAL,T,2011,AT ,3.8 
PC,PB1071,TOTAL,T,2011,PL ,9.3 
PC,PB1071,TOTAL,T,2011,PT ,12.2 
PC,PB1071,TOTAL,T,2011,RO ,7.4 
PC,PB1071,TOTAL,T,2011,SI ,7.1 
PC,PB1071,TOTAL,T,2011,SK ,12.7 
PC,PB1071,TOTAL,T,2011,FI ,7.4 
PC,PB1071,TOTAL,T,2011,SE ,7.0 
PC,PB1071,TOTAL,T,2011,IS ,7.4 
PC,PB1071,TOTAL,T,2011,CH ,3.7 
PC,PB1071,TOTAL,T,2011,UK ,7.6 
PC,PB1071,TOTAL,T,2011,TR ,8.9 
PC,PB1071,Y15-24,F,2011,EU28 ,20.9 
PC,PB1071,Y15-24,F,2011,BE ,15.8 
PC,PB1071,Y15-24,F,2011,BG ,23.0 
PC,PB1071,Y15-24,F,2011,CZ ,17.2 
PC,PB1071,Y15-24,F,2011,DK ,11.7 
PC,PB1071,Y15-24,F,2011,DE ,9.1 
PC,PB1071,Y15-24,F,2011,EE ,21.3 
PC,PB1071,Y15-24,F,2011,IE ,23.6 
PC,PB1071,Y15-24,F,2011,EL ,51.2 
PC,PB1071,Y15-24,F,2011,ES ,44.4 
PC,PB1071,Y15-24,F,2011,FR ,22.0 
PC,PB1071,Y15-24,F,2011,HR ,37.6 u
PC,PB1071,Y15-24,F,2011,IT ,32.3 
PC,PB1071,Y15-24,F,2011,CY ,18.9 
PC,PB1071,Y15-24,F,2011,LV ,35.6 
PC,PB1071,Y15-24,F,2011,LT ,27.0 
PC,PB1071,Y15-24,F,2011,LU ,21.7 
PC,PB1071,Y15-24,F,2011,HU ,22.5 
PC,PB1071,Y15-24,F,2011,MT ,16.9 u
PC,PB1071,Y15-24,F,2011,NL ,7.6 
PC,PB1071,Y15-24,F,2011,AT ,8.1 
PC,PB1071,Y15-24,F,2011,PL ,26.7 
PC,PB1071,Y15-24,F,2011,PT ,26.9 
PC,PB1071,Y15-24,F,2011,RO ,21.8 
PC,PB1071,Y15-24,F,2011,SI ,12.9 u
PC,PB1071,Y15-24,F,2011,SK ,31.9 
PC,PB1071,Y15-24,F,2011,FI ,17.5 
PC,PB1071,Y15-24,F,2011,SE ,21.4 
PC,PB1071,Y15-24,F,2011,IS ,13.6 
PC,PB1071,Y15-24,F,2011,CH ,7.7 
PC,PB1071,Y15-24,F,2011,UK ,18.0 
PC,PB1071,Y15-24,F,2011,TR ,18.6 
PC,PB1071,Y15-24,M,2011,EU28 ,21.8 
PC,PB1071,Y15-24,M,2011,BE ,16.1 
PC,PB1071,Y15-24,M,2011,BG ,26.2 
PC,PB1071,Y15-24,M,2011,CZ ,17.8 
PC,PB1071,Y15-24,M,2011,DK ,15.4 
PC,PB1071,Y15-24,M,2011,DE ,11.0 
PC,PB1071,Y15-24,M,2011,EE ,24.2 
PC,PB1071,Y15-24,M,2011,IE ,35.3 
PC,PB1071,Y15-24,M,2011,EL ,36.1 
PC,PB1071,Y15-24,M,2011,ES ,48.5 
PC,PB1071,Y15-24,M,2011,FR ,19.2 
PC,PB1071,Y15-24,M,2011,HR ,34 u
PC,PB1071,Y15-24,M,2011,IT ,24.1 
PC,PB1071,Y15-24,M,2011,CY ,22.3 
PC,PB1071,Y15-24,M,2011,LV ,32.9 
PC,PB1071,Y15-24,M,2011,LT ,37.8 
PC,PB1071,Y15-24,M,2011,LU ,13.8 u
PC,PB1071,Y15-24,M,2011,HU ,25.2 
PC,PB1071,Y15-24,M,2011,MT ,16.7 u
PC,PB1071,Y15-24,M,2011,NL ,7.2 
PC,PB1071,Y15-24,M,2011,AT ,6.8 
PC,PB1071,Y15-24,M,2011,PL ,23.0 
PC,PB1071,Y15-24,M,2011,PT ,27.4 
PC,PB1071,Y15-24,M,2011,RO ,21.5 
PC,PB1071,Y15-24,M,2011,SI ,12.8 u
PC,PB1071,Y15-24,M,2011,SK ,31.4 
PC,PB1071,Y15-24,M,2011,FI ,21.3 
PC,PB1071,Y15-24,M,2011,SE ,22.8 
PC,PB1071,Y15-24,M,2011,IS ,20.5 
PC,PB1071,Y15-24,M,2011,CH ,6.5 
PC,PB1071,Y15-24,M,2011,UK ,22.9 
PC,PB1071,Y15-24,M,2011,TR ,14.9 
PC,PB1071,Y15-24,T,2011,EU28 ,21.4 
PC,PB1071,Y15-24,T,2011,BE ,16.0 
PC,PB1071,Y15-24,T,2011,BG ,24.9 
PC,PB1071,Y15-24,T,2011,CZ ,17.5 
PC,PB1071,Y15-24,T,2011,DK ,13.6 
PC,PB1071,Y15-24,T,2011,DE ,10.1 
PC,PB1071,Y15-24,T,2011,EE ,22.9 
PC,PB1071,Y15-24,T,2011,IE ,29.5 
PC,PB1071,Y15-24,T,2011,EL ,43.0 
PC,PB1071,Y15-24,T,2011,ES ,46.6 
PC,PB1071,Y15-24,T,2011,FR ,20.4 
PC,PB1071,Y15-24,T,2011,HR ,35.2 
PC,PB1071,Y15-24,T,2011,IT ,27.5 
PC,PB1071,Y15-24,T,2011,CY ,20.6 
PC,PB1071,Y15-24,T,2011,LV ,34.1 
PC,PB1071,Y15-24,T,2011,LT ,33.4 
PC,PB1071,Y15-24,T,2011,LU ,17.5 
PC,PB1071,Y15-24,T,2011,HU ,24.0 
PC,PB1071,Y15-24,T,2011,MT ,16.8 
PC,PB1071,Y15-24,T,2011,NL ,7.4 
PC,PB1071,Y15-24,T,2011,AT ,7.4 
PC,PB1071,Y15-24,T,2011,PL ,24.5 
PC,PB1071,Y15-24,T,2011,PT ,27.1 
PC,PB1071,Y15-24,T,2011,RO ,21.7 
PC,PB1071,Y15-24,T,2011,SI ,12.9 u
PC,PB1071,Y15-24,T,2011,SK ,31.6 
PC,PB1071,Y15-24,T,2011,FI ,19.4 
PC,PB1071,Y15-24,T,2011,SE ,22.1 
PC,PB1071,Y15-24,T,2011,IS ,17.2 
PC,PB1071,Y15-24,T,2011,CH ,7.1 
PC,PB1071,Y15-24,T,2011,UK ,20.6 
PC,PB1071,Y15-24,T,2011,TR ,16.2 
PC,PB1071,Y25-34,F,2011,EU28 ,11.1 
PC,PB1071,Y25-34,F,2011,BE ,7.3 
PC,PB1071,Y25-34,F,2011,BG ,12.1 
PC,PB1071,Y25-34,F,2011,CZ ,8.6 
PC,PB1071,Y25-34,F,2011,DK ,8.4 
PC,PB1071,Y25-34,F,2011,DE ,5.4 
PC,PB1071,Y25-34,F,2011,EE ,12.1 
PC,PB1071,Y25-34,F,2011,IE ,11.0 
PC,PB1071,Y25-34,F,2011,EL ,27.4 
PC,PB1071,Y25-34,F,2011,ES ,24.0 
PC,PB1071,Y25-34,F,2011,FR ,10.1 
PC,PB1071,Y25-34,F,2011,HR ,16.6 u
PC,PB1071,Y25-34,F,2011,IT ,13.0 
PC,PB1071,Y25-34,F,2011,CY ,6.3 
PC,PB1071,Y25-34,F,2011,LV ,11.5 
PC,PB1071,Y25-34,F,2011,LT ,11.0 
PC,PB1071,Y25-34,F,2011,LU ,6.1 
PC,PB1071,Y25-34,F,2011,HU ,11.3 
PC,PB1071,Y25-34,F,2011,NL ,2.9 u
PC,PB1071,Y25-34,F,2011,AT ,4.8 
PC,PB1071,Y25-34,F,2011,PL ,11.6 
PC,PB1071,Y25-34,F,2011,PT ,13.4 
PC,PB1071,Y25-34,F,2011,RO ,6.8 
PC,PB1071,Y25-34,F,2011,SI ,8.9 
PC,PB1071,Y25-34,F,2011,SK ,13.6 
PC,PB1071,Y25-34,F,2011,FI ,7.0 
PC,PB1071,Y25-34,F,2011,SE ,6.4 
PC,PB1071,Y25-34,F,2011,IS ,7.9 
PC,PB1071,Y25-34,F,2011,CH ,3.2 
PC,PB1071,Y25-34,F,2011,UK ,7.0 
PC,PB1071,Y25-34,F,2011,TR ,12.0 
PC,PB1071,Y25-34,M,2011,EU28 ,10.5 
PC,PB1071,Y25-34,M,2011,BE ,7.2 
PC,PB1071,Y25-34,M,2011,BG ,13.8 
PC,PB1071,Y25-34,M,2011,CZ ,5.0 
PC,PB1071,Y25-34,M,2011,DK ,8.1 
PC,PB1071,Y25-34,M,2011,DE ,8.3 
PC,PB1071,Y25-34,M,2011,EE ,12.1 
PC,PB1071,Y25-34,M,2011,IE ,21.3 
PC,PB1071,Y25-34,M,2011,EL ,19.5 
PC,PB1071,Y25-34,M,2011,ES ,23.9 
PC,PB1071,Y25-34,M,2011,FR ,8.0 
PC,PB1071,Y25-34,M,2011,HR ,18.7 u
PC,PB1071,Y25-34,M,2011,IT ,9.1 
PC,PB1071,Y25-34,M,2011,CY ,9.3 
PC,PB1071,Y25-34,M,2011,LV ,19.0 
PC,PB1071,Y25-34,M,2011,LT ,19.1 
PC,PB1071,Y25-34,M,2011,LU ,4.0 
PC,PB1071,Y25-34,M,2011,HU ,9.8 
PC,PB1071,Y25-34,M,2011,MT ,6.3 u
PC,PB1071,Y25-34,M,2011,NL ,4 u
PC,PB1071,Y25-34,M,2011,AT ,4.4 
PC,PB1071,Y25-34,M,2011,PL ,8.4 
PC,PB1071,Y25-34,M,2011,PT ,12.4 
PC,PB1071,Y25-34,M,2011,RO ,7.8 
PC,PB1071,Y25-34,M,2011,SI ,9.5 
PC,PB1071,Y25-34,M,2011,SK ,14.0 
PC,PB1071,Y25-34,M,2011,FI ,7.4 
PC,PB1071,Y25-34,M,2011,SE ,6.7 
PC,PB1071,Y25-34,M,2011,IS ,7.2 
PC,PB1071,Y25-34,M,2011,CH ,4.4 
PC,PB1071,Y25-34,M,2011,UK ,7.6 
PC,PB1071,Y25-34,M,2011,TR ,7.9 
PC,PB1071,Y25-34,T,2011,EU28 ,10.8 
PC,PB1071,Y25-34,T,2011,BE ,7.3 
PC,PB1071,Y25-34,T,2011,BG ,13.0 
PC,PB1071,Y25-34,T,2011,CZ ,6.4 
PC,PB1071,Y25-34,T,2011,DK ,8.2 
PC,PB1071,Y25-34,T,2011,DE ,7.0 
PC,PB1071,Y25-34,T,2011,EE ,12.1 
PC,PB1071,Y25-34,T,2011,IE ,16.4 
PC,PB1071,Y25-34,T,2011,EL ,23.0 
PC,PB1071,Y25-34,T,2011,ES ,24.0 
PC,PB1071,Y25-34,T,2011,FR ,9.0 
PC,PB1071,Y25-34,T,2011,HR ,17.8 
PC,PB1071,Y25-34,T,2011,IT ,10.8 
PC,PB1071,Y25-34,T,2011,CY ,7.8 
PC,PB1071,Y25-34,T,2011,LV ,15.5 
PC,PB1071,Y25-34,T,2011,LT ,15.2 
PC,PB1071,Y25-34,T,2011,LU ,4.9 
PC,PB1071,Y25-34,T,2011,HU ,10.4 
PC,PB1071,Y25-34,T,2011,MT ,5.8 u
PC,PB1071,Y25-34,T,2011,NL ,3.5 
PC,PB1071,Y25-34,T,2011,AT ,4.6 
PC,PB1071,Y25-34,T,2011,PL ,9.8 
PC,PB1071,Y25-34,T,2011,PT ,12.9 
PC,PB1071,Y25-34,T,2011,RO ,7.3 
PC,PB1071,Y25-34,T,2011,SI ,9.2 
PC,PB1071,Y25-34,T,2011,SK ,13.8 
PC,PB1071,Y25-34,T,2011,FI ,7.2 
PC,PB1071,Y25-34,T,2011,SE ,6.6 
PC,PB1071,Y25-34,T,2011,IS ,7.6 
PC,PB1071,Y25-34,T,2011,CH ,3.8 
PC,PB1071,Y25-34,T,2011,UK ,7.3 
PC,PB1071,Y25-34,T,2011,TR ,9.1 
PC,PB1071,Y25-64,F,2011,EU28 ,8.0 
PC,PB1071,Y25-64,F,2011,BE ,4.9 
PC,PB1071,Y25-64,F,2011,BG ,8.7 
PC,PB1071,Y25-64,F,2011,CZ ,6.3 
PC,PB1071,Y25-64,F,2011,DK ,5.3 
PC,PB1071,Y25-64,F,2011,DE ,5.3 
PC,PB1071,Y25-64,F,2011,EE ,9.2 
PC,PB1071,Y25-64,F,2011,IE ,8.8 
PC,PB1071,Y25-64,F,2011,EL ,18.2 
PC,PB1071,Y25-64,F,2011,ES ,19.6 
PC,PB1071,Y25-64,F,2011,FR ,6.9 
PC,PB1071,Y25-64,F,2011,HR ,11.0 
PC,PB1071,Y25-64,F,2011,IT ,7.4 
PC,PB1071,Y25-64,F,2011,CY ,5.3 
PC,PB1071,Y25-64,F,2011,LV ,11.5 
PC,PB1071,Y25-64,F,2011,LT ,10.8 
PC,PB1071,Y25-64,F,2011,LU ,5.0 
PC,PB1071,Y25-64,F,2011,HU ,9.3 
PC,PB1071,Y25-64,F,2011,MT ,6 u
PC,PB1071,Y25-64,F,2011,NL ,3.3 
PC,PB1071,Y25-64,F,2011,AT ,3.1 
PC,PB1071,Y25-64,F,2011,PL ,8.3 
PC,PB1071,Y25-64,F,2011,PT ,10.8 
PC,PB1071,Y25-64,F,2011,RO ,5.6 
PC,PB1071,Y25-64,F,2011,SI ,6.3 
PC,PB1071,Y25-64,F,2011,SK ,10.8 
PC,PB1071,Y25-64,F,2011,FI ,4.8 
PC,PB1071,Y25-64,F,2011,SE ,4.4 
PC,PB1071,Y25-64,F,2011,IS ,4.7 
PC,PB1071,Y25-64,F,2011,CH ,3.5 
PC,PB1071,Y25-64,F,2011,UK ,4.8 
PC,PB1071,Y25-64,F,2011,TR ,8.6 
PC,PB1071,Y25-64,M,2011,EU28 ,7.8 
PC,PB1071,Y25-64,M,2011,BE ,4.9 
PC,PB1071,Y25-64,M,2011,BG ,11.0 
PC,PB1071,Y25-64,M,2011,CZ ,3.9 
PC,PB1071,Y25-64,M,2011,DK ,5.5 
PC,PB1071,Y25-64,M,2011,DE ,5.8 
PC,PB1071,Y25-64,M,2011,EE ,9.9 
PC,PB1071,Y25-64,M,2011,IE ,15.7 
PC,PB1071,Y25-64,M,2011,EL ,12.3 
PC,PB1071,Y25-64,M,2011,ES ,18.9 
PC,PB1071,Y25-64,M,2011,FR ,5.9 
PC,PB1071,Y25-64,M,2011,HR ,11.4 
PC,PB1071,Y25-64,M,2011,IT ,5.6 
PC,PB1071,Y25-64,M,2011,CY ,5.9 
PC,PB1071,Y25-64,M,2011,LV ,18.4 
PC,PB1071,Y25-64,M,2011,LT ,15.9 
PC,PB1071,Y25-64,M,2011,LU ,3.0 
PC,PB1071,Y25-64,M,2011,HU ,9.0 
PC,PB1071,Y25-64,M,2011,MT ,4.8 
PC,PB1071,Y25-64,M,2011,NL ,3.4 
PC,PB1071,Y25-64,M,2011,AT ,3.2 
PC,PB1071,Y25-64,M,2011,PL ,7.0 
PC,PB1071,Y25-64,M,2011,PT ,10.7 
PC,PB1071,Y25-64,M,2011,RO ,6.1 
PC,PB1071,Y25-64,M,2011,SI ,6.8 
PC,PB1071,Y25-64,M,2011,SK ,10.9 
PC,PB1071,Y25-64,M,2011,FI ,6.3 
PC,PB1071,Y25-64,M,2011,SE ,4.7 
PC,PB1071,Y25-64,M,2011,IS ,5.2 
PC,PB1071,Y25-64,M,2011,CH ,2.9 
PC,PB1071,Y25-64,M,2011,UK ,5.7 
PC,PB1071,Y25-64,M,2011,TR ,6.8 
PC,PB1071,Y25-64,T,2011,EU28 ,7.9 
PC,PB1071,Y25-64,T,2011,BE ,4.9 
PC,PB1071,Y25-64,T,2011,BG ,9.9 
PC,PB1071,Y25-64,T,2011,CZ ,4.9 
PC,PB1071,Y25-64,T,2011,DK ,5.4 
PC,PB1071,Y25-64,T,2011,DE ,5.5 
PC,PB1071,Y25-64,T,2011,EE ,9.6 
PC,PB1071,Y25-64,T,2011,IE ,12.6 
PC,PB1071,Y25-64,T,2011,EL ,14.8 
PC,PB1071,Y25-64,T,2011,ES ,19.2 
PC,PB1071,Y25-64,T,2011,FR ,6.4 
PC,PB1071,Y25-64,T,2011,HR ,11.2 
PC,PB1071,Y25-64,T,2011,IT ,6.4 
PC,PB1071,Y25-64,T,2011,CY ,5.6 
PC,PB1071,Y25-64,T,2011,LV ,15.0 
PC,PB1071,Y25-64,T,2011,LT ,13.3 
PC,PB1071,Y25-64,T,2011,LU ,3.8 
PC,PB1071,Y25-64,T,2011,HU ,9.1 
PC,PB1071,Y25-64,T,2011,MT ,5.2 
PC,PB1071,Y25-64,T,2011,NL ,3.3 
PC,PB1071,Y25-64,T,2011,AT ,3.1 
PC,PB1071,Y25-64,T,2011,PL ,7.6 
PC,PB1071,Y25-64,T,2011,PT ,10.7 
PC,PB1071,Y25-64,T,2011,RO ,5.9 
PC,PB1071,Y25-64,T,2011,SI ,6.5 
PC,PB1071,Y25-64,T,2011,SK ,10.9 
PC,PB1071,Y25-64,T,2011,FI ,5.6 
PC,PB1071,Y25-64,T,2011,SE ,4.6 
PC,PB1071,Y25-64,T,2011,IS ,5.0 
PC,PB1071,Y25-64,T,2011,CH ,3.2 
PC,PB1071,Y25-64,T,2011,UK ,5.3 
PC,PB1071,Y25-64,T,2011,TR ,7.3 
PC,PB1071,Y35-44,F,2011,EU28 ,8.0 
PC,PB1071,Y35-44,F,2011,BE ,3.9 
PC,PB1071,Y35-44,F,2011,BG ,7.8 
PC,PB1071,Y35-44,F,2011,CZ ,6.2 
PC,PB1071,Y35-44,F,2011,DK ,5.7 
PC,PB1071,Y35-44,F,2011,DE ,5.4 
PC,PB1071,Y35-44,F,2011,EE ,8.8 
PC,PB1071,Y35-44,F,2011,IE ,9.0 
PC,PB1071,Y35-44,F,2011,EL ,16.9 
PC,PB1071,Y35-44,F,2011,ES ,19.9 
PC,PB1071,Y35-44,F,2011,FR ,6.7 
PC,PB1071,Y35-44,F,2011,HR ,11.9 u
PC,PB1071,Y35-44,F,2011,IT ,6.8 
PC,PB1071,Y35-44,F,2011,CY ,4.6 
PC,PB1071,Y35-44,F,2011,LV ,13.8 
PC,PB1071,Y35-44,F,2011,LT ,10.1 
PC,PB1071,Y35-44,F,2011,LU ,5.3 
PC,PB1071,Y35-44,F,2011,HU ,9.5 
PC,PB1071,Y35-44,F,2011,NL ,3.3 u
PC,PB1071,Y35-44,F,2011,AT ,2.8 u
PC,PB1071,Y35-44,F,2011,PL ,7.0 
PC,PB1071,Y35-44,F,2011,PT ,10.1 
PC,PB1071,Y35-44,F,2011,RO ,6.4 
PC,PB1071,Y35-44,F,2011,SI ,4.3 u
PC,PB1071,Y35-44,F,2011,SK ,10.8 
PC,PB1071,Y35-44,F,2011,FI ,3.5 
PC,PB1071,Y35-44,F,2011,SE ,4.6 
PC,PB1071,Y35-44,F,2011,CH ,4.9 
PC,PB1071,Y35-44,F,2011,UK ,5.1 
PC,PB1071,Y35-44,F,2011,TR ,6.6 
PC,PB1071,Y35-44,M,2011,EU28 ,7.0 
PC,PB1071,Y35-44,M,2011,BE ,5.2 
PC,PB1071,Y35-44,M,2011,BG ,9.9 
PC,PB1071,Y35-44,M,2011,CZ ,3.0 
PC,PB1071,Y35-44,M,2011,DK ,3.8 
PC,PB1071,Y35-44,M,2011,DE ,4.5 
PC,PB1071,Y35-44,M,2011,EE ,8.1 
PC,PB1071,Y35-44,M,2011,IE ,14.4 
PC,PB1071,Y35-44,M,2011,EL ,10.3 
PC,PB1071,Y35-44,M,2011,ES ,18.2 
PC,PB1071,Y35-44,M,2011,FR ,5.8 
PC,PB1071,Y35-44,M,2011,HR ,8.8 u
PC,PB1071,Y35-44,M,2011,IT ,5.2 
PC,PB1071,Y35-44,M,2011,CY ,5.6 
PC,PB1071,Y35-44,M,2011,LV ,17.8 
PC,PB1071,Y35-44,M,2011,LT ,14.1 
PC,PB1071,Y35-44,M,2011,LU ,2.4 u
PC,PB1071,Y35-44,M,2011,HU ,9.3 
PC,PB1071,Y35-44,M,2011,NL ,3 u
PC,PB1071,Y35-44,M,2011,AT ,2.9 
PC,PB1071,Y35-44,M,2011,PL ,5.7 
PC,PB1071,Y35-44,M,2011,PT ,9.1 
PC,PB1071,Y35-44,M,2011,RO ,5.2 
PC,PB1071,Y35-44,M,2011,SI ,5.7 u
PC,PB1071,Y35-44,M,2011,SK ,8.6 
PC,PB1071,Y35-44,M,2011,FI ,5.1 
PC,PB1071,Y35-44,M,2011,SE ,3.7 
PC,PB1071,Y35-44,M,2011,CH ,3.2 
PC,PB1071,Y35-44,M,2011,UK ,4.5 
PC,PB1071,Y35-44,M,2011,TR ,5.5 
PC,PB1071,Y35-44,T,2011,EU28 ,7.5 
PC,PB1071,Y35-44,T,2011,BE ,4.6 
PC,PB1071,Y35-44,T,2011,BG ,8.9 
PC,PB1071,Y35-44,T,2011,CZ ,4.4 
PC,PB1071,Y35-44,T,2011,DK ,4.7 
PC,PB1071,Y35-44,T,2011,DE ,4.9 
PC,PB1071,Y35-44,T,2011,EE ,8.4 
PC,PB1071,Y35-44,T,2011,IE ,12.1 
PC,PB1071,Y35-44,T,2011,EL ,13.2 
PC,PB1071,Y35-44,T,2011,ES ,19.0 
PC,PB1071,Y35-44,T,2011,FR ,6.2 
PC,PB1071,Y35-44,T,2011,HR ,10.3 u
PC,PB1071,Y35-44,T,2011,IT ,5.9 
PC,PB1071,Y35-44,T,2011,CY ,5.1 
PC,PB1071,Y35-44,T,2011,LV ,15.8 
PC,PB1071,Y35-44,T,2011,LT ,12.0 
PC,PB1071,Y35-44,T,2011,LU ,3.7 
PC,PB1071,Y35-44,T,2011,HU ,9.4 
PC,PB1071,Y35-44,T,2011,MT ,4.8 u
PC,PB1071,Y35-44,T,2011,NL ,3.1 
PC,PB1071,Y35-44,T,2011,AT ,2.8 
PC,PB1071,Y35-44,T,2011,PL ,6.3 
PC,PB1071,Y35-44,T,2011,PT ,9.6 
PC,PB1071,Y35-44,T,2011,RO ,5.7 
PC,PB1071,Y35-44,T,2011,SI ,5.0 
PC,PB1071,Y35-44,T,2011,SK ,9.6 
PC,PB1071,Y35-44,T,2011,FI ,4.4 
PC,PB1071,Y35-44,T,2011,SE ,4.1 
PC,PB1071,Y35-44,T,2011,CH ,4.0 
PC,PB1071,Y35-44,T,2011,UK ,4.8 
PC,PB1071,Y35-44,T,2011,TR ,5.8 
PC,PB1071,Y45-54,F,2011,EU28 ,6.3 
PC,PB1071,Y45-54,F,2011,BE ,4.2 
PC,PB1071,Y45-54,F,2011,BG ,7.3 
PC,PB1071,Y45-54,F,2011,CZ ,5.2 
PC,PB1071,Y45-54,F,2011,DK ,3.5 
PC,PB1071,Y45-54,F,2011,DE ,4.7 
PC,PB1071,Y45-54,F,2011,EE ,8.3 
PC,PB1071,Y45-54,F,2011,IE ,6.8 
PC,PB1071,Y45-54,F,2011,EL ,12.6 
PC,PB1071,Y45-54,F,2011,ES ,16.8 
PC,PB1071,Y45-54,F,2011,FR ,5.1 
PC,PB1071,Y45-54,F,2011,HR ,7.4 u
PC,PB1071,Y45-54,F,2011,IT ,4.8 
PC,PB1071,Y45-54,F,2011,CY ,5.4 
PC,PB1071,Y45-54,F,2011,LV ,10.5 
PC,PB1071,Y45-54,F,2011,LT ,11.6 
PC,PB1071,Y45-54,F,2011,LU ,4.2 u
PC,PB1071,Y45-54,F,2011,HU ,8.1 
PC,PB1071,Y45-54,F,2011,NL ,3.4 u
PC,PB1071,Y45-54,F,2011,AT ,2.2 u
PC,PB1071,Y45-54,F,2011,PL ,7.1 
PC,PB1071,Y45-54,F,2011,PT ,9.1 
PC,PB1071,Y45-54,F,2011,RO ,4.6 
PC,PB1071,Y45-54,F,2011,SI ,5.3 u
PC,PB1071,Y45-54,F,2011,SK ,9.4 
PC,PB1071,Y45-54,F,2011,FI ,4.4 
PC,PB1071,Y45-54,F,2011,SE ,3.1 
PC,PB1071,Y45-54,F,2011,CH ,3.2 
PC,PB1071,Y45-54,F,2011,UK ,3.8 
PC,PB1071,Y45-54,F,2011,TR ,5.8 
PC,PB1071,Y45-54,M,2011,EU28 ,6.4 
PC,PB1071,Y45-54,M,2011,BE ,3.5 
PC,PB1071,Y45-54,M,2011,BG ,10.5 
PC,PB1071,Y45-54,M,2011,CZ ,3.4 
PC,PB1071,Y45-54,M,2011,DK ,5.0 
PC,PB1071,Y45-54,M,2011,DE ,4.9 
PC,PB1071,Y45-54,M,2011,EE ,9.3 
PC,PB1071,Y45-54,M,2011,IE ,13.0 
PC,PB1071,Y45-54,M,2011,EL ,9.6 
PC,PB1071,Y45-54,M,2011,ES ,16.1 
PC,PB1071,Y45-54,M,2011,FR ,4.1 
PC,PB1071,Y45-54,M,2011,HR ,7.9 u
PC,PB1071,Y45-54,M,2011,IT ,4.0 
PC,PB1071,Y45-54,M,2011,CY ,2.9 u
PC,PB1071,Y45-54,M,2011,LV ,18.3 
PC,PB1071,Y45-54,M,2011,LT ,15.1 
PC,PB1071,Y45-54,M,2011,LU ,2.8 u
PC,PB1071,Y45-54,M,2011,HU ,7.9 
PC,PB1071,Y45-54,M,2011,NL ,3 u
PC,PB1071,Y45-54,M,2011,AT ,2.7 u
PC,PB1071,Y45-54,M,2011,PL ,6.6 
PC,PB1071,Y45-54,M,2011,PT ,9.6 
PC,PB1071,Y45-54,M,2011,RO ,5.1 
PC,PB1071,Y45-54,M,2011,SI ,5.1 u
PC,PB1071,Y45-54,M,2011,SK ,9.9 
PC,PB1071,Y45-54,M,2011,FI ,5.9 
PC,PB1071,Y45-54,M,2011,SE ,4.0 
PC,PB1071,Y45-54,M,2011,IS ,6.8 
PC,PB1071,Y45-54,M,2011,CH ,1.6 
PC,PB1071,Y45-54,M,2011,UK ,5.2 
PC,PB1071,Y45-54,M,2011,TR ,6.5 
PC,PB1071,Y45-54,T,2011,EU28 ,6.4 
PC,PB1071,Y45-54,T,2011,BE ,3.8 
PC,PB1071,Y45-54,T,2011,BG ,8.9 
PC,PB1071,Y45-54,T,2011,CZ ,4.2 
PC,PB1071,Y45-54,T,2011,DK ,4.3 
PC,PB1071,Y45-54,T,2011,DE ,4.8 
PC,PB1071,Y45-54,T,2011,EE ,8.8 
PC,PB1071,Y45-54,T,2011,IE ,10.3 
PC,PB1071,Y45-54,T,2011,EL ,10.8 
PC,PB1071,Y45-54,T,2011,ES ,16.4 
PC,PB1071,Y45-54,T,2011,FR ,4.6 
PC,PB1071,Y45-54,T,2011,HR ,7.6 u
PC,PB1071,Y45-54,T,2011,IT ,4.3 
PC,PB1071,Y45-54,T,2011,CY ,4.1 
PC,PB1071,Y45-54,T,2011,LV ,14.3 
PC,PB1071,Y45-54,T,2011,LT ,13.3 
PC,PB1071,Y45-54,T,2011,LU ,3.4 
PC,PB1071,Y45-54,T,2011,HU ,8.0 
PC,PB1071,Y45-54,T,2011,MT ,5.3 u
PC,PB1071,Y45-54,T,2011,NL ,3.2 
PC,PB1071,Y45-54,T,2011,AT ,2.4 
PC,PB1071,Y45-54,T,2011,PL ,6.9 
PC,PB1071,Y45-54,T,2011,PT ,9.4 
PC,PB1071,Y45-54,T,2011,RO ,4.9 
PC,PB1071,Y45-54,T,2011,SI ,5.2 
PC,PB1071,Y45-54,T,2011,SK ,9.6 
PC,PB1071,Y45-54,T,2011,FI ,5.2 
PC,PB1071,Y45-54,T,2011,SE ,3.6 
PC,PB1071,Y45-54,T,2011,IS ,5.2 
PC,PB1071,Y45-54,T,2011,CH ,2.3 
PC,PB1071,Y45-54,T,2011,UK ,4.5 
PC,PB1071,Y45-54,T,2011,TR ,6.3 
PC,PB1071,Y55-64,F,2011,EU28 ,5.1 
PC,PB1071,Y55-64,F,2011,BE ,3.3 u
PC,PB1071,Y55-64,F,2011,BG ,7.5 
PC,PB1071,Y55-64,F,2011,CZ ,4.4 
PC,PB1071,Y55-64,F,2011,DK ,3.6 u
PC,PB1071,Y55-64,F,2011,DE ,5.8 
PC,PB1071,Y55-64,F,2011,EE ,7 u
PC,PB1071,Y55-64,F,2011,IE ,5.3 
PC,PB1071,Y55-64,F,2011,EL ,8.1 
PC,PB1071,Y55-64,F,2011,ES ,12.2 
PC,PB1071,Y55-64,F,2011,FR ,4.9 u
PC,PB1071,Y55-64,F,2011,HR ,7.9 u
PC,PB1071,Y55-64,F,2011,IT ,2.8 
PC,PB1071,Y55-64,F,2011,CY ,3.6 u
PC,PB1071,Y55-64,F,2011,LV ,8.9 u
PC,PB1071,Y55-64,F,2011,LT ,10.0 
PC,PB1071,Y55-64,F,2011,HU ,6.8 
PC,PB1071,Y55-64,F,2011,NL ,3.4 u
PC,PB1071,Y55-64,F,2011,PL ,4.9 
PC,PB1071,Y55-64,F,2011,PT ,9.4 
PC,PB1071,Y55-64,F,2011,SI ,5.8 u
PC,PB1071,Y55-64,F,2011,SK ,7.1 
PC,PB1071,Y55-64,F,2011,FI ,4.3 
PC,PB1071,Y55-64,F,2011,SE ,3.4 
PC,PB1071,Y55-64,F,2011,CH ,1.8 u
PC,PB1071,Y55-64,F,2011,UK ,2.5 
PC,PB1071,Y55-64,F,2011,TR ,2.3 
PC,PB1071,Y55-64,M,2011,EU28 ,6.5 
PC,PB1071,Y55-64,M,2011,BE ,2.3 u
PC,PB1071,Y55-64,M,2011,BG ,8.9 
PC,PB1071,Y55-64,M,2011,CZ ,4.5 
PC,PB1071,Y55-64,M,2011,DK ,5.7 
PC,PB1071,Y55-64,M,2011,DE ,5.7 
PC,PB1071,Y55-64,M,2011,EE ,9.7 u
PC,PB1071,Y55-64,M,2011,IE ,10.6 
PC,PB1071,Y55-64,M,2011,EL ,7.1 
PC,PB1071,Y55-64,M,2011,ES ,14.5 
PC,PB1071,Y55-64,M,2011,FR ,5.4 u
PC,PB1071,Y55-64,M,2011,HR ,9.8 u
PC,PB1071,Y55-64,M,2011,IT ,3.6 
PC,PB1071,Y55-64,M,2011,CY ,4 u
PC,PB1071,Y55-64,M,2011,LV ,18.9 
PC,PB1071,Y55-64,M,2011,LT ,14.9 
PC,PB1071,Y55-64,M,2011,HU ,8.4 
PC,PB1071,Y55-64,M,2011,NL ,4 u
PC,PB1071,Y55-64,M,2011,PL ,6.8 
PC,PB1071,Y55-64,M,2011,PT ,12.4 
PC,PB1071,Y55-64,M,2011,RO ,5.8 
PC,PB1071,Y55-64,M,2011,SI ,5.6 u
PC,PB1071,Y55-64,M,2011,SK ,10.2 
PC,PB1071,Y55-64,M,2011,FI ,7.2 
PC,PB1071,Y55-64,M,2011,SE ,4.5 
PC,PB1071,Y55-64,M,2011,CH ,2.7 
PC,PB1071,Y55-64,M,2011,UK ,5.1 
PC,PB1071,Y55-64,M,2011,TR ,6.4 
PC,PB1071,Y55-64,T,2011,EU28 ,5.9 
PC,PB1071,Y55-64,T,2011,BE ,2.7 
PC,PB1071,Y55-64,T,2011,BG ,8.3 
PC,PB1071,Y55-64,T,2011,CZ ,4.5 
PC,PB1071,Y55-64,T,2011,DK ,4.8 
PC,PB1071,Y55-64,T,2011,DE ,5.8 
PC,PB1071,Y55-64,T,2011,EE ,8.2 
PC,PB1071,Y55-64,T,2011,IE ,8.4 
PC,PB1071,Y55-64,T,2011,EL ,7.5 
PC,PB1071,Y55-64,T,2011,ES ,13.6 
PC,PB1071,Y55-64,T,2011,FR ,5.2 
PC,PB1071,Y55-64,T,2011,HR ,9 u
PC,PB1071,Y55-64,T,2011,IT ,3.3 
PC,PB1071,Y55-64,T,2011,CY ,3.8 
PC,PB1071,Y55-64,T,2011,LV ,13.6 
PC,PB1071,Y55-64,T,2011,LT ,12.4 
PC,PB1071,Y55-64,T,2011,HU ,7.6 
PC,PB1071,Y55-64,T,2011,NL ,3.7 
PC,PB1071,Y55-64,T,2011,AT ,2.2 u
PC,PB1071,Y55-64,T,2011,PL ,6.1 
PC,PB1071,Y55-64,T,2011,PT ,11.1 
PC,PB1071,Y55-64,T,2011,RO ,4.1 
PC,PB1071,Y55-64,T,2011,SI ,5.7 u
PC,PB1071,Y55-64,T,2011,SK ,9.0 
PC,PB1071,Y55-64,T,2011,FI ,5.8 
PC,PB1071,Y55-64,T,2011,SE ,4.0 
PC,PB1071,Y55-64,T,2011,CH ,2.3 
PC,PB1071,Y55-64,T,2011,UK ,3.9 
PC,PB1071,Y55-64,T,2011,TR ,5.5 
