unit,barrier,age,sex,time\geo,i,v
THS,PTP_LD1,Y15-44,F,2012,EU27_2007,3773.7 e
THS,PTP_LD1,Y15-44,F,2012,BE,144.4
THS,PTP_LD1,Y15-44,F,2012,BG,46.5
THS,PTP_LD1,Y15-44,F,2012,CZ,51.7
THS,PTP_LD1,Y15-44,F,2012,DK,64.9
THS,PTP_LD1,Y15-44,F,2012,DE,878.9
THS,PTP_LD1,Y15-44,F,2012,EE,11.0
THS,PTP_LD1,Y15-44,F,2012,EL,68.6
THS,PTP_LD1,Y15-44,F,2012,ES,317.0
THS,PTP_LD1,Y15-44,F,2012,FR,324.4
THS,PTP_LD1,Y15-44,F,2012,IT,261.1
THS,PTP_LD1,Y15-44,F,2012,CY,6.2 u
THS,PTP_LD1,Y15-44,F,2012,LV,18.3
THS,PTP_LD1,Y15-44,F,2012,LT,23.9
THS,PTP_LD1,Y15-44,F,2012,LU,5.8
THS,PTP_LD1,Y15-44,F,2012,HU,92.1
THS,PTP_LD1,Y15-44,F,2012,MT,2.2 u
THS,PTP_LD1,Y15-44,F,2012,NL,190.2
THS,PTP_LD1,Y15-44,F,2012,AT,62.0
THS,PTP_LD1,Y15-44,F,2012,PL,232.6
THS,PTP_LD1,Y15-44,F,2012,PT,56.6
THS,PTP_LD1,Y15-44,F,2012,RO,59.3 u
THS,PTP_LD1,Y15-44,F,2012,SI,13.4
THS,PTP_LD1,Y15-44,F,2012,SK,41.0
THS,PTP_LD1,Y15-44,F,2012,FI,36.6
THS,PTP_LD1,Y15-44,F,2012,SE,117.6
THS,PTP_LD1,Y15-44,F,2012,EEA,3842.9 e
THS,PTP_LD1,Y15-44,F,2012,IS,4.0
THS,PTP_LD1,Y15-44,F,2012,NO,65.2
THS,PTP_LD1,Y15-44,F,2012,UK,647.4
THS,PTP_LD1,Y15-44,M,2012,EU27_2007,3468.5 e
THS,PTP_LD1,Y15-44,M,2012,BE,132.0
THS,PTP_LD1,Y15-44,M,2012,BG,45.4
THS,PTP_LD1,Y15-44,M,2012,CZ,37.6
THS,PTP_LD1,Y15-44,M,2012,DK,71.6
THS,PTP_LD1,Y15-44,M,2012,DE,948.4
THS,PTP_LD1,Y15-44,M,2012,EE,10.3
THS,PTP_LD1,Y15-44,M,2012,EL,47.2
THS,PTP_LD1,Y15-44,M,2012,ES,214.8
THS,PTP_LD1,Y15-44,M,2012,FR,316.2
THS,PTP_LD1,Y15-44,M,2012,IT,277.7
THS,PTP_LD1,Y15-44,M,2012,CY,4.7 u
THS,PTP_LD1,Y15-44,M,2012,LV,12.3
THS,PTP_LD1,Y15-44,M,2012,LT,28.8
THS,PTP_LD1,Y15-44,M,2012,LU,5.9
THS,PTP_LD1,Y15-44,M,2012,HU,86.1
THS,PTP_LD1,Y15-44,M,2012,MT,1.2 u
THS,PTP_LD1,Y15-44,M,2012,NL,138.0
THS,PTP_LD1,Y15-44,M,2012,AT,72.0
THS,PTP_LD1,Y15-44,M,2012,PL,169.2
THS,PTP_LD1,Y15-44,M,2012,PT,37.4
THS,PTP_LD1,Y15-44,M,2012,RO,49.6 u
THS,PTP_LD1,Y15-44,M,2012,SI,11.9
THS,PTP_LD1,Y15-44,M,2012,SK,32.7
THS,PTP_LD1,Y15-44,M,2012,FI,44.0
THS,PTP_LD1,Y15-44,M,2012,SE,87.1
THS,PTP_LD1,Y15-44,M,2012,EEA,3525.1 e
THS,PTP_LD1,Y15-44,M,2012,IS,4.0
THS,PTP_LD1,Y15-44,M,2012,NO,52.7
THS,PTP_LD1,Y15-44,M,2012,UK,586.5
THS,PTP_LD1,Y15-44,T,2012,EU27_2007,7242.2 e
THS,PTP_LD1,Y15-44,T,2012,BE,276.4
THS,PTP_LD1,Y15-44,T,2012,BG,91.9
THS,PTP_LD1,Y15-44,T,2012,CZ,89.2
THS,PTP_LD1,Y15-44,T,2012,DK,136.5
THS,PTP_LD1,Y15-44,T,2012,DE,1827.3
THS,PTP_LD1,Y15-44,T,2012,EE,21.3
THS,PTP_LD1,Y15-44,T,2012,EL,115.8
THS,PTP_LD1,Y15-44,T,2012,ES,531.9
THS,PTP_LD1,Y15-44,T,2012,FR,640.6
THS,PTP_LD1,Y15-44,T,2012,IT,538.7
THS,PTP_LD1,Y15-44,T,2012,CY,10.9 u
THS,PTP_LD1,Y15-44,T,2012,LV,30.6
THS,PTP_LD1,Y15-44,T,2012,LT,52.8
THS,PTP_LD1,Y15-44,T,2012,LU,11.7
THS,PTP_LD1,Y15-44,T,2012,HU,178.2
THS,PTP_LD1,Y15-44,T,2012,MT,3.4 u
THS,PTP_LD1,Y15-44,T,2012,NL,328.2
THS,PTP_LD1,Y15-44,T,2012,AT,134.0
THS,PTP_LD1,Y15-44,T,2012,PL,401.8
THS,PTP_LD1,Y15-44,T,2012,PT,94.0
THS,PTP_LD1,Y15-44,T,2012,RO,108.9 u
THS,PTP_LD1,Y15-44,T,2012,SI,25.3
THS,PTP_LD1,Y15-44,T,2012,SK,73.7
THS,PTP_LD1,Y15-44,T,2012,FI,80.6
THS,PTP_LD1,Y15-44,T,2012,SE,204.7
THS,PTP_LD1,Y15-44,T,2012,EEA,7368.0 e
THS,PTP_LD1,Y15-44,T,2012,IS,8.0
THS,PTP_LD1,Y15-44,T,2012,NO,117.8
THS,PTP_LD1,Y15-44,T,2012,UK,1233.9
THS,PTP_LD1,Y45-64,F,2012,EU27_2007,5052.4 e
THS,PTP_LD1,Y45-64,F,2012,BE,148.2
THS,PTP_LD1,Y45-64,F,2012,BG,142.8
THS,PTP_LD1,Y45-64,F,2012,CZ,71.9
THS,PTP_LD1,Y45-64,F,2012,DK,47.3
THS,PTP_LD1,Y45-64,F,2012,DE,987.5
THS,PTP_LD1,Y45-64,F,2012,EE,22.6
THS,PTP_LD1,Y45-64,F,2012,EL,133.5
THS,PTP_LD1,Y45-64,F,2012,ES,366.2
THS,PTP_LD1,Y45-64,F,2012,FR,551.2
THS,PTP_LD1,Y45-64,F,2012,IT,356.8
THS,PTP_LD1,Y45-64,F,2012,CY,7.3
THS,PTP_LD1,Y45-64,F,2012,LV,40.6
THS,PTP_LD1,Y45-64,F,2012,LT,48.3
THS,PTP_LD1,Y45-64,F,2012,LU,4.8
THS,PTP_LD1,Y45-64,F,2012,HU,159.7
THS,PTP_LD1,Y45-64,F,2012,MT,4.6
THS,PTP_LD1,Y45-64,F,2012,NL,201.7
THS,PTP_LD1,Y45-64,F,2012,AT,117.7
THS,PTP_LD1,Y45-64,F,2012,PL,458.7
THS,PTP_LD1,Y45-64,F,2012,PT,110.8
THS,PTP_LD1,Y45-64,F,2012,RO,227.3
THS,PTP_LD1,Y45-64,F,2012,SI,21.7
THS,PTP_LD1,Y45-64,F,2012,SK,96.8
THS,PTP_LD1,Y45-64,F,2012,FI,64.5
THS,PTP_LD1,Y45-64,F,2012,SE,99.6
THS,PTP_LD1,Y45-64,F,2012,EEA,5108.1 e
THS,PTP_LD1,Y45-64,F,2012,IS,4.5
THS,PTP_LD1,Y45-64,F,2012,NO,51.1
THS,PTP_LD1,Y45-64,F,2012,UK,560.3
THS,PTP_LD1,Y45-64,M,2012,EU27_2007,4284.5 e
THS,PTP_LD1,Y45-64,M,2012,BE,73.0
THS,PTP_LD1,Y45-64,M,2012,BG,109.2
THS,PTP_LD1,Y45-64,M,2012,CZ,55.6
THS,PTP_LD1,Y45-64,M,2012,DK,42.4
THS,PTP_LD1,Y45-64,M,2012,DE,992.0
THS,PTP_LD1,Y45-64,M,2012,EE,9.7
THS,PTP_LD1,Y45-64,M,2012,EL,85.3
THS,PTP_LD1,Y45-64,M,2012,ES,330.4
THS,PTP_LD1,Y45-64,M,2012,FR,430.7
THS,PTP_LD1,Y45-64,M,2012,IT,235.1
THS,PTP_LD1,Y45-64,M,2012,CY,7.4
THS,PTP_LD1,Y45-64,M,2012,LV,21.0
THS,PTP_LD1,Y45-64,M,2012,LT,34.9
THS,PTP_LD1,Y45-64,M,2012,LU,7.4
THS,PTP_LD1,Y45-64,M,2012,HU,110.7
THS,PTP_LD1,Y45-64,M,2012,MT,3.7
THS,PTP_LD1,Y45-64,M,2012,NL,184.1
THS,PTP_LD1,Y45-64,M,2012,AT,108.2
THS,PTP_LD1,Y45-64,M,2012,PL,331.5
THS,PTP_LD1,Y45-64,M,2012,PT,100.9
THS,PTP_LD1,Y45-64,M,2012,RO,235.5
THS,PTP_LD1,Y45-64,M,2012,SI,29.2
THS,PTP_LD1,Y45-64,M,2012,SK,65.6
THS,PTP_LD1,Y45-64,M,2012,FI,90.1
THS,PTP_LD1,Y45-64,M,2012,SE,73.5
THS,PTP_LD1,Y45-64,M,2012,EEA,4322.3 e
THS,PTP_LD1,Y45-64,M,2012,IS,2.5
THS,PTP_LD1,Y45-64,M,2012,NO,35.2
THS,PTP_LD1,Y45-64,M,2012,UK,517.5
THS,PTP_LD1,Y45-64,T,2012,EU27_2007,9337.0 e
THS,PTP_LD1,Y45-64,T,2012,BE,221.2
THS,PTP_LD1,Y45-64,T,2012,BG,252.1
THS,PTP_LD1,Y45-64,T,2012,CZ,127.5
THS,PTP_LD1,Y45-64,T,2012,DK,89.7
THS,PTP_LD1,Y45-64,T,2012,DE,1979.5
THS,PTP_LD1,Y45-64,T,2012,EE,32.3
THS,PTP_LD1,Y45-64,T,2012,EL,218.9
THS,PTP_LD1,Y45-64,T,2012,ES,696.7
THS,PTP_LD1,Y45-64,T,2012,FR,981.9
THS,PTP_LD1,Y45-64,T,2012,IT,591.8
THS,PTP_LD1,Y45-64,T,2012,CY,14.7
THS,PTP_LD1,Y45-64,T,2012,LV,61.6
THS,PTP_LD1,Y45-64,T,2012,LT,83.2
THS,PTP_LD1,Y45-64,T,2012,LU,12.2
THS,PTP_LD1,Y45-64,T,2012,HU,270.4
THS,PTP_LD1,Y45-64,T,2012,MT,8.3
THS,PTP_LD1,Y45-64,T,2012,NL,385.8
THS,PTP_LD1,Y45-64,T,2012,AT,225.9
THS,PTP_LD1,Y45-64,T,2012,PL,790.2
THS,PTP_LD1,Y45-64,T,2012,PT,211.6
THS,PTP_LD1,Y45-64,T,2012,RO,462.8
THS,PTP_LD1,Y45-64,T,2012,SI,50.9
THS,PTP_LD1,Y45-64,T,2012,SK,162.3
THS,PTP_LD1,Y45-64,T,2012,FI,154.5
THS,PTP_LD1,Y45-64,T,2012,SE,173.1
THS,PTP_LD1,Y45-64,T,2012,EEA,9430.3 e
THS,PTP_LD1,Y45-64,T,2012,IS,7.0
THS,PTP_LD1,Y45-64,T,2012,NO,86.4
THS,PTP_LD1,Y45-64,T,2012,UK,1077.8
THS,PTP_LD1,Y_GE15,F,2012,EU27_2007,14269.7 e
THS,PTP_LD1,Y_GE15,F,2012,BE,394.1
THS,PTP_LD1,Y_GE15,F,2012,BG,338.8
THS,PTP_LD1,Y_GE15,F,2012,CZ,222.7
THS,PTP_LD1,Y_GE15,F,2012,DK,174.1
THS,PTP_LD1,Y_GE15,F,2012,DE,2888.8
THS,PTP_LD1,Y_GE15,F,2012,EE,58.7
THS,PTP_LD1,Y_GE15,F,2012,EL,342.9
THS,PTP_LD1,Y_GE15,F,2012,ES,1143.0
THS,PTP_LD1,Y_GE15,F,2012,FR,1346.6
THS,PTP_LD1,Y_GE15,F,2012,IT,1311.9
THS,PTP_LD1,Y_GE15,F,2012,CY,21.4
THS,PTP_LD1,Y_GE15,F,2012,LV,98.7
THS,PTP_LD1,Y_GE15,F,2012,LT,127.9
THS,PTP_LD1,Y_GE15,F,2012,LU,14.3
THS,PTP_LD1,Y_GE15,F,2012,HU,361.9
THS,PTP_LD1,Y_GE15,F,2012,MT,11.5
THS,PTP_LD1,Y_GE15,F,2012,NL,526.8
THS,PTP_LD1,Y_GE15,F,2012,AT,329.9
THS,PTP_LD1,Y_GE15,F,2012,PL,1251.6
THS,PTP_LD1,Y_GE15,F,2012,PT,288.4
THS,PTP_LD1,Y_GE15,F,2012,RO,493.5
THS,PTP_LD1,Y_GE15,F,2012,SI,60.2
THS,PTP_LD1,Y_GE15,F,2012,SK,220.0
THS,PTP_LD1,Y_GE15,F,2012,FI,154.5
THS,PTP_LD1,Y_GE15,F,2012,SE,325.1
THS,PTP_LD1,Y_GE15,F,2012,EEA,14433.7 e
THS,PTP_LD1,Y_GE15,F,2012,IS,10.6
THS,PTP_LD1,Y_GE15,F,2012,NO,153.4
THS,PTP_LD1,Y_GE15,F,2012,UK,1762.3
THS,PTP_LD1,Y_GE15,M,2012,EU27_2007,11667.2 e
THS,PTP_LD1,Y_GE15,M,2012,BE,285.3
THS,PTP_LD1,Y_GE15,M,2012,BG,261.8
THS,PTP_LD1,Y_GE15,M,2012,CZ,151.3
THS,PTP_LD1,Y_GE15,M,2012,DK,147.9
THS,PTP_LD1,Y_GE15,M,2012,DE,2851.8
THS,PTP_LD1,Y_GE15,M,2012,EE,30.3
THS,PTP_LD1,Y_GE15,M,2012,EL,264.4
THS,PTP_LD1,Y_GE15,M,2012,ES,869.4
THS,PTP_LD1,Y_GE15,M,2012,FR,1132.2
THS,PTP_LD1,Y_GE15,M,2012,IT,991.4
THS,PTP_LD1,Y_GE15,M,2012,CY,16.4
THS,PTP_LD1,Y_GE15,M,2012,LV,50.8
THS,PTP_LD1,Y_GE15,M,2012,LT,84.7
THS,PTP_LD1,Y_GE15,M,2012,LU,16.3
THS,PTP_LD1,Y_GE15,M,2012,HU,289.9
THS,PTP_LD1,Y_GE15,M,2012,MT,8.6
THS,PTP_LD1,Y_GE15,M,2012,NL,450.0
THS,PTP_LD1,Y_GE15,M,2012,AT,268.6
THS,PTP_LD1,Y_GE15,M,2012,PL,721.0
THS,PTP_LD1,Y_GE15,M,2012,PT,220.7
THS,PTP_LD1,Y_GE15,M,2012,RO,448.8
THS,PTP_LD1,Y_GE15,M,2012,SI,59.9
THS,PTP_LD1,Y_GE15,M,2012,SK,120.6
THS,PTP_LD1,Y_GE15,M,2012,FI,177.3
THS,PTP_LD1,Y_GE15,M,2012,SE,249.7
THS,PTP_LD1,Y_GE15,M,2012,EEA,11787.4 e
THS,PTP_LD1,Y_GE15,M,2012,IS,8.9
THS,PTP_LD1,Y_GE15,M,2012,NO,111.4
THS,PTP_LD1,Y_GE15,M,2012,UK,1497.9
THS,PTP_LD1,Y_GE15,T,2012,EU27_2007,25936.8 e
THS,PTP_LD1,Y_GE15,T,2012,BE,679.4
THS,PTP_LD1,Y_GE15,T,2012,BG,600.6
THS,PTP_LD1,Y_GE15,T,2012,CZ,374.0
THS,PTP_LD1,Y_GE15,T,2012,DK,321.9
THS,PTP_LD1,Y_GE15,T,2012,DE,5740.6
THS,PTP_LD1,Y_GE15,T,2012,EE,89.0
THS,PTP_LD1,Y_GE15,T,2012,EL,607.3
THS,PTP_LD1,Y_GE15,T,2012,ES,2012.4
THS,PTP_LD1,Y_GE15,T,2012,FR,2478.8
THS,PTP_LD1,Y_GE15,T,2012,IT,2303.3
THS,PTP_LD1,Y_GE15,T,2012,CY,37.8
THS,PTP_LD1,Y_GE15,T,2012,LV,149.5
THS,PTP_LD1,Y_GE15,T,2012,LT,212.6
THS,PTP_LD1,Y_GE15,T,2012,LU,30.6
THS,PTP_LD1,Y_GE15,T,2012,HU,651.8
THS,PTP_LD1,Y_GE15,T,2012,MT,20.1
THS,PTP_LD1,Y_GE15,T,2012,NL,976.9
THS,PTP_LD1,Y_GE15,T,2012,AT,598.5
THS,PTP_LD1,Y_GE15,T,2012,PL,1972.5
THS,PTP_LD1,Y_GE15,T,2012,PT,509.1
THS,PTP_LD1,Y_GE15,T,2012,RO,942.3
THS,PTP_LD1,Y_GE15,T,2012,SI,120.1
THS,PTP_LD1,Y_GE15,T,2012,SK,340.6
THS,PTP_LD1,Y_GE15,T,2012,FI,331.8
THS,PTP_LD1,Y_GE15,T,2012,SE,574.9
THS,PTP_LD1,Y_GE15,T,2012,EEA,26221.1 e
THS,PTP_LD1,Y_GE15,T,2012,IS,19.4
THS,PTP_LD1,Y_GE15,T,2012,NO,264.9
THS,PTP_LD1,Y_GE15,T,2012,UK,3260.2
THS,PTP_LD1,Y_GE65,F,2012,EU27_2007,5443.5 e
THS,PTP_LD1,Y_GE65,F,2012,BE,101.5
THS,PTP_LD1,Y_GE65,F,2012,BG,149.5
THS,PTP_LD1,Y_GE65,F,2012,CZ,99.1
THS,PTP_LD1,Y_GE65,F,2012,DK,61.9
THS,PTP_LD1,Y_GE65,F,2012,DE,1022.4
THS,PTP_LD1,Y_GE65,F,2012,EE,25.1
THS,PTP_LD1,Y_GE65,F,2012,EL,140.8
THS,PTP_LD1,Y_GE65,F,2012,ES,459.7
THS,PTP_LD1,Y_GE65,F,2012,FR,471.0
THS,PTP_LD1,Y_GE65,F,2012,IT,694.1
THS,PTP_LD1,Y_GE65,F,2012,CY,7.9
THS,PTP_LD1,Y_GE65,F,2012,LV,39.7
THS,PTP_LD1,Y_GE65,F,2012,LT,55.7
THS,PTP_LD1,Y_GE65,F,2012,LU,3.7
THS,PTP_LD1,Y_GE65,F,2012,HU,110.0
THS,PTP_LD1,Y_GE65,F,2012,MT,4.8
THS,PTP_LD1,Y_GE65,F,2012,NL,134.9
THS,PTP_LD1,Y_GE65,F,2012,AT,150.1
THS,PTP_LD1,Y_GE65,F,2012,PL,560.3
THS,PTP_LD1,Y_GE65,F,2012,PT,121.0
THS,PTP_LD1,Y_GE65,F,2012,RO,206.9
THS,PTP_LD1,Y_GE65,F,2012,SI,25.1
THS,PTP_LD1,Y_GE65,F,2012,SK,82.2
THS,PTP_LD1,Y_GE65,F,2012,FI,53.4
THS,PTP_LD1,Y_GE65,F,2012,SE,108.0
THS,PTP_LD1,Y_GE65,F,2012,EEA,5482.7 e
THS,PTP_LD1,Y_GE65,F,2012,IS,2.1
THS,PTP_LD1,Y_GE65,F,2012,NO,37.1
THS,PTP_LD1,Y_GE65,F,2012,UK,554.7
THS,PTP_LD1,Y_GE65,M,2012,EU27_2007,3914.2 e
THS,PTP_LD1,Y_GE65,M,2012,BE,80.4
THS,PTP_LD1,Y_GE65,M,2012,BG,107.2
THS,PTP_LD1,Y_GE65,M,2012,CZ,58.2
THS,PTP_LD1,Y_GE65,M,2012,DK,33.9
THS,PTP_LD1,Y_GE65,M,2012,DE,911.4
THS,PTP_LD1,Y_GE65,M,2012,EE,10.3
THS,PTP_LD1,Y_GE65,M,2012,EL,131.9
THS,PTP_LD1,Y_GE65,M,2012,ES,324.2
THS,PTP_LD1,Y_GE65,M,2012,FR,385.3
THS,PTP_LD1,Y_GE65,M,2012,IT,478.7
THS,PTP_LD1,Y_GE65,M,2012,CY,4.3
THS,PTP_LD1,Y_GE65,M,2012,LV,17.6
THS,PTP_LD1,Y_GE65,M,2012,LT,21.0
THS,PTP_LD1,Y_GE65,M,2012,LU,3.0
THS,PTP_LD1,Y_GE65,M,2012,HU,93.1
THS,PTP_LD1,Y_GE65,M,2012,MT,3.6
THS,PTP_LD1,Y_GE65,M,2012,NL,127.9
THS,PTP_LD1,Y_GE65,M,2012,AT,88.5
THS,PTP_LD1,Y_GE65,M,2012,PL,220.2
THS,PTP_LD1,Y_GE65,M,2012,PT,82.4
THS,PTP_LD1,Y_GE65,M,2012,RO,163.7
THS,PTP_LD1,Y_GE65,M,2012,SI,18.8
THS,PTP_LD1,Y_GE65,M,2012,SK,22.4
THS,PTP_LD1,Y_GE65,M,2012,FI,43.3
THS,PTP_LD1,Y_GE65,M,2012,SE,89.1
THS,PTP_LD1,Y_GE65,M,2012,EEA,3940.1 e
THS,PTP_LD1,Y_GE65,M,2012,IS,2.4
THS,PTP_LD1,Y_GE65,M,2012,NO,23.5
THS,PTP_LD1,Y_GE65,M,2012,UK,393.9
THS,PTP_LD1,Y_GE65,T,2012,EU27_2007,9357.7 e
THS,PTP_LD1,Y_GE65,T,2012,BE,181.9
THS,PTP_LD1,Y_GE65,T,2012,BG,256.6
THS,PTP_LD1,Y_GE65,T,2012,CZ,157.2
THS,PTP_LD1,Y_GE65,T,2012,DK,95.8
THS,PTP_LD1,Y_GE65,T,2012,DE,1933.8
THS,PTP_LD1,Y_GE65,T,2012,EE,35.4
THS,PTP_LD1,Y_GE65,T,2012,EL,272.7
THS,PTP_LD1,Y_GE65,T,2012,ES,783.9
THS,PTP_LD1,Y_GE65,T,2012,FR,856.3
THS,PTP_LD1,Y_GE65,T,2012,IT,1172.8
THS,PTP_LD1,Y_GE65,T,2012,CY,12.2
THS,PTP_LD1,Y_GE65,T,2012,LV,57.3
THS,PTP_LD1,Y_GE65,T,2012,LT,76.7
THS,PTP_LD1,Y_GE65,T,2012,LU,6.7
THS,PTP_LD1,Y_GE65,T,2012,HU,203.2
THS,PTP_LD1,Y_GE65,T,2012,MT,8.4
THS,PTP_LD1,Y_GE65,T,2012,NL,262.8
THS,PTP_LD1,Y_GE65,T,2012,AT,238.6
THS,PTP_LD1,Y_GE65,T,2012,PL,780.5
THS,PTP_LD1,Y_GE65,T,2012,PT,203.4
THS,PTP_LD1,Y_GE65,T,2012,RO,370.6
THS,PTP_LD1,Y_GE65,T,2012,SI,43.9
THS,PTP_LD1,Y_GE65,T,2012,SK,104.6
THS,PTP_LD1,Y_GE65,T,2012,FI,96.7
THS,PTP_LD1,Y_GE65,T,2012,SE,197.1
THS,PTP_LD1,Y_GE65,T,2012,EEA,9422.8 e
THS,PTP_LD1,Y_GE65,T,2012,IS,4.5
THS,PTP_LD1,Y_GE65,T,2012,NO,60.7
THS,PTP_LD1,Y_GE65,T,2012,UK,948.6
THS,PTP_LD2-3,Y15-44,F,2012,EU27_2007,2273.1 e
THS,PTP_LD2-3,Y15-44,F,2012,BE,70.8
THS,PTP_LD2-3,Y15-44,F,2012,BG,19.4 u
THS,PTP_LD2-3,Y15-44,F,2012,CZ,16.0 u
THS,PTP_LD2-3,Y15-44,F,2012,DK,50.1
THS,PTP_LD2-3,Y15-44,F,2012,DE,462.5
THS,PTP_LD2-3,Y15-44,F,2012,EE,4.4 u
THS,PTP_LD2-3,Y15-44,F,2012,EL,22.4 u
THS,PTP_LD2-3,Y15-44,F,2012,ES,232.4
THS,PTP_LD2-3,Y15-44,F,2012,FR,248.9
THS,PTP_LD2-3,Y15-44,F,2012,IT,108.6 u
THS,PTP_LD2-3,Y15-44,F,2012,LV,8.5
THS,PTP_LD2-3,Y15-44,F,2012,LT,11.6
THS,PTP_LD2-3,Y15-44,F,2012,LU,4.2 u
THS,PTP_LD2-3,Y15-44,F,2012,HU,36.6
THS,PTP_LD2-3,Y15-44,F,2012,NL,178.9
THS,PTP_LD2-3,Y15-44,F,2012,AT,25.1 u
THS,PTP_LD2-3,Y15-44,F,2012,PL,141.8
THS,PTP_LD2-3,Y15-44,F,2012,PT,16.5 u
THS,PTP_LD2-3,Y15-44,F,2012,SI,6.0 u
THS,PTP_LD2-3,Y15-44,F,2012,SK,14.2 u
THS,PTP_LD2-3,Y15-44,F,2012,FI,29.0 u
THS,PTP_LD2-3,Y15-44,F,2012,SE,50.7
THS,PTP_LD2-3,Y15-44,F,2012,EEA,2349.8 e
THS,PTP_LD2-3,Y15-44,F,2012,IS,2.9 u
THS,PTP_LD2-3,Y15-44,F,2012,NO,73.8
THS,PTP_LD2-3,Y15-44,F,2012,UK,493.1
THS,PTP_LD2-3,Y15-44,M,2012,EU27_2007,1781.9 e
THS,PTP_LD2-3,Y15-44,M,2012,BE,43.9
THS,PTP_LD2-3,Y15-44,M,2012,BG,12.9 u
THS,PTP_LD2-3,Y15-44,M,2012,CZ,30.3 u
THS,PTP_LD2-3,Y15-44,M,2012,DK,39.1
THS,PTP_LD2-3,Y15-44,M,2012,DE,512.1
THS,PTP_LD2-3,Y15-44,M,2012,EE,4.3 u
THS,PTP_LD2-3,Y15-44,M,2012,EL,19.6 u
THS,PTP_LD2-3,Y15-44,M,2012,ES,187.4
THS,PTP_LD2-3,Y15-44,M,2012,FR,193.3
THS,PTP_LD2-3,Y15-44,M,2012,IT,76.3 u
THS,PTP_LD2-3,Y15-44,M,2012,LV,9.3
THS,PTP_LD2-3,Y15-44,M,2012,LT,10.1
THS,PTP_LD2-3,Y15-44,M,2012,LU,2.6 u
THS,PTP_LD2-3,Y15-44,M,2012,HU,45.1
THS,PTP_LD2-3,Y15-44,M,2012,NL,99.1
THS,PTP_LD2-3,Y15-44,M,2012,AT,15.6 u
THS,PTP_LD2-3,Y15-44,M,2012,PL,112.7
THS,PTP_LD2-3,Y15-44,M,2012,PT,9.9 u
THS,PTP_LD2-3,Y15-44,M,2012,SI,7.6 u
THS,PTP_LD2-3,Y15-44,M,2012,SK,20.6 u
THS,PTP_LD2-3,Y15-44,M,2012,FI,29.8 u
THS,PTP_LD2-3,Y15-44,M,2012,SE,39.2
THS,PTP_LD2-3,Y15-44,M,2012,EEA,1821.5 e
THS,PTP_LD2-3,Y15-44,M,2012,IS,1.3 u
THS,PTP_LD2-3,Y15-44,M,2012,NO,38.2
THS,PTP_LD2-3,Y15-44,M,2012,UK,237.8
THS,PTP_LD2-3,Y15-44,T,2012,EU27_2007,4055.0 e
THS,PTP_LD2-3,Y15-44,T,2012,BE,114.7
THS,PTP_LD2-3,Y15-44,T,2012,BG,32.4 u
THS,PTP_LD2-3,Y15-44,T,2012,CZ,46.4 u
THS,PTP_LD2-3,Y15-44,T,2012,DK,89.2
THS,PTP_LD2-3,Y15-44,T,2012,DE,974.5
THS,PTP_LD2-3,Y15-44,T,2012,EE,8.8 u
THS,PTP_LD2-3,Y15-44,T,2012,EL,42.0 u
THS,PTP_LD2-3,Y15-44,T,2012,ES,419.7
THS,PTP_LD2-3,Y15-44,T,2012,FR,442.2
THS,PTP_LD2-3,Y15-44,T,2012,IT,184.9 u
THS,PTP_LD2-3,Y15-44,T,2012,LV,17.8
THS,PTP_LD2-3,Y15-44,T,2012,LT,21.7
THS,PTP_LD2-3,Y15-44,T,2012,LU,6.8 u
THS,PTP_LD2-3,Y15-44,T,2012,HU,81.6
THS,PTP_LD2-3,Y15-44,T,2012,NL,278.0
THS,PTP_LD2-3,Y15-44,T,2012,AT,40.8 u
THS,PTP_LD2-3,Y15-44,T,2012,PL,254.5
THS,PTP_LD2-3,Y15-44,T,2012,PT,26.4 u
THS,PTP_LD2-3,Y15-44,T,2012,SI,13.6 u
THS,PTP_LD2-3,Y15-44,T,2012,SK,34.8 u
THS,PTP_LD2-3,Y15-44,T,2012,FI,58.8 u
THS,PTP_LD2-3,Y15-44,T,2012,SE,89.9
THS,PTP_LD2-3,Y15-44,T,2012,EEA,4171.3 e
THS,PTP_LD2-3,Y15-44,T,2012,IS,4.3 u
THS,PTP_LD2-3,Y15-44,T,2012,NO,112.0
THS,PTP_LD2-3,Y15-44,T,2012,UK,730.9
THS,PTP_LD2-3,Y45-64,F,2012,EU27_2007,4052.6 e
THS,PTP_LD2-3,Y45-64,F,2012,BE,106.8
THS,PTP_LD2-3,Y45-64,F,2012,BG,64.1
THS,PTP_LD2-3,Y45-64,F,2012,CZ,52.2
THS,PTP_LD2-3,Y45-64,F,2012,DK,60.0
THS,PTP_LD2-3,Y45-64,F,2012,DE,944.1
THS,PTP_LD2-3,Y45-64,F,2012,EE,16.0
THS,PTP_LD2-3,Y45-64,F,2012,EL,83.1
THS,PTP_LD2-3,Y45-64,F,2012,ES,374.9
THS,PTP_LD2-3,Y45-64,F,2012,FR,491.0
THS,PTP_LD2-3,Y45-64,F,2012,IT,223.8
THS,PTP_LD2-3,Y45-64,F,2012,CY,7.8 u
THS,PTP_LD2-3,Y45-64,F,2012,LV,25.6
THS,PTP_LD2-3,Y45-64,F,2012,LT,32.2
THS,PTP_LD2-3,Y45-64,F,2012,LU,5.0
THS,PTP_LD2-3,Y45-64,F,2012,HU,84.5
THS,PTP_LD2-3,Y45-64,F,2012,MT,1.9 u
THS,PTP_LD2-3,Y45-64,F,2012,NL,188.7
THS,PTP_LD2-3,Y45-64,F,2012,AT,42.5
THS,PTP_LD2-3,Y45-64,F,2012,PL,344.7
THS,PTP_LD2-3,Y45-64,F,2012,PT,60.3
THS,PTP_LD2-3,Y45-64,F,2012,RO,186.1
THS,PTP_LD2-3,Y45-64,F,2012,SI,17.9
THS,PTP_LD2-3,Y45-64,F,2012,SK,88.4
THS,PTP_LD2-3,Y45-64,F,2012,FI,43.6
THS,PTP_LD2-3,Y45-64,F,2012,SE,89.8
THS,PTP_LD2-3,Y45-64,F,2012,EEA,4116.7 e
THS,PTP_LD2-3,Y45-64,F,2012,IS,3.9
THS,PTP_LD2-3,Y45-64,F,2012,NO,60.2
THS,PTP_LD2-3,Y45-64,F,2012,UK,417.7
THS,PTP_LD2-3,Y45-64,M,2012,EU27_2007,3312.1 e
THS,PTP_LD2-3,Y45-64,M,2012,BE,46.1
THS,PTP_LD2-3,Y45-64,M,2012,BG,62.3
THS,PTP_LD2-3,Y45-64,M,2012,CZ,46.8
THS,PTP_LD2-3,Y45-64,M,2012,DK,40.0
THS,PTP_LD2-3,Y45-64,M,2012,DE,828.0
THS,PTP_LD2-3,Y45-64,M,2012,EE,11.3
THS,PTP_LD2-3,Y45-64,M,2012,EL,54.1
THS,PTP_LD2-3,Y45-64,M,2012,ES,271.0
THS,PTP_LD2-3,Y45-64,M,2012,FR,408.5
THS,PTP_LD2-3,Y45-64,M,2012,IT,105.9
THS,PTP_LD2-3,Y45-64,M,2012,CY,6.1 u
THS,PTP_LD2-3,Y45-64,M,2012,LV,20.5
THS,PTP_LD2-3,Y45-64,M,2012,LT,32.7
THS,PTP_LD2-3,Y45-64,M,2012,LU,2.8
THS,PTP_LD2-3,Y45-64,M,2012,HU,89.6
THS,PTP_LD2-3,Y45-64,M,2012,MT,1.7 u
THS,PTP_LD2-3,Y45-64,M,2012,NL,129.4
THS,PTP_LD2-3,Y45-64,M,2012,AT,79.6
THS,PTP_LD2-3,Y45-64,M,2012,PL,337.1
THS,PTP_LD2-3,Y45-64,M,2012,PT,54.2
THS,PTP_LD2-3,Y45-64,M,2012,RO,149.9
THS,PTP_LD2-3,Y45-64,M,2012,SI,16.6
THS,PTP_LD2-3,Y45-64,M,2012,SK,62.4
THS,PTP_LD2-3,Y45-64,M,2012,FI,43.1
THS,PTP_LD2-3,Y45-64,M,2012,SE,48.5
THS,PTP_LD2-3,Y45-64,M,2012,EEA,3356.0 e
THS,PTP_LD2-3,Y45-64,M,2012,IS,1.7
THS,PTP_LD2-3,Y45-64,M,2012,NO,42.2
THS,PTP_LD2-3,Y45-64,M,2012,UK,363.8
THS,PTP_LD2-3,Y45-64,T,2012,EU27_2007,7364.7 e
THS,PTP_LD2-3,Y45-64,T,2012,BE,152.9
THS,PTP_LD2-3,Y45-64,T,2012,BG,126.5
THS,PTP_LD2-3,Y45-64,T,2012,CZ,99.0
THS,PTP_LD2-3,Y45-64,T,2012,DK,100.0
THS,PTP_LD2-3,Y45-64,T,2012,DE,1772.1
THS,PTP_LD2-3,Y45-64,T,2012,EE,27.4
THS,PTP_LD2-3,Y45-64,T,2012,EL,137.2
THS,PTP_LD2-3,Y45-64,T,2012,ES,645.9
THS,PTP_LD2-3,Y45-64,T,2012,FR,899.4
THS,PTP_LD2-3,Y45-64,T,2012,IT,329.7
THS,PTP_LD2-3,Y45-64,T,2012,CY,14.0 u
THS,PTP_LD2-3,Y45-64,T,2012,LV,46.1
THS,PTP_LD2-3,Y45-64,T,2012,LT,64.9
THS,PTP_LD2-3,Y45-64,T,2012,LU,7.8
THS,PTP_LD2-3,Y45-64,T,2012,HU,174.1
THS,PTP_LD2-3,Y45-64,T,2012,MT,3.6 u
THS,PTP_LD2-3,Y45-64,T,2012,NL,318.1
THS,PTP_LD2-3,Y45-64,T,2012,AT,122.1
THS,PTP_LD2-3,Y45-64,T,2012,PL,681.8
THS,PTP_LD2-3,Y45-64,T,2012,PT,114.5
THS,PTP_LD2-3,Y45-64,T,2012,RO,336.0
THS,PTP_LD2-3,Y45-64,T,2012,SI,34.5
THS,PTP_LD2-3,Y45-64,T,2012,SK,150.8
THS,PTP_LD2-3,Y45-64,T,2012,FI,86.7
THS,PTP_LD2-3,Y45-64,T,2012,SE,138.3
THS,PTP_LD2-3,Y45-64,T,2012,EEA,7472.7 e
THS,PTP_LD2-3,Y45-64,T,2012,IS,5.6
THS,PTP_LD2-3,Y45-64,T,2012,NO,102.3
THS,PTP_LD2-3,Y45-64,T,2012,UK,781.5
THS,PTP_LD2-3,Y_GE15,F,2012,EU27_2007,12341.3 e
THS,PTP_LD2-3,Y_GE15,F,2012,BE,237.3
THS,PTP_LD2-3,Y_GE15,F,2012,BG,178.9
THS,PTP_LD2-3,Y_GE15,F,2012,CZ,200.1
THS,PTP_LD2-3,Y_GE15,F,2012,DK,156.9
THS,PTP_LD2-3,Y_GE15,F,2012,DE,2491.3
THS,PTP_LD2-3,Y_GE15,F,2012,EE,43.4
THS,PTP_LD2-3,Y_GE15,F,2012,EL,312.7
THS,PTP_LD2-3,Y_GE15,F,2012,ES,1324.0
THS,PTP_LD2-3,Y_GE15,F,2012,FR,1187.9
THS,PTP_LD2-3,Y_GE15,F,2012,IT,1395.0
THS,PTP_LD2-3,Y_GE15,F,2012,CY,18.0
THS,PTP_LD2-3,Y_GE15,F,2012,LV,78.4
THS,PTP_LD2-3,Y_GE15,F,2012,LT,114.0
THS,PTP_LD2-3,Y_GE15,F,2012,LU,13.5
THS,PTP_LD2-3,Y_GE15,F,2012,HU,295.1
THS,PTP_LD2-3,Y_GE15,F,2012,MT,6.1
THS,PTP_LD2-3,Y_GE15,F,2012,NL,465.3
THS,PTP_LD2-3,Y_GE15,F,2012,AT,152.0
THS,PTP_LD2-3,Y_GE15,F,2012,PL,951.3
THS,PTP_LD2-3,Y_GE15,F,2012,PT,207.9
THS,PTP_LD2-3,Y_GE15,F,2012,RO,457.3
THS,PTP_LD2-3,Y_GE15,F,2012,SI,52.6
THS,PTP_LD2-3,Y_GE15,F,2012,SK,169.9
THS,PTP_LD2-3,Y_GE15,F,2012,FI,132.9
THS,PTP_LD2-3,Y_GE15,F,2012,SE,217.8
THS,PTP_LD2-3,Y_GE15,F,2012,EEA,12518.4 e
THS,PTP_LD2-3,Y_GE15,F,2012,IS,9.6
THS,PTP_LD2-3,Y_GE15,F,2012,NO,167.5
THS,PTP_LD2-3,Y_GE15,F,2012,UK,1481.6
THS,PTP_LD2-3,Y_GE15,M,2012,EU27_2007,8683.9 e
THS,PTP_LD2-3,Y_GE15,M,2012,BE,142.2
THS,PTP_LD2-3,Y_GE15,M,2012,BG,133.6
THS,PTP_LD2-3,Y_GE15,M,2012,CZ,162.3
THS,PTP_LD2-3,Y_GE15,M,2012,DK,108.8
THS,PTP_LD2-3,Y_GE15,M,2012,DE,2048.8
THS,PTP_LD2-3,Y_GE15,M,2012,EE,22.4
THS,PTP_LD2-3,Y_GE15,M,2012,EL,184.6
THS,PTP_LD2-3,Y_GE15,M,2012,ES,835.9
THS,PTP_LD2-3,Y_GE15,M,2012,FR,883.9
THS,PTP_LD2-3,Y_GE15,M,2012,IT,790.6
THS,PTP_LD2-3,Y_GE15,M,2012,CY,14.3
THS,PTP_LD2-3,Y_GE15,M,2012,LV,51.5
THS,PTP_LD2-3,Y_GE15,M,2012,LT,66.9
THS,PTP_LD2-3,Y_GE15,M,2012,LU,8.6
THS,PTP_LD2-3,Y_GE15,M,2012,HU,210.5
THS,PTP_LD2-3,Y_GE15,M,2012,MT,4.5
THS,PTP_LD2-3,Y_GE15,M,2012,NL,310.6
THS,PTP_LD2-3,Y_GE15,M,2012,AT,149.1
THS,PTP_LD2-3,Y_GE15,M,2012,PL,690.6
THS,PTP_LD2-3,Y_GE15,M,2012,PT,148.0
THS,PTP_LD2-3,Y_GE15,M,2012,RO,368.5
THS,PTP_LD2-3,Y_GE15,M,2012,SI,42.2
THS,PTP_LD2-3,Y_GE15,M,2012,SK,106.8
THS,PTP_LD2-3,Y_GE15,M,2012,FI,109.6
THS,PTP_LD2-3,Y_GE15,M,2012,SE,128.0
THS,PTP_LD2-3,Y_GE15,M,2012,EEA,8794.3 e
THS,PTP_LD2-3,Y_GE15,M,2012,IS,3.9
THS,PTP_LD2-3,Y_GE15,M,2012,NO,106.4
THS,PTP_LD2-3,Y_GE15,M,2012,UK,960.9
THS,PTP_LD2-3,Y_GE15,T,2012,EU27_2007,21025.2 e
THS,PTP_LD2-3,Y_GE15,T,2012,BE,379.5
THS,PTP_LD2-3,Y_GE15,T,2012,BG,312.5
THS,PTP_LD2-3,Y_GE15,T,2012,CZ,362.4
THS,PTP_LD2-3,Y_GE15,T,2012,DK,265.7
THS,PTP_LD2-3,Y_GE15,T,2012,DE,4540.2
THS,PTP_LD2-3,Y_GE15,T,2012,EE,65.9
THS,PTP_LD2-3,Y_GE15,T,2012,EL,497.3
THS,PTP_LD2-3,Y_GE15,T,2012,ES,2159.9
THS,PTP_LD2-3,Y_GE15,T,2012,FR,2071.8
THS,PTP_LD2-3,Y_GE15,T,2012,IT,2185.5
THS,PTP_LD2-3,Y_GE15,T,2012,CY,32.3
THS,PTP_LD2-3,Y_GE15,T,2012,LV,129.9
THS,PTP_LD2-3,Y_GE15,T,2012,LT,181.0
THS,PTP_LD2-3,Y_GE15,T,2012,LU,22.2
THS,PTP_LD2-3,Y_GE15,T,2012,HU,505.6
THS,PTP_LD2-3,Y_GE15,T,2012,MT,10.7
THS,PTP_LD2-3,Y_GE15,T,2012,NL,775.9
THS,PTP_LD2-3,Y_GE15,T,2012,AT,301.1
THS,PTP_LD2-3,Y_GE15,T,2012,PL,1641.9
THS,PTP_LD2-3,Y_GE15,T,2012,PT,355.9
THS,PTP_LD2-3,Y_GE15,T,2012,RO,825.8
THS,PTP_LD2-3,Y_GE15,T,2012,SI,94.8
THS,PTP_LD2-3,Y_GE15,T,2012,SK,276.7
THS,PTP_LD2-3,Y_GE15,T,2012,FI,242.6
THS,PTP_LD2-3,Y_GE15,T,2012,SE,345.8
THS,PTP_LD2-3,Y_GE15,T,2012,EEA,21312.7 e
THS,PTP_LD2-3,Y_GE15,T,2012,IS,13.5
THS,PTP_LD2-3,Y_GE15,T,2012,NO,274.0
THS,PTP_LD2-3,Y_GE15,T,2012,UK,2442.5
THS,PTP_LD2-3,Y_GE65,F,2012,EU27_2007,6015.6 e
THS,PTP_LD2-3,Y_GE65,F,2012,BE,59.7
THS,PTP_LD2-3,Y_GE65,F,2012,BG,95.3
THS,PTP_LD2-3,Y_GE65,F,2012,CZ,131.9
THS,PTP_LD2-3,Y_GE65,F,2012,DK,46.9
THS,PTP_LD2-3,Y_GE65,F,2012,DE,1084.8
THS,PTP_LD2-3,Y_GE65,F,2012,EE,22.9
THS,PTP_LD2-3,Y_GE65,F,2012,EL,207.2
THS,PTP_LD2-3,Y_GE65,F,2012,ES,716.7
THS,PTP_LD2-3,Y_GE65,F,2012,FR,448.0
THS,PTP_LD2-3,Y_GE65,F,2012,IT,1062.6
THS,PTP_LD2-3,Y_GE65,F,2012,CY,9.3
THS,PTP_LD2-3,Y_GE65,F,2012,LV,44.3
THS,PTP_LD2-3,Y_GE65,F,2012,LT,70.3
THS,PTP_LD2-3,Y_GE65,F,2012,LU,4.4
THS,PTP_LD2-3,Y_GE65,F,2012,HU,174.1
THS,PTP_LD2-3,Y_GE65,F,2012,MT,3.5
THS,PTP_LD2-3,Y_GE65,F,2012,NL,97.7
THS,PTP_LD2-3,Y_GE65,F,2012,AT,84.3
THS,PTP_LD2-3,Y_GE65,F,2012,PL,464.8
THS,PTP_LD2-3,Y_GE65,F,2012,PT,131.1
THS,PTP_LD2-3,Y_GE65,F,2012,RO,251.6
THS,PTP_LD2-3,Y_GE65,F,2012,SI,28.7
THS,PTP_LD2-3,Y_GE65,F,2012,SK,67.3
THS,PTP_LD2-3,Y_GE65,F,2012,FI,60.3
THS,PTP_LD2-3,Y_GE65,F,2012,SE,77.4
THS,PTP_LD2-3,Y_GE65,F,2012,EEA,6052.0 e
THS,PTP_LD2-3,Y_GE65,F,2012,IS,2.8 u
THS,PTP_LD2-3,Y_GE65,F,2012,NO,33.6
THS,PTP_LD2-3,Y_GE65,F,2012,UK,570.7
THS,PTP_LD2-3,Y_GE65,M,2012,EU27_2007,3589.9 e
THS,PTP_LD2-3,Y_GE65,M,2012,BE,52.2
THS,PTP_LD2-3,Y_GE65,M,2012,BG,58.4
THS,PTP_LD2-3,Y_GE65,M,2012,CZ,85.1
THS,PTP_LD2-3,Y_GE65,M,2012,DK,29.7
THS,PTP_LD2-3,Y_GE65,M,2012,DE,708.8
THS,PTP_LD2-3,Y_GE65,M,2012,EE,6.8
THS,PTP_LD2-3,Y_GE65,M,2012,EL,111.0
THS,PTP_LD2-3,Y_GE65,M,2012,ES,377.5
THS,PTP_LD2-3,Y_GE65,M,2012,FR,282.2
THS,PTP_LD2-3,Y_GE65,M,2012,IT,608.3
THS,PTP_LD2-3,Y_GE65,M,2012,CY,5.5
THS,PTP_LD2-3,Y_GE65,M,2012,LV,21.7
THS,PTP_LD2-3,Y_GE65,M,2012,LT,24.1
THS,PTP_LD2-3,Y_GE65,M,2012,LU,3.2
THS,PTP_LD2-3,Y_GE65,M,2012,HU,75.8
THS,PTP_LD2-3,Y_GE65,M,2012,MT,2.2
THS,PTP_LD2-3,Y_GE65,M,2012,NL,82.1
THS,PTP_LD2-3,Y_GE65,M,2012,AT,53.9
THS,PTP_LD2-3,Y_GE65,M,2012,PL,240.8
THS,PTP_LD2-3,Y_GE65,M,2012,PT,83.9
THS,PTP_LD2-3,Y_GE65,M,2012,RO,198.5
THS,PTP_LD2-3,Y_GE65,M,2012,SI,18.0
THS,PTP_LD2-3,Y_GE65,M,2012,SK,23.8
THS,PTP_LD2-3,Y_GE65,M,2012,FI,36.8
THS,PTP_LD2-3,Y_GE65,M,2012,SE,40.3
THS,PTP_LD2-3,Y_GE65,M,2012,EEA,3616.7 e
THS,PTP_LD2-3,Y_GE65,M,2012,IS,0.9 u
THS,PTP_LD2-3,Y_GE65,M,2012,NO,26.0
THS,PTP_LD2-3,Y_GE65,M,2012,UK,359.3
THS,PTP_LD2-3,Y_GE65,T,2012,EU27_2007,9605.5 e
THS,PTP_LD2-3,Y_GE65,T,2012,BE,111.9
THS,PTP_LD2-3,Y_GE65,T,2012,BG,153.7
THS,PTP_LD2-3,Y_GE65,T,2012,CZ,217.0
THS,PTP_LD2-3,Y_GE65,T,2012,DK,76.6
THS,PTP_LD2-3,Y_GE65,T,2012,DE,1793.5
THS,PTP_LD2-3,Y_GE65,T,2012,EE,29.7
THS,PTP_LD2-3,Y_GE65,T,2012,EL,318.2
THS,PTP_LD2-3,Y_GE65,T,2012,ES,1094.3
THS,PTP_LD2-3,Y_GE65,T,2012,FR,730.2
THS,PTP_LD2-3,Y_GE65,T,2012,IT,1670.9
THS,PTP_LD2-3,Y_GE65,T,2012,CY,14.8
THS,PTP_LD2-3,Y_GE65,T,2012,LV,65.9
THS,PTP_LD2-3,Y_GE65,T,2012,LT,94.4
THS,PTP_LD2-3,Y_GE65,T,2012,LU,7.6
THS,PTP_LD2-3,Y_GE65,T,2012,HU,249.9
THS,PTP_LD2-3,Y_GE65,T,2012,MT,5.7
THS,PTP_LD2-3,Y_GE65,T,2012,NL,179.8
THS,PTP_LD2-3,Y_GE65,T,2012,AT,138.2
THS,PTP_LD2-3,Y_GE65,T,2012,PL,705.6
THS,PTP_LD2-3,Y_GE65,T,2012,PT,215.0
THS,PTP_LD2-3,Y_GE65,T,2012,RO,450.2
THS,PTP_LD2-3,Y_GE65,T,2012,SI,46.7
THS,PTP_LD2-3,Y_GE65,T,2012,SK,91.1
THS,PTP_LD2-3,Y_GE65,T,2012,FI,97.1
THS,PTP_LD2-3,Y_GE65,T,2012,SE,117.7
THS,PTP_LD2-3,Y_GE65,T,2012,EEA,9668.7 e
THS,PTP_LD2-3,Y_GE65,T,2012,IS,3.6 u
THS,PTP_LD2-3,Y_GE65,T,2012,NO,59.6
THS,PTP_LD2-3,Y_GE65,T,2012,UK,930.0
THS,PTP_LD_GE4,Y15-44,F,2012,EU27_2007,2832.8 e
THS,PTP_LD_GE4,Y15-44,F,2012,BE,92.8
THS,PTP_LD_GE4,Y15-44,F,2012,BG,17.4 u
THS,PTP_LD_GE4,Y15-44,F,2012,CZ,34.5 u
THS,PTP_LD_GE4,Y15-44,F,2012,DK,54.4
THS,PTP_LD_GE4,Y15-44,F,2012,DE,547.1
THS,PTP_LD_GE4,Y15-44,F,2012,EE,4.0 u
THS,PTP_LD_GE4,Y15-44,F,2012,EL,7.3 u
THS,PTP_LD_GE4,Y15-44,F,2012,ES,248.6
THS,PTP_LD_GE4,Y15-44,F,2012,FR,276.2
THS,PTP_LD_GE4,Y15-44,F,2012,IT,145.0
THS,PTP_LD_GE4,Y15-44,F,2012,CY,3.1 u
THS,PTP_LD_GE4,Y15-44,F,2012,LV,4.7
THS,PTP_LD_GE4,Y15-44,F,2012,LT,12.1 u
THS,PTP_LD_GE4,Y15-44,F,2012,LU,1.7 u
THS,PTP_LD_GE4,Y15-44,F,2012,HU,50.6
THS,PTP_LD_GE4,Y15-44,F,2012,NL,163.6
THS,PTP_LD_GE4,Y15-44,F,2012,AT,19.8 u
THS,PTP_LD_GE4,Y15-44,F,2012,PL,131.8
THS,PTP_LD_GE4,Y15-44,F,2012,PT,22.8 u
THS,PTP_LD_GE4,Y15-44,F,2012,RO,46.5 u
THS,PTP_LD_GE4,Y15-44,F,2012,SI,7.9 u
THS,PTP_LD_GE4,Y15-44,F,2012,SK,8.9 u
THS,PTP_LD_GE4,Y15-44,F,2012,FI,28.8 u
THS,PTP_LD_GE4,Y15-44,F,2012,SE,65.3
THS,PTP_LD_GE4,Y15-44,F,2012,EEA,2913.5 e
THS,PTP_LD_GE4,Y15-44,F,2012,IS,2.1 u
THS,PTP_LD_GE4,Y15-44,F,2012,NO,78.6
THS,PTP_LD_GE4,Y15-44,F,2012,UK,837.2
THS,PTP_LD_GE4,Y15-44,M,2012,EU27_2007,2177.2 e
THS,PTP_LD_GE4,Y15-44,M,2012,BE,63.7
THS,PTP_LD_GE4,Y15-44,M,2012,BG,21.7 u
THS,PTP_LD_GE4,Y15-44,M,2012,CZ,14.1 u
THS,PTP_LD_GE4,Y15-44,M,2012,DK,34.2
THS,PTP_LD_GE4,Y15-44,M,2012,DE,314.7
THS,PTP_LD_GE4,Y15-44,M,2012,EE,3.2 u
THS,PTP_LD_GE4,Y15-44,M,2012,EL,21.7 u
THS,PTP_LD_GE4,Y15-44,M,2012,ES,158.8
THS,PTP_LD_GE4,Y15-44,M,2012,FR,232.7
THS,PTP_LD_GE4,Y15-44,M,2012,IT,152.4
THS,PTP_LD_GE4,Y15-44,M,2012,CY,3.0 u
THS,PTP_LD_GE4,Y15-44,M,2012,LV,4.6
THS,PTP_LD_GE4,Y15-44,M,2012,LT,9.5 u
THS,PTP_LD_GE4,Y15-44,M,2012,LU,1.9 u
THS,PTP_LD_GE4,Y15-44,M,2012,HU,45.4
THS,PTP_LD_GE4,Y15-44,M,2012,NL,62.5
THS,PTP_LD_GE4,Y15-44,M,2012,AT,20.1 u
THS,PTP_LD_GE4,Y15-44,M,2012,PL,163.6
THS,PTP_LD_GE4,Y15-44,M,2012,PT,7.7 u
THS,PTP_LD_GE4,Y15-44,M,2012,RO,56.2 u
THS,PTP_LD_GE4,Y15-44,M,2012,SI,8.6 u
THS,PTP_LD_GE4,Y15-44,M,2012,SK,20.3 u
THS,PTP_LD_GE4,Y15-44,M,2012,FI,18.3 u
THS,PTP_LD_GE4,Y15-44,M,2012,SE,24.9
THS,PTP_LD_GE4,Y15-44,M,2012,EEA,2222.9 e
THS,PTP_LD_GE4,Y15-44,M,2012,IS,0.8 u
THS,PTP_LD_GE4,Y15-44,M,2012,NO,44.9
THS,PTP_LD_GE4,Y15-44,M,2012,UK,712.1
THS,PTP_LD_GE4,Y15-44,T,2012,EU27_2007,5010.0 e
THS,PTP_LD_GE4,Y15-44,T,2012,BE,156.5
THS,PTP_LD_GE4,Y15-44,T,2012,BG,39.1 u
THS,PTP_LD_GE4,Y15-44,T,2012,CZ,48.6 u
THS,PTP_LD_GE4,Y15-44,T,2012,DK,88.6
THS,PTP_LD_GE4,Y15-44,T,2012,DE,861.8
THS,PTP_LD_GE4,Y15-44,T,2012,EE,7.2 u
THS,PTP_LD_GE4,Y15-44,T,2012,EL,29.0 u
THS,PTP_LD_GE4,Y15-44,T,2012,ES,407.4
THS,PTP_LD_GE4,Y15-44,T,2012,FR,508.8
THS,PTP_LD_GE4,Y15-44,T,2012,IT,297.5
THS,PTP_LD_GE4,Y15-44,T,2012,CY,6.0 u
THS,PTP_LD_GE4,Y15-44,T,2012,LV,9.3
THS,PTP_LD_GE4,Y15-44,T,2012,LT,21.6 u
THS,PTP_LD_GE4,Y15-44,T,2012,LU,3.6 u
THS,PTP_LD_GE4,Y15-44,T,2012,HU,96.0
THS,PTP_LD_GE4,Y15-44,T,2012,NL,226.1
THS,PTP_LD_GE4,Y15-44,T,2012,AT,39.9 u
THS,PTP_LD_GE4,Y15-44,T,2012,PL,295.4
THS,PTP_LD_GE4,Y15-44,T,2012,PT,30.5 u
THS,PTP_LD_GE4,Y15-44,T,2012,RO,102.7 u
THS,PTP_LD_GE4,Y15-44,T,2012,SI,16.5 u
THS,PTP_LD_GE4,Y15-44,T,2012,SK,29.2 u
THS,PTP_LD_GE4,Y15-44,T,2012,FI,47.1 u
THS,PTP_LD_GE4,Y15-44,T,2012,SE,90.2
THS,PTP_LD_GE4,Y15-44,T,2012,EEA,5136.4 e
THS,PTP_LD_GE4,Y15-44,T,2012,IS,2.9 u
THS,PTP_LD_GE4,Y15-44,T,2012,NO,123.4
THS,PTP_LD_GE4,Y15-44,T,2012,UK,1549.3
THS,PTP_LD_GE4,Y45-64,F,2012,EU27_2007,5154.1 e
THS,PTP_LD_GE4,Y45-64,F,2012,BE,130.3
THS,PTP_LD_GE4,Y45-64,F,2012,BG,70.4
THS,PTP_LD_GE4,Y45-64,F,2012,CZ,80.8
THS,PTP_LD_GE4,Y45-64,F,2012,DK,83.1
THS,PTP_LD_GE4,Y45-64,F,2012,DE,882.3
THS,PTP_LD_GE4,Y45-64,F,2012,EE,14.1
THS,PTP_LD_GE4,Y45-64,F,2012,EL,64.2
THS,PTP_LD_GE4,Y45-64,F,2012,ES,463.2
THS,PTP_LD_GE4,Y45-64,F,2012,FR,570.8
THS,PTP_LD_GE4,Y45-64,F,2012,IT,262.0
THS,PTP_LD_GE4,Y45-64,F,2012,CY,3.6 u
THS,PTP_LD_GE4,Y45-64,F,2012,LV,17.8
THS,PTP_LD_GE4,Y45-64,F,2012,LT,41.1
THS,PTP_LD_GE4,Y45-64,F,2012,LU,4.0
THS,PTP_LD_GE4,Y45-64,F,2012,HU,188.8
THS,PTP_LD_GE4,Y45-64,F,2012,MT,2.3 u
THS,PTP_LD_GE4,Y45-64,F,2012,NL,192.9
THS,PTP_LD_GE4,Y45-64,F,2012,AT,56.5
THS,PTP_LD_GE4,Y45-64,F,2012,PL,414.3
THS,PTP_LD_GE4,Y45-64,F,2012,PT,63.5
THS,PTP_LD_GE4,Y45-64,F,2012,RO,256.9
THS,PTP_LD_GE4,Y45-64,F,2012,SI,17.0
THS,PTP_LD_GE4,Y45-64,F,2012,SK,58.2
THS,PTP_LD_GE4,Y45-64,F,2012,FI,55.6
THS,PTP_LD_GE4,Y45-64,F,2012,SE,63.9
THS,PTP_LD_GE4,Y45-64,F,2012,EEA,5236.1 e
THS,PTP_LD_GE4,Y45-64,F,2012,IS,3.2 u
THS,PTP_LD_GE4,Y45-64,F,2012,NO,78.8
THS,PTP_LD_GE4,Y45-64,F,2012,UK,1096.6
THS,PTP_LD_GE4,Y45-64,M,2012,EU27_2007,4065.4 e
THS,PTP_LD_GE4,Y45-64,M,2012,BE,63.0
THS,PTP_LD_GE4,Y45-64,M,2012,BG,68.7
THS,PTP_LD_GE4,Y45-64,M,2012,CZ,57.9
THS,PTP_LD_GE4,Y45-64,M,2012,DK,67.5
THS,PTP_LD_GE4,Y45-64,M,2012,DE,793.6
THS,PTP_LD_GE4,Y45-64,M,2012,EE,15.0
THS,PTP_LD_GE4,Y45-64,M,2012,EL,50.0
THS,PTP_LD_GE4,Y45-64,M,2012,ES,364.7
THS,PTP_LD_GE4,Y45-64,M,2012,FR,388.7
THS,PTP_LD_GE4,Y45-64,M,2012,IT,151.6
THS,PTP_LD_GE4,Y45-64,M,2012,CY,6.6 u
THS,PTP_LD_GE4,Y45-64,M,2012,LV,13.3
THS,PTP_LD_GE4,Y45-64,M,2012,LT,21.3
THS,PTP_LD_GE4,Y45-64,M,2012,LU,3.6
THS,PTP_LD_GE4,Y45-64,M,2012,HU,152.9
THS,PTP_LD_GE4,Y45-64,M,2012,MT,1.7 u
THS,PTP_LD_GE4,Y45-64,M,2012,NL,103.2
THS,PTP_LD_GE4,Y45-64,M,2012,AT,34.1
THS,PTP_LD_GE4,Y45-64,M,2012,PL,360.8
THS,PTP_LD_GE4,Y45-64,M,2012,PT,56.2
THS,PTP_LD_GE4,Y45-64,M,2012,RO,208.6
THS,PTP_LD_GE4,Y45-64,M,2012,SI,14.3
THS,PTP_LD_GE4,Y45-64,M,2012,SK,47.7
THS,PTP_LD_GE4,Y45-64,M,2012,FI,27.6
THS,PTP_LD_GE4,Y45-64,M,2012,SE,33.1
THS,PTP_LD_GE4,Y45-64,M,2012,EEA,4106.9 e
THS,PTP_LD_GE4,Y45-64,M,2012,IS,0.9 u
THS,PTP_LD_GE4,Y45-64,M,2012,NO,40.7
THS,PTP_LD_GE4,Y45-64,M,2012,UK,959.7
THS,PTP_LD_GE4,Y45-64,T,2012,EU27_2007,9219.5 e
THS,PTP_LD_GE4,Y45-64,T,2012,BE,193.2
THS,PTP_LD_GE4,Y45-64,T,2012,BG,139.2
THS,PTP_LD_GE4,Y45-64,T,2012,CZ,138.7
THS,PTP_LD_GE4,Y45-64,T,2012,DK,150.6
THS,PTP_LD_GE4,Y45-64,T,2012,DE,1675.9
THS,PTP_LD_GE4,Y45-64,T,2012,EE,29.1
THS,PTP_LD_GE4,Y45-64,T,2012,EL,114.2
THS,PTP_LD_GE4,Y45-64,T,2012,ES,827.9
THS,PTP_LD_GE4,Y45-64,T,2012,FR,959.5
THS,PTP_LD_GE4,Y45-64,T,2012,IT,413.6
THS,PTP_LD_GE4,Y45-64,T,2012,CY,10.3 u
THS,PTP_LD_GE4,Y45-64,T,2012,LV,31.1
THS,PTP_LD_GE4,Y45-64,T,2012,LT,62.4
THS,PTP_LD_GE4,Y45-64,T,2012,LU,7.7
THS,PTP_LD_GE4,Y45-64,T,2012,HU,341.8
THS,PTP_LD_GE4,Y45-64,T,2012,MT,4.0 u
THS,PTP_LD_GE4,Y45-64,T,2012,NL,296.0
THS,PTP_LD_GE4,Y45-64,T,2012,AT,90.6
THS,PTP_LD_GE4,Y45-64,T,2012,PL,775.1
THS,PTP_LD_GE4,Y45-64,T,2012,PT,119.6
THS,PTP_LD_GE4,Y45-64,T,2012,RO,465.5
THS,PTP_LD_GE4,Y45-64,T,2012,SI,31.3
THS,PTP_LD_GE4,Y45-64,T,2012,SK,105.8
THS,PTP_LD_GE4,Y45-64,T,2012,FI,83.2
THS,PTP_LD_GE4,Y45-64,T,2012,SE,96.9
THS,PTP_LD_GE4,Y45-64,T,2012,EEA,9343.0 e
THS,PTP_LD_GE4,Y45-64,T,2012,IS,4.1 u
THS,PTP_LD_GE4,Y45-64,T,2012,NO,119.4
THS,PTP_LD_GE4,Y45-64,T,2012,UK,2056.3
THS,PTP_LD_GE4,Y_GE15,F,2012,EU27_2007,16029.4 e
THS,PTP_LD_GE4,Y_GE15,F,2012,BE,327.9
THS,PTP_LD_GE4,Y_GE15,F,2012,BG,271.8
THS,PTP_LD_GE4,Y_GE15,F,2012,CZ,340.6
THS,PTP_LD_GE4,Y_GE15,F,2012,DK,195.1
THS,PTP_LD_GE4,Y_GE15,F,2012,DE,2770.6
THS,PTP_LD_GE4,Y_GE15,F,2012,EE,46.4
THS,PTP_LD_GE4,Y_GE15,F,2012,EL,372.2
THS,PTP_LD_GE4,Y_GE15,F,2012,ES,1534.3
THS,PTP_LD_GE4,Y_GE15,F,2012,FR,1345.6
THS,PTP_LD_GE4,Y_GE15,F,2012,IT,1886.7
THS,PTP_LD_GE4,Y_GE15,F,2012,CY,16.3
THS,PTP_LD_GE4,Y_GE15,F,2012,LV,88.4
THS,PTP_LD_GE4,Y_GE15,F,2012,LT,132.6
THS,PTP_LD_GE4,Y_GE15,F,2012,LU,8.9
THS,PTP_LD_GE4,Y_GE15,F,2012,HU,586.1
THS,PTP_LD_GE4,Y_GE15,F,2012,MT,6.8
THS,PTP_LD_GE4,Y_GE15,F,2012,NL,442.8
THS,PTP_LD_GE4,Y_GE15,F,2012,AT,163.5
THS,PTP_LD_GE4,Y_GE15,F,2012,PL,1402.3
THS,PTP_LD_GE4,Y_GE15,F,2012,PT,220.3
THS,PTP_LD_GE4,Y_GE15,F,2012,RO,854.8
THS,PTP_LD_GE4,Y_GE15,F,2012,SI,69.9
THS,PTP_LD_GE4,Y_GE15,F,2012,SK,114.6
THS,PTP_LD_GE4,Y_GE15,F,2012,FI,126.3
THS,PTP_LD_GE4,Y_GE15,F,2012,SE,162.5
THS,PTP_LD_GE4,Y_GE15,F,2012,EEA,16223.8 e
THS,PTP_LD_GE4,Y_GE15,F,2012,IS,6.1
THS,PTP_LD_GE4,Y_GE15,F,2012,NO,188.4
THS,PTP_LD_GE4,Y_GE15,F,2012,UK,2542.2
THS,PTP_LD_GE4,Y_GE15,M,2012,EU27_2007,10039.2 e
THS,PTP_LD_GE4,Y_GE15,M,2012,BE,166.7
THS,PTP_LD_GE4,Y_GE15,M,2012,BG,184.6
THS,PTP_LD_GE4,Y_GE15,M,2012,CZ,195.2
THS,PTP_LD_GE4,Y_GE15,M,2012,DK,136.5
THS,PTP_LD_GE4,Y_GE15,M,2012,DE,1732.4
THS,PTP_LD_GE4,Y_GE15,M,2012,EE,23.9
THS,PTP_LD_GE4,Y_GE15,M,2012,EL,209.8
THS,PTP_LD_GE4,Y_GE15,M,2012,ES,844.5
THS,PTP_LD_GE4,Y_GE15,M,2012,FR,909.2
THS,PTP_LD_GE4,Y_GE15,M,2012,IT,1024.0
THS,PTP_LD_GE4,Y_GE15,M,2012,CY,17.8
THS,PTP_LD_GE4,Y_GE15,M,2012,LV,37.6
THS,PTP_LD_GE4,Y_GE15,M,2012,LT,59.3
THS,PTP_LD_GE4,Y_GE15,M,2012,LU,6.6
THS,PTP_LD_GE4,Y_GE15,M,2012,HU,329.2
THS,PTP_LD_GE4,Y_GE15,M,2012,MT,4.6
THS,PTP_LD_GE4,Y_GE15,M,2012,NL,199.5
THS,PTP_LD_GE4,Y_GE15,M,2012,AT,99.6
THS,PTP_LD_GE4,Y_GE15,M,2012,PL,788.4
THS,PTP_LD_GE4,Y_GE15,M,2012,PT,139.3
THS,PTP_LD_GE4,Y_GE15,M,2012,RO,640.7
THS,PTP_LD_GE4,Y_GE15,M,2012,SI,35.5
THS,PTP_LD_GE4,Y_GE15,M,2012,SK,82.2
THS,PTP_LD_GE4,Y_GE15,M,2012,FI,66.8
THS,PTP_LD_GE4,Y_GE15,M,2012,SE,81.8
THS,PTP_LD_GE4,Y_GE15,M,2012,EEA,10137.3 e
THS,PTP_LD_GE4,Y_GE15,M,2012,IS,1.8
THS,PTP_LD_GE4,Y_GE15,M,2012,NO,96.3
THS,PTP_LD_GE4,Y_GE15,M,2012,UK,2023.6
THS,PTP_LD_GE4,Y_GE15,T,2012,EU27_2007,26068.5 e
THS,PTP_LD_GE4,Y_GE15,T,2012,BE,494.5
THS,PTP_LD_GE4,Y_GE15,T,2012,BG,456.4
THS,PTP_LD_GE4,Y_GE15,T,2012,CZ,535.8
THS,PTP_LD_GE4,Y_GE15,T,2012,DK,331.6
THS,PTP_LD_GE4,Y_GE15,T,2012,DE,4503.0
THS,PTP_LD_GE4,Y_GE15,T,2012,EE,70.2
THS,PTP_LD_GE4,Y_GE15,T,2012,EL,582.0
THS,PTP_LD_GE4,Y_GE15,T,2012,ES,2378.8
THS,PTP_LD_GE4,Y_GE15,T,2012,FR,2254.8
THS,PTP_LD_GE4,Y_GE15,T,2012,IT,2910.7
THS,PTP_LD_GE4,Y_GE15,T,2012,CY,34.0
THS,PTP_LD_GE4,Y_GE15,T,2012,LV,126.0
THS,PTP_LD_GE4,Y_GE15,T,2012,LT,191.9
THS,PTP_LD_GE4,Y_GE15,T,2012,LU,15.5
THS,PTP_LD_GE4,Y_GE15,T,2012,HU,915.4
THS,PTP_LD_GE4,Y_GE15,T,2012,MT,11.3
THS,PTP_LD_GE4,Y_GE15,T,2012,NL,642.3
THS,PTP_LD_GE4,Y_GE15,T,2012,AT,263.1
THS,PTP_LD_GE4,Y_GE15,T,2012,PL,2190.7
THS,PTP_LD_GE4,Y_GE15,T,2012,PT,359.6
THS,PTP_LD_GE4,Y_GE15,T,2012,RO,1495.5
THS,PTP_LD_GE4,Y_GE15,T,2012,SI,105.3
THS,PTP_LD_GE4,Y_GE15,T,2012,SK,196.8
THS,PTP_LD_GE4,Y_GE15,T,2012,FI,193.1
THS,PTP_LD_GE4,Y_GE15,T,2012,SE,244.3
THS,PTP_LD_GE4,Y_GE15,T,2012,EEA,26361.1 e
THS,PTP_LD_GE4,Y_GE15,T,2012,IS,7.9
THS,PTP_LD_GE4,Y_GE15,T,2012,NO,284.6
THS,PTP_LD_GE4,Y_GE15,T,2012,UK,4565.8
THS,PTP_LD_GE4,Y_GE65,F,2012,EU27_2007,8042.4 e
THS,PTP_LD_GE4,Y_GE65,F,2012,BE,104.8
THS,PTP_LD_GE4,Y_GE65,F,2012,BG,184.0
THS,PTP_LD_GE4,Y_GE65,F,2012,CZ,225.3
THS,PTP_LD_GE4,Y_GE65,F,2012,DK,57.6
THS,PTP_LD_GE4,Y_GE65,F,2012,DE,1341.2
THS,PTP_LD_GE4,Y_GE65,F,2012,EE,28.2
THS,PTP_LD_GE4,Y_GE65,F,2012,EL,300.8
THS,PTP_LD_GE4,Y_GE65,F,2012,ES,822.5
THS,PTP_LD_GE4,Y_GE65,F,2012,FR,498.6
THS,PTP_LD_GE4,Y_GE65,F,2012,IT,1479.7
THS,PTP_LD_GE4,Y_GE65,F,2012,CY,9.6
THS,PTP_LD_GE4,Y_GE65,F,2012,LV,65.8
THS,PTP_LD_GE4,Y_GE65,F,2012,LT,79.4
THS,PTP_LD_GE4,Y_GE65,F,2012,LU,3.2 u
THS,PTP_LD_GE4,Y_GE65,F,2012,HU,346.7
THS,PTP_LD_GE4,Y_GE65,F,2012,MT,3.7
THS,PTP_LD_GE4,Y_GE65,F,2012,NL,86.4
THS,PTP_LD_GE4,Y_GE65,F,2012,AT,87.2
THS,PTP_LD_GE4,Y_GE65,F,2012,PL,856.2
THS,PTP_LD_GE4,Y_GE65,F,2012,PT,134.0
THS,PTP_LD_GE4,Y_GE65,F,2012,RO,551.4
THS,PTP_LD_GE4,Y_GE65,F,2012,SI,45.0
THS,PTP_LD_GE4,Y_GE65,F,2012,SK,47.5
THS,PTP_LD_GE4,Y_GE65,F,2012,FI,42.0
THS,PTP_LD_GE4,Y_GE65,F,2012,SE,33.3 u
THS,PTP_LD_GE4,Y_GE65,F,2012,EEA,8074.3 e
THS,PTP_LD_GE4,Y_GE65,F,2012,NO,31.0 u
THS,PTP_LD_GE4,Y_GE65,F,2012,UK,608.5
THS,PTP_LD_GE4,Y_GE65,M,2012,EU27_2007,3796.6 e
THS,PTP_LD_GE4,Y_GE65,M,2012,BE,40.1
THS,PTP_LD_GE4,Y_GE65,M,2012,BG,94.2
THS,PTP_LD_GE4,Y_GE65,M,2012,CZ,123.2
THS,PTP_LD_GE4,Y_GE65,M,2012,DK,34.9
THS,PTP_LD_GE4,Y_GE65,M,2012,DE,624.1
THS,PTP_LD_GE4,Y_GE65,M,2012,EE,5.7
THS,PTP_LD_GE4,Y_GE65,M,2012,EL,138.0
THS,PTP_LD_GE4,Y_GE65,M,2012,ES,320.9
THS,PTP_LD_GE4,Y_GE65,M,2012,FR,287.8
THS,PTP_LD_GE4,Y_GE65,M,2012,IT,719.9
THS,PTP_LD_GE4,Y_GE65,M,2012,CY,8.2
THS,PTP_LD_GE4,Y_GE65,M,2012,LV,19.8
THS,PTP_LD_GE4,Y_GE65,M,2012,LT,28.5
THS,PTP_LD_GE4,Y_GE65,M,2012,LU,1.0 u
THS,PTP_LD_GE4,Y_GE65,M,2012,HU,130.9
THS,PTP_LD_GE4,Y_GE65,M,2012,MT,1.5
THS,PTP_LD_GE4,Y_GE65,M,2012,NL,33.9
THS,PTP_LD_GE4,Y_GE65,M,2012,AT,45.4
THS,PTP_LD_GE4,Y_GE65,M,2012,PL,264.1
THS,PTP_LD_GE4,Y_GE65,M,2012,PT,75.5
THS,PTP_LD_GE4,Y_GE65,M,2012,RO,376.0
THS,PTP_LD_GE4,Y_GE65,M,2012,SI,12.5
THS,PTP_LD_GE4,Y_GE65,M,2012,SK,14.2
THS,PTP_LD_GE4,Y_GE65,M,2012,FI,20.8
THS,PTP_LD_GE4,Y_GE65,M,2012,SE,23.9 u
THS,PTP_LD_GE4,Y_GE65,M,2012,EEA,3807.5 e
THS,PTP_LD_GE4,Y_GE65,M,2012,NO,10.7 u
THS,PTP_LD_GE4,Y_GE65,M,2012,UK,351.8
THS,PTP_LD_GE4,Y_GE65,T,2012,EU27_2007,11839.0 e
THS,PTP_LD_GE4,Y_GE65,T,2012,BE,144.8
THS,PTP_LD_GE4,Y_GE65,T,2012,BG,278.1
THS,PTP_LD_GE4,Y_GE65,T,2012,CZ,348.5
THS,PTP_LD_GE4,Y_GE65,T,2012,DK,92.4
THS,PTP_LD_GE4,Y_GE65,T,2012,DE,1965.3
THS,PTP_LD_GE4,Y_GE65,T,2012,EE,33.8
THS,PTP_LD_GE4,Y_GE65,T,2012,EL,438.8
THS,PTP_LD_GE4,Y_GE65,T,2012,ES,1143.5
THS,PTP_LD_GE4,Y_GE65,T,2012,FR,786.5
THS,PTP_LD_GE4,Y_GE65,T,2012,IT,2199.6
THS,PTP_LD_GE4,Y_GE65,T,2012,CY,17.8
THS,PTP_LD_GE4,Y_GE65,T,2012,LV,85.6
THS,PTP_LD_GE4,Y_GE65,T,2012,LT,107.8
THS,PTP_LD_GE4,Y_GE65,T,2012,LU,4.3 u
THS,PTP_LD_GE4,Y_GE65,T,2012,HU,477.5
THS,PTP_LD_GE4,Y_GE65,T,2012,MT,5.3
THS,PTP_LD_GE4,Y_GE65,T,2012,NL,120.2
THS,PTP_LD_GE4,Y_GE65,T,2012,AT,132.6
THS,PTP_LD_GE4,Y_GE65,T,2012,PL,1120.2
THS,PTP_LD_GE4,Y_GE65,T,2012,PT,209.5
THS,PTP_LD_GE4,Y_GE65,T,2012,RO,927.4
THS,PTP_LD_GE4,Y_GE65,T,2012,SI,57.5
THS,PTP_LD_GE4,Y_GE65,T,2012,SK,61.7
THS,PTP_LD_GE4,Y_GE65,T,2012,FI,62.8
THS,PTP_LD_GE4,Y_GE65,T,2012,SE,57.2 u
THS,PTP_LD_GE4,Y_GE65,T,2012,EEA,11881.7 e
THS,PTP_LD_GE4,Y_GE65,T,2012,NO,41.8 u
THS,PTP_LD_GE4,Y_GE65,T,2012,UK,960.2
THS,TOTAL,Y15-44,F,2012,EU27_2007,8879.6 e
THS,TOTAL,Y15-44,F,2012,BE,308.1
THS,TOTAL,Y15-44,F,2012,BG,83.3
THS,TOTAL,Y15-44,F,2012,CZ,102.2
THS,TOTAL,Y15-44,F,2012,DK,169.3
THS,TOTAL,Y15-44,F,2012,DE,1888.5
THS,TOTAL,Y15-44,F,2012,EE,19.4
THS,TOTAL,Y15-44,F,2012,EL,98.2
THS,TOTAL,Y15-44,F,2012,ES,798.0
THS,TOTAL,Y15-44,F,2012,FR,849.5
THS,TOTAL,Y15-44,F,2012,IT,514.7
THS,TOTAL,Y15-44,F,2012,CY,10.2
THS,TOTAL,Y15-44,F,2012,LV,31.5
THS,TOTAL,Y15-44,F,2012,LT,47.6
THS,TOTAL,Y15-44,F,2012,LU,11.6
THS,TOTAL,Y15-44,F,2012,HU,179.3
THS,TOTAL,Y15-44,F,2012,MT,3.7
THS,TOTAL,Y15-44,F,2012,NL,532.8
THS,TOTAL,Y15-44,F,2012,AT,107.0
THS,TOTAL,Y15-44,F,2012,PL,506.2
THS,TOTAL,Y15-44,F,2012,PT,95.9
THS,TOTAL,Y15-44,F,2012,RO,125.4
THS,TOTAL,Y15-44,F,2012,SI,27.3
THS,TOTAL,Y15-44,F,2012,SK,64.1
THS,TOTAL,Y15-44,F,2012,FI,94.4
THS,TOTAL,Y15-44,F,2012,SE,233.6
THS,TOTAL,Y15-44,F,2012,EEA,9106.1 e
THS,TOTAL,Y15-44,F,2012,IS,9.0
THS,TOTAL,Y15-44,F,2012,NO,217.5
THS,TOTAL,Y15-44,F,2012,UK,1977.7
THS,TOTAL,Y15-44,M,2012,EU27_2007,7427.6 e
THS,TOTAL,Y15-44,M,2012,BE,239.5
THS,TOTAL,Y15-44,M,2012,BG,80.1
THS,TOTAL,Y15-44,M,2012,CZ,82.0
THS,TOTAL,Y15-44,M,2012,DK,144.9
THS,TOTAL,Y15-44,M,2012,DE,1775.2
THS,TOTAL,Y15-44,M,2012,EE,17.8
THS,TOTAL,Y15-44,M,2012,EL,88.5
THS,TOTAL,Y15-44,M,2012,ES,561.0
THS,TOTAL,Y15-44,M,2012,FR,742.1
THS,TOTAL,Y15-44,M,2012,IT,506.4
THS,TOTAL,Y15-44,M,2012,CY,10.3
THS,TOTAL,Y15-44,M,2012,LV,26.2
THS,TOTAL,Y15-44,M,2012,LT,48.5
THS,TOTAL,Y15-44,M,2012,LU,10.5
THS,TOTAL,Y15-44,M,2012,HU,176.5
THS,TOTAL,Y15-44,M,2012,MT,3.1
THS,TOTAL,Y15-44,M,2012,NL,299.6
THS,TOTAL,Y15-44,M,2012,AT,107.7
THS,TOTAL,Y15-44,M,2012,PL,445.5
THS,TOTAL,Y15-44,M,2012,PT,55.0
THS,TOTAL,Y15-44,M,2012,RO,125.8
THS,TOTAL,Y15-44,M,2012,SI,28.1
THS,TOTAL,Y15-44,M,2012,SK,73.6
THS,TOTAL,Y15-44,M,2012,FI,92.1
THS,TOTAL,Y15-44,M,2012,SE,151.2
THS,TOTAL,Y15-44,M,2012,EEA,7569.5 e
THS,TOTAL,Y15-44,M,2012,IS,6.1
THS,TOTAL,Y15-44,M,2012,NO,135.8
THS,TOTAL,Y15-44,M,2012,UK,1536.4
THS,TOTAL,Y15-44,T,2012,EU27_2007,16307.2 e
THS,TOTAL,Y15-44,T,2012,BE,547.5
THS,TOTAL,Y15-44,T,2012,BG,163.4
THS,TOTAL,Y15-44,T,2012,CZ,184.2
THS,TOTAL,Y15-44,T,2012,DK,314.2
THS,TOTAL,Y15-44,T,2012,DE,3663.7
THS,TOTAL,Y15-44,T,2012,EE,37.2
THS,TOTAL,Y15-44,T,2012,EL,186.7
THS,TOTAL,Y15-44,T,2012,ES,1359.1
THS,TOTAL,Y15-44,T,2012,FR,1591.6
THS,TOTAL,Y15-44,T,2012,IT,1021.1
THS,TOTAL,Y15-44,T,2012,CY,20.5
THS,TOTAL,Y15-44,T,2012,LV,57.7
THS,TOTAL,Y15-44,T,2012,LT,96.1
THS,TOTAL,Y15-44,T,2012,LU,22.1
THS,TOTAL,Y15-44,T,2012,HU,355.9
THS,TOTAL,Y15-44,T,2012,MT,6.8
THS,TOTAL,Y15-44,T,2012,NL,832.3
THS,TOTAL,Y15-44,T,2012,AT,214.7
THS,TOTAL,Y15-44,T,2012,PL,951.7
THS,TOTAL,Y15-44,T,2012,PT,150.9
THS,TOTAL,Y15-44,T,2012,RO,251.2
THS,TOTAL,Y15-44,T,2012,SI,55.4
THS,TOTAL,Y15-44,T,2012,SK,137.7
THS,TOTAL,Y15-44,T,2012,FI,186.5
THS,TOTAL,Y15-44,T,2012,SE,384.8
THS,TOTAL,Y15-44,T,2012,EEA,16675.6 e
THS,TOTAL,Y15-44,T,2012,IS,15.1
THS,TOTAL,Y15-44,T,2012,NO,353.3
THS,TOTAL,Y15-44,T,2012,UK,3514.1
THS,TOTAL,Y45-64,F,2012,EU27_2007,14259.2 e
THS,TOTAL,Y45-64,F,2012,BE,385.2
THS,TOTAL,Y45-64,F,2012,BG,277.4
THS,TOTAL,Y45-64,F,2012,CZ,204.9
THS,TOTAL,Y45-64,F,2012,DK,190.5
THS,TOTAL,Y45-64,F,2012,DE,2813.9
THS,TOTAL,Y45-64,F,2012,EE,52.8
THS,TOTAL,Y45-64,F,2012,EL,280.9
THS,TOTAL,Y45-64,F,2012,ES,1204.3
THS,TOTAL,Y45-64,F,2012,FR,1612.9
THS,TOTAL,Y45-64,F,2012,IT,842.6
THS,TOTAL,Y45-64,F,2012,CY,18.8
THS,TOTAL,Y45-64,F,2012,LV,84.1
THS,TOTAL,Y45-64,F,2012,LT,121.6
THS,TOTAL,Y45-64,F,2012,LU,13.8
THS,TOTAL,Y45-64,F,2012,HU,433.0
THS,TOTAL,Y45-64,F,2012,MT,8.7
THS,TOTAL,Y45-64,F,2012,NL,583.2
THS,TOTAL,Y45-64,F,2012,AT,216.7
THS,TOTAL,Y45-64,F,2012,PL,1217.7
THS,TOTAL,Y45-64,F,2012,PT,234.5
THS,TOTAL,Y45-64,F,2012,RO,670.3
THS,TOTAL,Y45-64,F,2012,SI,56.7
THS,TOTAL,Y45-64,F,2012,SK,243.3
THS,TOTAL,Y45-64,F,2012,FI,163.6
THS,TOTAL,Y45-64,F,2012,SE,253.3
THS,TOTAL,Y45-64,F,2012,EEA,14460.9 e
THS,TOTAL,Y45-64,F,2012,IS,11.6
THS,TOTAL,Y45-64,F,2012,NO,190.1
THS,TOTAL,Y45-64,F,2012,UK,2074.6
THS,TOTAL,Y45-64,M,2012,EU27_2007,11662.0 e
THS,TOTAL,Y45-64,M,2012,BE,182.1
THS,TOTAL,Y45-64,M,2012,BG,240.3
THS,TOTAL,Y45-64,M,2012,CZ,160.3
THS,TOTAL,Y45-64,M,2012,DK,149.9
THS,TOTAL,Y45-64,M,2012,DE,2613.6
THS,TOTAL,Y45-64,M,2012,EE,36.0
THS,TOTAL,Y45-64,M,2012,EL,189.4
THS,TOTAL,Y45-64,M,2012,ES,966.1
THS,TOTAL,Y45-64,M,2012,FR,1227.9
THS,TOTAL,Y45-64,M,2012,IT,492.6
THS,TOTAL,Y45-64,M,2012,CY,20.2
THS,TOTAL,Y45-64,M,2012,LV,54.7
THS,TOTAL,Y45-64,M,2012,LT,88.9
THS,TOTAL,Y45-64,M,2012,LU,13.9
THS,TOTAL,Y45-64,M,2012,HU,353.3
THS,TOTAL,Y45-64,M,2012,MT,7.2
THS,TOTAL,Y45-64,M,2012,NL,416.7
THS,TOTAL,Y45-64,M,2012,AT,221.8
THS,TOTAL,Y45-64,M,2012,PL,1029.4
THS,TOTAL,Y45-64,M,2012,PT,211.2
THS,TOTAL,Y45-64,M,2012,RO,594.0
THS,TOTAL,Y45-64,M,2012,SI,60.1
THS,TOTAL,Y45-64,M,2012,SK,175.6
THS,TOTAL,Y45-64,M,2012,FI,160.8
THS,TOTAL,Y45-64,M,2012,SE,155.0
THS,TOTAL,Y45-64,M,2012,EEA,11785.2 e
THS,TOTAL,Y45-64,M,2012,IS,5.1
THS,TOTAL,Y45-64,M,2012,NO,118.0
THS,TOTAL,Y45-64,M,2012,UK,1841.0
THS,TOTAL,Y45-64,T,2012,EU27_2007,25921.2 e
THS,TOTAL,Y45-64,T,2012,BE,567.3
THS,TOTAL,Y45-64,T,2012,BG,517.7
THS,TOTAL,Y45-64,T,2012,CZ,365.2
THS,TOTAL,Y45-64,T,2012,DK,340.3
THS,TOTAL,Y45-64,T,2012,DE,5427.5
THS,TOTAL,Y45-64,T,2012,EE,88.8
THS,TOTAL,Y45-64,T,2012,EL,470.3
THS,TOTAL,Y45-64,T,2012,ES,2170.4
THS,TOTAL,Y45-64,T,2012,FR,2840.8
THS,TOTAL,Y45-64,T,2012,IT,1335.2
THS,TOTAL,Y45-64,T,2012,CY,38.9
THS,TOTAL,Y45-64,T,2012,LV,138.8
THS,TOTAL,Y45-64,T,2012,LT,210.5
THS,TOTAL,Y45-64,T,2012,LU,27.6
THS,TOTAL,Y45-64,T,2012,HU,786.3
THS,TOTAL,Y45-64,T,2012,MT,15.9
THS,TOTAL,Y45-64,T,2012,NL,1000.0
THS,TOTAL,Y45-64,T,2012,AT,438.5
THS,TOTAL,Y45-64,T,2012,PL,2247.1
THS,TOTAL,Y45-64,T,2012,PT,445.7
THS,TOTAL,Y45-64,T,2012,RO,1264.3
THS,TOTAL,Y45-64,T,2012,SI,116.7
THS,TOTAL,Y45-64,T,2012,SK,419.0
THS,TOTAL,Y45-64,T,2012,FI,324.4
THS,TOTAL,Y45-64,T,2012,SE,408.3
THS,TOTAL,Y45-64,T,2012,EEA,26246.0 e
THS,TOTAL,Y45-64,T,2012,IS,16.7
THS,TOTAL,Y45-64,T,2012,NO,308.1
THS,TOTAL,Y45-64,T,2012,UK,3915.6
THS,TOTAL,Y_GE15,F,2012,EU27_2007,42640.3 e
THS,TOTAL,Y_GE15,F,2012,BE,959.2
THS,TOTAL,Y_GE15,F,2012,BG,789.5
THS,TOTAL,Y_GE15,F,2012,CZ,763.4
THS,TOTAL,Y_GE15,F,2012,DK,526.1
THS,TOTAL,Y_GE15,F,2012,DE,8150.7
THS,TOTAL,Y_GE15,F,2012,EE,148.5
THS,TOTAL,Y_GE15,F,2012,EL,1027.8
THS,TOTAL,Y_GE15,F,2012,ES,4001.3
THS,TOTAL,Y_GE15,F,2012,FR,3880.1
THS,TOTAL,Y_GE15,F,2012,IT,4593.6
THS,TOTAL,Y_GE15,F,2012,CY,55.7
THS,TOTAL,Y_GE15,F,2012,LV,265.4
THS,TOTAL,Y_GE15,F,2012,LT,374.5
THS,TOTAL,Y_GE15,F,2012,LU,36.8
THS,TOTAL,Y_GE15,F,2012,HU,1243.1
THS,TOTAL,Y_GE15,F,2012,MT,24.4
THS,TOTAL,Y_GE15,F,2012,NL,1435.0
THS,TOTAL,Y_GE15,F,2012,AT,645.4
THS,TOTAL,Y_GE15,F,2012,PL,3605.2
THS,TOTAL,Y_GE15,F,2012,PT,716.5
THS,TOTAL,Y_GE15,F,2012,RO,1805.6
THS,TOTAL,Y_GE15,F,2012,SI,182.7
THS,TOTAL,Y_GE15,F,2012,SK,504.5
THS,TOTAL,Y_GE15,F,2012,FI,413.7
THS,TOTAL,Y_GE15,F,2012,SE,705.5
THS,TOTAL,Y_GE15,F,2012,EEA,43175.9 e
THS,TOTAL,Y_GE15,F,2012,IS,26.2
THS,TOTAL,Y_GE15,F,2012,NO,509.3
THS,TOTAL,Y_GE15,F,2012,UK,5786.1
THS,TOTAL,Y_GE15,M,2012,EU27_2007,30390.2 e
THS,TOTAL,Y_GE15,M,2012,BE,594.2
THS,TOTAL,Y_GE15,M,2012,BG,580.1
THS,TOTAL,Y_GE15,M,2012,CZ,508.7
THS,TOTAL,Y_GE15,M,2012,DK,393.2
THS,TOTAL,Y_GE15,M,2012,DE,6633.1
THS,TOTAL,Y_GE15,M,2012,EE,76.6
THS,TOTAL,Y_GE15,M,2012,EL,658.8
THS,TOTAL,Y_GE15,M,2012,ES,2549.8
THS,TOTAL,Y_GE15,M,2012,FR,2925.3
THS,TOTAL,Y_GE15,M,2012,IT,2805.9
THS,TOTAL,Y_GE15,M,2012,CY,48.5
THS,TOTAL,Y_GE15,M,2012,LV,139.9
THS,TOTAL,Y_GE15,M,2012,LT,211.0
THS,TOTAL,Y_GE15,M,2012,LU,31.6
THS,TOTAL,Y_GE15,M,2012,HU,829.7
THS,TOTAL,Y_GE15,M,2012,MT,17.7
THS,TOTAL,Y_GE15,M,2012,NL,960.2
THS,TOTAL,Y_GE15,M,2012,AT,517.3
THS,TOTAL,Y_GE15,M,2012,PL,2200.0
THS,TOTAL,Y_GE15,M,2012,PT,508.0
THS,TOTAL,Y_GE15,M,2012,RO,1458.0
THS,TOTAL,Y_GE15,M,2012,SI,137.5
THS,TOTAL,Y_GE15,M,2012,SK,309.6
THS,TOTAL,Y_GE15,M,2012,FI,353.8
THS,TOTAL,Y_GE15,M,2012,SE,459.5
THS,TOTAL,Y_GE15,M,2012,EEA,30719.0 e
THS,TOTAL,Y_GE15,M,2012,IS,14.6
THS,TOTAL,Y_GE15,M,2012,NO,314.1
THS,TOTAL,Y_GE15,M,2012,UK,4482.4
THS,TOTAL,Y_GE15,T,2012,EU27_2007,73030.6 e
THS,TOTAL,Y_GE15,T,2012,BE,1553.4
THS,TOTAL,Y_GE15,T,2012,BG,1369.5
THS,TOTAL,Y_GE15,T,2012,CZ,1272.1
THS,TOTAL,Y_GE15,T,2012,DK,919.3
THS,TOTAL,Y_GE15,T,2012,DE,14783.8
THS,TOTAL,Y_GE15,T,2012,EE,225.1
THS,TOTAL,Y_GE15,T,2012,EL,1686.6
THS,TOTAL,Y_GE15,T,2012,ES,6551.1
THS,TOTAL,Y_GE15,T,2012,FR,6805.4
THS,TOTAL,Y_GE15,T,2012,IT,7399.5
THS,TOTAL,Y_GE15,T,2012,CY,104.1
THS,TOTAL,Y_GE15,T,2012,LV,405.4
THS,TOTAL,Y_GE15,T,2012,LT,585.5
THS,TOTAL,Y_GE15,T,2012,LU,68.3
THS,TOTAL,Y_GE15,T,2012,HU,2072.8
THS,TOTAL,Y_GE15,T,2012,MT,42.1
THS,TOTAL,Y_GE15,T,2012,NL,2395.1
THS,TOTAL,Y_GE15,T,2012,AT,1162.7
THS,TOTAL,Y_GE15,T,2012,PL,5805.1
THS,TOTAL,Y_GE15,T,2012,PT,1224.5
THS,TOTAL,Y_GE15,T,2012,RO,3263.6
THS,TOTAL,Y_GE15,T,2012,SI,320.3
THS,TOTAL,Y_GE15,T,2012,SK,814.1
THS,TOTAL,Y_GE15,T,2012,FI,767.5
THS,TOTAL,Y_GE15,T,2012,SE,1165.0
THS,TOTAL,Y_GE15,T,2012,EEA,73894.9 e
THS,TOTAL,Y_GE15,T,2012,IS,40.8
THS,TOTAL,Y_GE15,T,2012,NO,823.5
THS,TOTAL,Y_GE15,T,2012,UK,10268.5
THS,TOTAL,Y_GE65,F,2012,EU27_2007,19501.5 e
THS,TOTAL,Y_GE65,F,2012,BE,265.9
THS,TOTAL,Y_GE65,F,2012,BG,428.8
THS,TOTAL,Y_GE65,F,2012,CZ,456.3
THS,TOTAL,Y_GE65,F,2012,DK,166.3
THS,TOTAL,Y_GE65,F,2012,DE,3448.3
THS,TOTAL,Y_GE65,F,2012,EE,76.3
THS,TOTAL,Y_GE65,F,2012,EL,648.7
THS,TOTAL,Y_GE65,F,2012,ES,1999.0
THS,TOTAL,Y_GE65,F,2012,FR,1417.7
THS,TOTAL,Y_GE65,F,2012,IT,3236.4
THS,TOTAL,Y_GE65,F,2012,CY,26.7
THS,TOTAL,Y_GE65,F,2012,LV,149.8
THS,TOTAL,Y_GE65,F,2012,LT,205.3
THS,TOTAL,Y_GE65,F,2012,LU,11.4
THS,TOTAL,Y_GE65,F,2012,HU,630.8
THS,TOTAL,Y_GE65,F,2012,MT,12.0
THS,TOTAL,Y_GE65,F,2012,NL,319.0
THS,TOTAL,Y_GE65,F,2012,AT,321.7
THS,TOTAL,Y_GE65,F,2012,PL,1881.2
THS,TOTAL,Y_GE65,F,2012,PT,386.1
THS,TOTAL,Y_GE65,F,2012,RO,1010.0
THS,TOTAL,Y_GE65,F,2012,SI,98.8
THS,TOTAL,Y_GE65,F,2012,SK,197.1
THS,TOTAL,Y_GE65,F,2012,FI,155.7
THS,TOTAL,Y_GE65,F,2012,SE,218.6
THS,TOTAL,Y_GE65,F,2012,EEA,19608.9 e
THS,TOTAL,Y_GE65,F,2012,IS,5.7
THS,TOTAL,Y_GE65,F,2012,NO,101.8
THS,TOTAL,Y_GE65,F,2012,UK,1733.8
THS,TOTAL,Y_GE65,M,2012,EU27_2007,11300.6 e
THS,TOTAL,Y_GE65,M,2012,BE,172.6
THS,TOTAL,Y_GE65,M,2012,BG,259.7
THS,TOTAL,Y_GE65,M,2012,CZ,266.5
THS,TOTAL,Y_GE65,M,2012,DK,98.5
THS,TOTAL,Y_GE65,M,2012,DE,2244.3
THS,TOTAL,Y_GE65,M,2012,EE,22.8
THS,TOTAL,Y_GE65,M,2012,EL,381.0
THS,TOTAL,Y_GE65,M,2012,ES,1022.7
THS,TOTAL,Y_GE65,M,2012,FR,955.3
THS,TOTAL,Y_GE65,M,2012,IT,1806.9
THS,TOTAL,Y_GE65,M,2012,CY,18.0
THS,TOTAL,Y_GE65,M,2012,LV,59.0
THS,TOTAL,Y_GE65,M,2012,LT,73.6
THS,TOTAL,Y_GE65,M,2012,LU,7.2
THS,TOTAL,Y_GE65,M,2012,HU,299.8
THS,TOTAL,Y_GE65,M,2012,MT,7.4
THS,TOTAL,Y_GE65,M,2012,NL,243.9
THS,TOTAL,Y_GE65,M,2012,AT,187.8
THS,TOTAL,Y_GE65,M,2012,PL,725.1
THS,TOTAL,Y_GE65,M,2012,PT,241.8
THS,TOTAL,Y_GE65,M,2012,RO,738.2
THS,TOTAL,Y_GE65,M,2012,SI,49.3
THS,TOTAL,Y_GE65,M,2012,SK,60.4
THS,TOTAL,Y_GE65,M,2012,FI,100.9
THS,TOTAL,Y_GE65,M,2012,SE,153.3
THS,TOTAL,Y_GE65,M,2012,EEA,11364.3 e
THS,TOTAL,Y_GE65,M,2012,IS,3.4
THS,TOTAL,Y_GE65,M,2012,NO,60.3
THS,TOTAL,Y_GE65,M,2012,UK,1105.0
THS,TOTAL,Y_GE65,T,2012,EU27_2007,30802.1 e
THS,TOTAL,Y_GE65,T,2012,BE,438.6
THS,TOTAL,Y_GE65,T,2012,BG,688.4
THS,TOTAL,Y_GE65,T,2012,CZ,722.7
THS,TOTAL,Y_GE65,T,2012,DK,264.8
THS,TOTAL,Y_GE65,T,2012,DE,5692.6
THS,TOTAL,Y_GE65,T,2012,EE,99.0
THS,TOTAL,Y_GE65,T,2012,EL,1029.7
THS,TOTAL,Y_GE65,T,2012,ES,3021.6
THS,TOTAL,Y_GE65,T,2012,FR,2373.0
THS,TOTAL,Y_GE65,T,2012,IT,5043.2
THS,TOTAL,Y_GE65,T,2012,CY,44.7
THS,TOTAL,Y_GE65,T,2012,LV,208.8
THS,TOTAL,Y_GE65,T,2012,LT,278.9
THS,TOTAL,Y_GE65,T,2012,LU,18.6
THS,TOTAL,Y_GE65,T,2012,HU,930.6
THS,TOTAL,Y_GE65,T,2012,MT,19.4
THS,TOTAL,Y_GE65,T,2012,NL,562.9
THS,TOTAL,Y_GE65,T,2012,AT,509.5
THS,TOTAL,Y_GE65,T,2012,PL,2606.3
THS,TOTAL,Y_GE65,T,2012,PT,627.9
THS,TOTAL,Y_GE65,T,2012,RO,1748.2
THS,TOTAL,Y_GE65,T,2012,SI,148.1
THS,TOTAL,Y_GE65,T,2012,SK,257.4
THS,TOTAL,Y_GE65,T,2012,FI,256.6
THS,TOTAL,Y_GE65,T,2012,SE,371.9
THS,TOTAL,Y_GE65,T,2012,EEA,30973.2 e
THS,TOTAL,Y_GE65,T,2012,IS,9.0
THS,TOTAL,Y_GE65,T,2012,NO,162.1
THS,TOTAL,Y_GE65,T,2012,UK,2838.8
