file,scelta,Limitazioni gravi,Limitazioni non gravi,Senza limitazioni,Non indicato,Totale,descrizione,anno,gerarchia
g1UP092B309OG000000000,Sì,9,21.7,28.1,20.5,25.4,Persone  di 14 anni e più per gravità delle limitazioni nelle attività abitualmente svolte e partecipazione sociale (valori percentuali),2009,nazionale
g1UP092B309OG000000000,"No, mai",89.8,77.4,71.3,60.3,72.6,Persone  di 14 anni e più per gravità delle limitazioni nelle attività abitualmente svolte e partecipazione sociale (valori percentuali),2009,nazionale
g1UP092B309OG000000000,Non indicato,1.2,0.9,0.5,19.2,2,Persone  di 14 anni e più per gravità delle limitazioni nelle attività abitualmente svolte e partecipazione sociale (valori percentuali),2009,nazionale
g1UP091SE09OG000000000,Sì,8.8,22,33.9,23.7,29.7,Persone di 14 anni e più per gravità delle limitazioni nelle attività abitualmente svolte e partecipazione culturale (valori percentuali),2009,nazionale
g1UP091SE09OG000000000,"No, mai",91,77.7,65.9,54.5,68.5,Persone di 14 anni e più per gravità delle limitazioni nelle attività abitualmente svolte e partecipazione culturale (valori percentuali),2009,nazionale
g1UP091SE09OG000000000,Non indicato,0.3,0.3,0.2,21.7,1.8,Persone di 14 anni e più per gravità delle limitazioni nelle attività abitualmente svolte e partecipazione culturale (valori percentuali),2009,nazionale
g1UP091RC09OG000000000,Molto soddisfatto,12.8,13,15.2,11.4,14.4,Persone di 14 anni e più per gravità delle limitazioni nelle attività abitualmente svolte e soddisfazione per il tempo libero (valori percentuali),2009,nazionale
g1UP091RC09OG000000000,Abbastanza soddisfatto,37.7,49.5,51,38.1,49,Persone di 14 anni e più per gravità delle limitazioni nelle attività abitualmente svolte e soddisfazione per il tempo libero (valori percentuali),2009,nazionale
g1UP091RC09OG000000000,Poco soddisfatto,27,28.2,27.4,21.5,27.1,Persone di 14 anni e più per gravità delle limitazioni nelle attività abitualmente svolte e soddisfazione per il tempo libero (valori percentuali),2009,nazionale
g1UP091RC09OG000000000,Per niente soddisfatto,20.4,8,5.4,4.4,6.7,Persone di 14 anni e più per gravità delle limitazioni nelle attività abitualmente svolte e soddisfazione per il tempo libero (valori percentuali),2009,nazionale
g1UP091RC09OG000000000,Non indicato,2.1,1.3,1,24.7,2.8,Persone di 14 anni e più per gravità delle limitazioni nelle attività abitualmente svolte e soddisfazione per il tempo libero (valori percentuali),2009,nazionale
g1UP091QS09OG000000000,Molto soddisfatto,17,20.3,28.2,20.6,25.7,Persone di 14 anni e più per gravità delle limitazioni nelle attività abitualmente svolte e soddisfazione relazioni amicali (valori percentuali),2009,nazionale
g1UP091QS09OG000000000,Abbastanza soddisfatto,43.9,56.7,59.1,44.5,56.8,Persone di 14 anni e più per gravità delle limitazioni nelle attività abitualmente svolte e soddisfazione relazioni amicali (valori percentuali),2009,nazionale
g1UP091QS09OG000000000,Poco soddisfatto,23.1,16.5,9.9,8.3,11.6,Persone di 14 anni e più per gravità delle limitazioni nelle attività abitualmente svolte e soddisfazione relazioni amicali (valori percentuali),2009,nazionale
g1UP091QS09OG000000000,Per niente soddisfatto,14.5,5.2,1.9,2,3.2,Persone di 14 anni e più per gravità delle limitazioni nelle attività abitualmente svolte e soddisfazione relazioni amicali (valori percentuali),2009,nazionale
g1UP091QS09OG000000000,Non indicato,1.6,1.2,0.9,24.5,2.7,Persone di 14 anni e più per gravità delle limitazioni nelle attività abitualmente svolte e soddisfazione relazioni amicali (valori percentuali),2009,nazionale
g1UP091QE09OG000000000,Molto soddisfatto,33.6,33.3,37.6,27.7,35.9,Persone di 14 anni e più per gravità delle limitazioni nelle attività abitualmente svolte e soddisfazione relazioni familiari (valori percentuali),2009,nazionale
g1UP091QE09OG000000000,Abbastanza soddisfatto,51.4,56.1,55.3,42.3,54.3,Persone di 14 anni e più per gravità delle limitazioni nelle attività abitualmente svolte e soddisfazione relazioni familiari (valori percentuali),2009,nazionale
g1UP091QE09OG000000000,Poco soddisfatto,9.5,7.7,5.1,4.5,5.8,Persone di 14 anni e più per gravità delle limitazioni nelle attività abitualmente svolte e soddisfazione relazioni familiari (valori percentuali),2009,nazionale
g1UP091QE09OG000000000,Per niente soddisfatto,4.1,1.8,1.1,1.1,1.4,Persone di 14 anni e più per gravità delle limitazioni nelle attività abitualmente svolte e soddisfazione relazioni familiari (valori percentuali),2009,nazionale
g1UP091QE09OG000000000,Non indicato,1.4,1.2,0.9,24.4,2.7,Persone di 14 anni e più per gravità delle limitazioni nelle attività abitualmente svolte e soddisfazione relazioni familiari (valori percentuali),2009,nazionale
g1UP0925R09OG000000000,No,91.3,81.3,63.9,64.4,68.1,Persone di 3 anni e più per gravità delle limitazioni nelle attività abitualmente  svolte e pratica sportiva (valori percentuali),2009,nazionale
g1UP0925R09OG000000000,Si,8.1,18.3,35.5,32.5,31.2,Persone di 3 anni e più per gravità delle limitazioni nelle attività abitualmente  svolte e pratica sportiva (valori percentuali),2009,nazionale
g1UP0925R09OG000000000,Non indicato,0.6,0.3,0.6,3.1,0.7,Persone di 3 anni e più per gravità delle limitazioni nelle attività abitualmente  svolte e pratica sportiva (valori percentuali),2009,nazionale
g1UQ092B309OG000000000,Sì,9.7,23,29.2,21.5,26.4,Persone  di 14 anni e più per gravità delle limitazioni nelle attività abitualmente svolte e partecipazione sociale (valori percentuali),2010,nazionale
g1UQ092B309OG000000000,"No, mai",89.1,76.2,70.3,62.1,71.7,Persone  di 14 anni e più per gravità delle limitazioni nelle attività abitualmente svolte e partecipazione sociale (valori percentuali),2010,nazionale
g1UQ092B309OG000000000,Non indicato,1.2,0.8,0.5,16.4,1.9,Persone  di 14 anni e più per gravità delle limitazioni nelle attività abitualmente svolte e partecipazione sociale (valori percentuali),2010,nazionale
g1UQ091SE09OG000000000,Sì,10,23.1,35,23.5,30.6,Persone di 14 anni e più per gravità delle limitazioni nelle attività abitualmente svolte e partecipazione culturale (valori percentuali),2010,nazionale
g1UQ091SE09OG000000000,"No, mai",89.6,76.5,64.8,57.2,67.6,Persone di 14 anni e più per gravità delle limitazioni nelle attività abitualmente svolte e partecipazione culturale (valori percentuali),2010,nazionale
g1UQ091SE09OG000000000,Non indicato,0.4,0.4,0.2,19.2,1.8,Persone di 14 anni e più per gravità delle limitazioni nelle attività abitualmente svolte e partecipazione culturale (valori percentuali),2010,nazionale
g1UQ091RC09OG000000000,Molto soddisfatto,11.8,12.4,15.6,11.1,14.5,Persone di 14 anni e più per gravità delle limitazioni nelle attività abitualmente svolte e soddisfazione per il tempo libero (valori percentuali),2010,nazionale
g1UQ091RC09OG000000000,Abbastanza soddisfatto,38.2,50.2,51.6,40.5,49.7,Persone di 14 anni e più per gravità delle limitazioni nelle attività abitualmente svolte e soddisfazione per il tempo libero (valori percentuali),2010,nazionale
g1UQ091RC09OG000000000,Poco soddisfatto,27.5,28.4,26.8,22.1,26.7,Persone di 14 anni e più per gravità delle limitazioni nelle attività abitualmente svolte e soddisfazione per il tempo libero (valori percentuali),2010,nazionale
g1UQ091RC09OG000000000,Per niente soddisfatto,20.6,7.8,5.2,4.1,6.4,Persone di 14 anni e più per gravità delle limitazioni nelle attività abitualmente svolte e soddisfazione per il tempo libero (valori percentuali),2010,nazionale
g1UQ091RC09OG000000000,Non indicato,1.9,1.2,0.8,22.2,2.7,Persone di 14 anni e più per gravità delle limitazioni nelle attività abitualmente svolte e soddisfazione per il tempo libero (valori percentuali),2010,nazionale
g1UQ091QS09OG000000000,Molto soddisfatto,16.8,19.4,28.1,21.5,25.5,Persone di 14 anni e più per gravità delle limitazioni nelle attività abitualmente svolte e soddisfazione relazioni amicali (valori percentuali),2010,nazionale
g1UQ091QS09OG000000000,Abbastanza soddisfatto,43.9,57.4,59.4,46.3,57.1,Persone di 14 anni e più per gravità delle limitazioni nelle attività abitualmente svolte e soddisfazione relazioni amicali (valori percentuali),2010,nazionale
g1UQ091QS09OG000000000,Poco soddisfatto,22.9,17,9.9,8.1,11.7,Persone di 14 anni e più per gravità delle limitazioni nelle attività abitualmente svolte e soddisfazione relazioni amicali (valori percentuali),2010,nazionale
g1UQ091QS09OG000000000,Per niente soddisfatto,15,5.2,1.9,1.9,3.2,Persone di 14 anni e più per gravità delle limitazioni nelle attività abitualmente svolte e soddisfazione relazioni amicali (valori percentuali),2010,nazionale
g1UQ091QS09OG000000000,Non indicato,1.4,1,0.8,22.1,2.6,Persone di 14 anni e più per gravità delle limitazioni nelle attività abitualmente svolte e soddisfazione relazioni amicali (valori percentuali),2010,nazionale
g1UQ091QE09OG000000000,Molto soddisfatto,33.8,32.9,37.3,28.8,35.7,Persone di 14 anni e più per gravità delle limitazioni nelle attività abitualmente svolte e soddisfazione relazioni familiari (valori percentuali),2010,nazionale
g1UQ091QE09OG000000000,Abbastanza soddisfatto,51.2,56.4,55.7,44,54.6,Persone di 14 anni e più per gravità delle limitazioni nelle attività abitualmente svolte e soddisfazione relazioni familiari (valori percentuali),2010,nazionale
g1UQ091QE09OG000000000,Poco soddisfatto,10,8,5.1,4.2,5.8,Persone di 14 anni e più per gravità delle limitazioni nelle attività abitualmente svolte e soddisfazione relazioni familiari (valori percentuali),2010,nazionale
g1UQ091QE09OG000000000,Per niente soddisfatto,3.6,1.7,1.1,1.1,1.4,Persone di 14 anni e più per gravità delle limitazioni nelle attività abitualmente svolte e soddisfazione relazioni familiari (valori percentuali),2010,nazionale
g1UQ091QE09OG000000000,Non indicato,1.4,1,0.8,21.9,2.6,Persone di 14 anni e più per gravità delle limitazioni nelle attività abitualmente svolte e soddisfazione relazioni familiari (valori percentuali),2010,nazionale
g1UQ0925R09OG000000000,No,89.8,80.9,63,65.4,67.4,Persone di 3 anni e più per gravità delle limitazioni nelle attività abitualmente  svolte e pratica sportiva (valori percentuali),2010,nazionale
g1UQ0925R09OG000000000,Si,9.8,18.7,36.5,32.6,32,Persone di 3 anni e più per gravità delle limitazioni nelle attività abitualmente  svolte e pratica sportiva (valori percentuali),2010,nazionale
g1UQ0925R09OG000000000,Non indicato,0.4,0.4,0.5,2.1,0.6,Persone di 3 anni e più per gravità delle limitazioni nelle attività abitualmente  svolte e pratica sportiva (valori percentuali),2010,nazionale
g1UR092B309OG000000000,Sì,9.9,22.9,28.9,20.9,26.2,Persone  di 14 anni e più per gravità delle limitazioni nelle attività abitualmente svolte e partecipazione sociale (valori percentuali),2011,nazionale
g1UR092B309OG000000000,"No, mai",89,76.5,70.6,66.4,72.3,Persone  di 14 anni e più per gravità delle limitazioni nelle attività abitualmente svolte e partecipazione sociale (valori percentuali),2011,nazionale
g1UR092B309OG000000000,Non indicato,1,0.6,0.4,12.6,1.5,Persone  di 14 anni e più per gravità delle limitazioni nelle attività abitualmente svolte e partecipazione sociale (valori percentuali),2011,nazionale
g1UR091SE09OG000000000,Sì,10.5,23.8,35.5,22.6,31,Persone di 14 anni e più per gravità delle limitazioni nelle attività abitualmente svolte e partecipazione culturale (valori percentuali),2011,nazionale
g1UR091SE09OG000000000,"No, mai",89.2,75.9,64.3,62.1,67.4,Persone di 14 anni e più per gravità delle limitazioni nelle attività abitualmente svolte e partecipazione culturale (valori percentuali),2011,nazionale
g1UR091SE09OG000000000,Non indicato,0.4,0.3,0.2,15.4,1.5,Persone di 14 anni e più per gravità delle limitazioni nelle attività abitualmente svolte e partecipazione culturale (valori percentuali),2011,nazionale
g1UR091RC09OG000000000,Molto soddisfatto,11.3,11.9,15,11.3,14,Persone di 14 anni e più per gravità delle limitazioni nelle attività abitualmente svolte e soddisfazione per il tempo libero (valori percentuali),2011,nazionale
g1UR091RC09OG000000000,Abbastanza soddisfatto,37,50.8,52.2,42.7,50.3,Persone di 14 anni e più per gravità delle limitazioni nelle attività abitualmente svolte e soddisfazione per il tempo libero (valori percentuali),2011,nazionale
g1UR091RC09OG000000000,Poco soddisfatto,28.5,28.6,27.1,23.7,27.1,Persone di 14 anni e più per gravità delle limitazioni nelle attività abitualmente svolte e soddisfazione per il tempo libero (valori percentuali),2011,nazionale
g1UR091RC09OG000000000,Per niente soddisfatto,21.5,7.6,5,4.7,6.3,Persone di 14 anni e più per gravità delle limitazioni nelle attività abitualmente svolte e soddisfazione per il tempo libero (valori percentuali),2011,nazionale
g1UR091RC09OG000000000,Non indicato,1.8,1,0.8,17.6,2.3,Persone di 14 anni e più per gravità delle limitazioni nelle attività abitualmente svolte e soddisfazione per il tempo libero (valori percentuali),2011,nazionale
g1UR091QS09OG000000000,Molto soddisfatto,16.3,18.9,27.5,21,24.9,Persone di 14 anni e più per gravità delle limitazioni nelle attività abitualmente svolte e soddisfazione relazioni amicali (valori percentuali),2011,nazionale
g1UR091QS09OG000000000,Abbastanza soddisfatto,44.9,57.5,60.3,50.4,58.1,Persone di 14 anni e più per gravità delle limitazioni nelle attività abitualmente svolte e soddisfazione relazioni amicali (valori percentuali),2011,nazionale
g1UR091QS09OG000000000,Poco soddisfatto,22.3,17.9,9.7,9.4,11.7,Persone di 14 anni e più per gravità delle limitazioni nelle attività abitualmente svolte e soddisfazione relazioni amicali (valori percentuali),2011,nazionale
g1UR091QS09OG000000000,Per niente soddisfatto,14.9,4.7,1.8,1.8,3,Persone di 14 anni e più per gravità delle limitazioni nelle attività abitualmente svolte e soddisfazione relazioni amicali (valori percentuali),2011,nazionale
g1UR091QS09OG000000000,Non indicato,1.6,0.9,0.7,17.5,2.2,Persone di 14 anni e più per gravità delle limitazioni nelle attività abitualmente svolte e soddisfazione relazioni amicali (valori percentuali),2011,nazionale
g1UR091QE09OG000000000,Molto soddisfatto,33.2,32.5,36.8,28.3,35.2,Persone di 14 anni e più per gravità delle limitazioni nelle attività abitualmente svolte e soddisfazione relazioni familiari (valori percentuali),2011,nazionale
g1UR091QE09OG000000000,Abbastanza soddisfatto,51.2,56.5,56.4,48.7,55.5,Persone di 14 anni e più per gravità delle limitazioni nelle attività abitualmente svolte e soddisfazione relazioni familiari (valori percentuali),2011,nazionale
g1UR091QE09OG000000000,Poco soddisfatto,10,8.4,4.9,4.2,5.7,Persone di 14 anni e più per gravità delle limitazioni nelle attività abitualmente svolte e soddisfazione relazioni familiari (valori percentuali),2011,nazionale
g1UR091QE09OG000000000,Per niente soddisfatto,4.1,1.8,1.1,1.2,1.4,Persone di 14 anni e più per gravità delle limitazioni nelle attività abitualmente svolte e soddisfazione relazioni familiari (valori percentuali),2011,nazionale
g1UR091QE09OG000000000,Non indicato,1.6,0.9,0.7,17.5,2.2,Persone di 14 anni e più per gravità delle limitazioni nelle attività abitualmente svolte e soddisfazione relazioni familiari (valori percentuali),2011,nazionale
g1UR0925R09OG000000000,No,89.5,80.5,62.4,67.9,67,Persone di 3 anni e più per gravità delle limitazioni nelle attività abitualmente  svolte e pratica sportiva (valori percentuali),2011,nazionale
g1UR0925R09OG000000000,Si,10,19,37.2,30.9,32.5,Persone di 3 anni e più per gravità delle limitazioni nelle attività abitualmente  svolte e pratica sportiva (valori percentuali),2011,nazionale
g1UR0925R09OG000000000,Non indicato,0.5,0.5,0.4,1.2,0.5,Persone di 3 anni e più per gravità delle limitazioni nelle attività abitualmente  svolte e pratica sportiva (valori percentuali),2011,nazionale
g1US092B309OG000000000,Sì,9.8,21.3,27.1,19.6,24.6,Persone  di 14 anni e più per gravità delle limitazioni nelle attività abitualmente svolte e partecipazione sociale (valori percentuali),2012,nazionale
g1US092B309OG000000000,"No, mai",89.2,78.3,72.6,69.7,74.2,Persone  di 14 anni e più per gravità delle limitazioni nelle attività abitualmente svolte e partecipazione sociale (valori percentuali),2012,nazionale
g1US092B309OG000000000,Non indicato,0.9,0.5,0.4,10.7,1.3,Persone  di 14 anni e più per gravità delle limitazioni nelle attività abitualmente svolte e partecipazione sociale (valori percentuali),2012,nazionale
g1US091SE09OG000000000,Sì,10.2,22.2,33.2,23.8,29.3,Persone di 14 anni e più per gravità delle limitazioni nelle attività abitualmente svolte e partecipazione culturale (valori percentuali),2012,nazionale
g1US091SE09OG000000000,"No, mai",89.6,77.6,66.7,63.6,69.5,Persone di 14 anni e più per gravità delle limitazioni nelle attività abitualmente svolte e partecipazione culturale (valori percentuali),2012,nazionale
g1US091SE09OG000000000,Non indicato,0.3,0.1,0.2,12.6,1.2,Persone di 14 anni e più per gravità delle limitazioni nelle attività abitualmente svolte e partecipazione culturale (valori percentuali),2012,nazionale
g1US091RC09OG000000000,Molto soddisfatto,11.7,12.9,15.4,12.3,14.5,Persone di 14 anni e più per gravità delle limitazioni nelle attività abitualmente svolte e soddisfazione per il tempo libero (valori percentuali),2012,nazionale
g1US091RC09OG000000000,Abbastanza soddisfatto,36.6,49.6,52.5,44.2,50.5,Persone di 14 anni e più per gravità delle limitazioni nelle attività abitualmente svolte e soddisfazione per il tempo libero (valori percentuali),2012,nazionale
g1US091RC09OG000000000,Poco soddisfatto,28.6,28.9,26.5,23.4,26.7,Persone di 14 anni e più per gravità delle limitazioni nelle attività abitualmente svolte e soddisfazione per il tempo libero (valori percentuali),2012,nazionale
g1US091RC09OG000000000,Per niente soddisfatto,21.3,7.9,4.9,5,6.3,Persone di 14 anni e più per gravità delle limitazioni nelle attività abitualmente svolte e soddisfazione per il tempo libero (valori percentuali),2012,nazionale
g1US091RC09OG000000000,Non indicato,1.9,0.7,0.7,15.1,2,Persone di 14 anni e più per gravità delle limitazioni nelle attività abitualmente svolte e soddisfazione per il tempo libero (valori percentuali),2012,nazionale
g1US091QS09OG000000000,Molto soddisfatto,15.8,20,28,21.7,25.5,Persone di 14 anni e più per gravità delle limitazioni nelle attività abitualmente svolte e soddisfazione relazioni amicali (valori percentuali),2012,nazionale
g1US091QS09OG000000000,Abbastanza soddisfatto,45.9,56.9,60.3,51.4,58.2,Persone di 14 anni e più per gravità delle limitazioni nelle attività abitualmente svolte e soddisfazione relazioni amicali (valori percentuali),2012,nazionale
g1US091QS09OG000000000,Poco soddisfatto,22.1,17.4,9.3,9.9,11.4,Persone di 14 anni e più per gravità delle limitazioni nelle attività abitualmente svolte e soddisfazione relazioni amicali (valori percentuali),2012,nazionale
g1US091QS09OG000000000,Per niente soddisfatto,14.2,4.9,1.7,2.2,3,Persone di 14 anni e più per gravità delle limitazioni nelle attività abitualmente svolte e soddisfazione relazioni amicali (valori percentuali),2012,nazionale
g1US091QS09OG000000000,Non indicato,2,0.9,0.7,14.8,1.9,Persone di 14 anni e più per gravità delle limitazioni nelle attività abitualmente svolte e soddisfazione relazioni amicali (valori percentuali),2012,nazionale
g1US091QE09OG000000000,Molto soddisfatto,34.1,32.7,37.3,30.1,35.8,Persone di 14 anni e più per gravità delle limitazioni nelle attività abitualmente svolte e soddisfazione relazioni familiari (valori percentuali),2012,nazionale
g1US091QE09OG000000000,Abbastanza soddisfatto,50.4,56.1,56,49.6,55.2,Persone di 14 anni e più per gravità delle limitazioni nelle attività abitualmente svolte e soddisfazione relazioni familiari (valori percentuali),2012,nazionale
g1US091QE09OG000000000,Poco soddisfatto,9.7,8.4,4.8,4.4,5.6,Persone di 14 anni e più per gravità delle limitazioni nelle attività abitualmente svolte e soddisfazione relazioni familiari (valori percentuali),2012,nazionale
g1US091QE09OG000000000,Per niente soddisfatto,4,2,1.1,1.1,1.4,Persone di 14 anni e più per gravità delle limitazioni nelle attività abitualmente svolte e soddisfazione relazioni familiari (valori percentuali),2012,nazionale
g1US091QE09OG000000000,Non indicato,1.7,0.8,0.7,14.9,1.9,Persone di 14 anni e più per gravità delle limitazioni nelle attività abitualmente svolte e soddisfazione relazioni familiari (valori percentuali),2012,nazionale
g1US0925R09OG000000000,No,90.9,81.1,63.5,68,67.9,Persone di 3 anni e più per gravità delle limitazioni nelle attività abitualmente  svolte e pratica sportiva (valori percentuali),2012,nazionale
g1US0925R09OG000000000,Si,8.4,18.5,36.1,31,31.6,Persone di 3 anni e più per gravità delle limitazioni nelle attività abitualmente  svolte e pratica sportiva (valori percentuali),2012,nazionale
g1US0925R09OG000000000,Non indicato,0.7,0.5,0.4,1,0.5,Persone di 3 anni e più per gravità delle limitazioni nelle attività abitualmente  svolte e pratica sportiva (valori percentuali),2012,nazionale
g1UT092B309OG000000000,Sì,8.9,20.6,25.3,18.7,23.1,Persone  di 14 anni e più per gravità delle limitazioni nelle attività abitualmente svolte e partecipazione sociale (valori percentuali),2013,nazionale
g1UT092B309OG000000000,"No, mai",89.9,78.8,74.4,71.4,75.7,Persone  di 14 anni e più per gravità delle limitazioni nelle attività abitualmente svolte e partecipazione sociale (valori percentuali),2013,nazionale
g1UT092B309OG000000000,Non indicato,1.2,0.6,0.4,10,1.2,Persone  di 14 anni e più per gravità delle limitazioni nelle attività abitualmente svolte e partecipazione sociale (valori percentuali),2013,nazionale
g1UT091SE09OG000000000,Sì,9.1,20.3,30,24.1,26.7,Persone di 14 anni e più per gravità delle limitazioni nelle attività abitualmente svolte e partecipazione culturale (valori percentuali),2013,nazionale
g1UT091SE09OG000000000,"No, mai",90.6,79.4,69.9,64.1,72.1,Persone di 14 anni e più per gravità delle limitazioni nelle attività abitualmente svolte e partecipazione culturale (valori percentuali),2013,nazionale
g1UT091SE09OG000000000,Non indicato,0.3,0.3,0.2,11.8,1.1,Persone di 14 anni e più per gravità delle limitazioni nelle attività abitualmente svolte e partecipazione culturale (valori percentuali),2013,nazionale
g1UT091RC09OG000000000,Molto soddisfatto,10.9,12.2,15.4,12.9,14.5,Persone di 14 anni e più per gravità delle limitazioni nelle attività abitualmente svolte e soddisfazione per il tempo libero (valori percentuali),2013,nazionale
g1UT091RC09OG000000000,Abbastanza soddisfatto,34.5,48.5,52.2,44,50,Persone di 14 anni e più per gravità delle limitazioni nelle attività abitualmente svolte e soddisfazione per il tempo libero (valori percentuali),2013,nazionale
g1UT091RC09OG000000000,Poco soddisfatto,28.9,29.2,26.1,23.1,26.5,Persone di 14 anni e più per gravità delle limitazioni nelle attività abitualmente svolte e soddisfazione per il tempo libero (valori percentuali),2013,nazionale
g1UT091RC09OG000000000,Per niente soddisfatto,23.5,9.1,5.4,5.4,7,Persone di 14 anni e più per gravità delle limitazioni nelle attività abitualmente svolte e soddisfazione per il tempo libero (valori percentuali),2013,nazionale
g1UT091RC09OG000000000,Non indicato,2.2,0.9,0.8,14.5,2,Persone di 14 anni e più per gravità delle limitazioni nelle attività abitualmente svolte e soddisfazione per il tempo libero (valori percentuali),2013,nazionale
g1UT091QS09OG000000000,Molto soddisfatto,15.8,19.4,27.5,23.3,25.2,Persone di 14 anni e più per gravità delle limitazioni nelle attività abitualmente svolte e soddisfazione relazioni amicali (valori percentuali),2013,nazionale
g1UT091QS09OG000000000,Abbastanza soddisfatto,43.8,56.7,60,49.8,57.7,Persone di 14 anni e più per gravità delle limitazioni nelle attività abitualmente svolte e soddisfazione relazioni amicali (valori percentuali),2013,nazionale
g1UT091QS09OG000000000,Poco soddisfatto,23.1,17.4,9.8,10.1,11.8,Persone di 14 anni e più per gravità delle limitazioni nelle attività abitualmente svolte e soddisfazione relazioni amicali (valori percentuali),2013,nazionale
g1UT091QS09OG000000000,Per niente soddisfatto,15.3,5.4,2,2.5,3.3,Persone di 14 anni e più per gravità delle limitazioni nelle attività abitualmente svolte e soddisfazione relazioni amicali (valori percentuali),2013,nazionale
g1UT091QS09OG000000000,Non indicato,2,1,0.8,14.3,1.9,Persone di 14 anni e più per gravità delle limitazioni nelle attività abitualmente svolte e soddisfazione relazioni amicali (valori percentuali),2013,nazionale
g1UT091QE09OG000000000,Molto soddisfatto,33.1,31.9,36.4,31.7,35.1,Persone di 14 anni e più per gravità delle limitazioni nelle attività abitualmente svolte e soddisfazione relazioni familiari (valori percentuali),2013,nazionale
g1UT091QE09OG000000000,Abbastanza soddisfatto,50.7,56.3,56.5,48.3,55.5,Persone di 14 anni e più per gravità delle limitazioni nelle attività abitualmente svolte e soddisfazione relazioni familiari (valori percentuali),2013,nazionale
g1UT091QE09OG000000000,Poco soddisfatto,10.1,8.9,5.2,4.7,6,Persone di 14 anni e più per gravità delle limitazioni nelle attività abitualmente svolte e soddisfazione relazioni familiari (valori percentuali),2013,nazionale
g1UT091QE09OG000000000,Per niente soddisfatto,4.4,2,1.2,1.1,1.5,Persone di 14 anni e più per gravità delle limitazioni nelle attività abitualmente svolte e soddisfazione relazioni familiari (valori percentuali),2013,nazionale
g1UT091QE09OG000000000,Non indicato,1.7,0.9,0.8,14.2,1.9,Persone di 14 anni e più per gravità delle limitazioni nelle attività abitualmente svolte e soddisfazione relazioni familiari (valori percentuali),2013,nazionale
g1UT0925R09OG000000000,No,91.6,81.6,64.6,67.3,68.7,Persone di 3 anni e più per gravità delle limitazioni nelle attività abitualmente  svolte e pratica sportiva (valori percentuali),2013,nazionale
g1UT0925R09OG000000000,Si,7.9,18,35.1,31.9,30.9,Persone di 3 anni e più per gravità delle limitazioni nelle attività abitualmente  svolte e pratica sportiva (valori percentuali),2013,nazionale
g1UT0925R09OG000000000,Non indicato,0.5,0.4,0.4,0.8,0.4,Persone di 3 anni e più per gravità delle limitazioni nelle attività abitualmente  svolte e pratica sportiva (valori percentuali),2013,nazionale
g1UU092B309OG000000000,Sì,9.1,20.4,25.1,17.8,22.8,Persone  di 14 anni e più per gravità delle limitazioni nelle attività abitualmente svolte e partecipazione sociale (valori percentuali),2014,nazionale
g1UU092B309OG000000000,"No, mai",89.6,78.9,74.5,70.7,75.8,Persone  di 14 anni e più per gravità delle limitazioni nelle attività abitualmente svolte e partecipazione sociale (valori percentuali),2014,nazionale
g1UU092B309OG000000000,Non indicato,1.3,0.8,0.4,11.5,1.3,Persone  di 14 anni e più per gravità delle limitazioni nelle attività abitualmente svolte e partecipazione sociale (valori percentuali),2014,nazionale
g1UU091SE09OG000000000,Sì,7.9,20.2,29.3,22.5,26,Persone di 14 anni e più per gravità delle limitazioni nelle attività abitualmente svolte e partecipazione culturale (valori percentuali),2014,nazionale
g1UU091SE09OG000000000,"No, mai",91.6,79.4,70.5,63.8,72.7,Persone di 14 anni e più per gravità delle limitazioni nelle attività abitualmente svolte e partecipazione culturale (valori percentuali),2014,nazionale
g1UU091SE09OG000000000,Non indicato,0.5,0.4,0.2,13.8,1.3,Persone di 14 anni e più per gravità delle limitazioni nelle attività abitualmente svolte e partecipazione culturale (valori percentuali),2014,nazionale
g1UU091RC09OG000000000,Molto soddisfatto,9.8,11.2,14.7,12.1,13.6,Persone di 14 anni e più per gravità delle limitazioni nelle attività abitualmente svolte e soddisfazione per il tempo libero (valori percentuali),2014,nazionale
g1UU091RC09OG000000000,Abbastanza soddisfatto,33.5,48.7,52.7,42,50.2,Persone di 14 anni e più per gravità delle limitazioni nelle attività abitualmente svolte e soddisfazione per il tempo libero (valori percentuali),2014,nazionale
g1UU091RC09OG000000000,Poco soddisfatto,29.4,29.6,26.1,24.3,26.8,Persone di 14 anni e più per gravità delle limitazioni nelle attività abitualmente svolte e soddisfazione per il tempo libero (valori percentuali),2014,nazionale
g1UU091RC09OG000000000,Per niente soddisfatto,25.1,9.3,5.5,5.3,7.2,Persone di 14 anni e più per gravità delle limitazioni nelle attività abitualmente svolte e soddisfazione per il tempo libero (valori percentuali),2014,nazionale
g1UU091RC09OG000000000,Non indicato,2.2,1.1,1,16.4,2.2,Persone di 14 anni e più per gravità delle limitazioni nelle attività abitualmente svolte e soddisfazione per il tempo libero (valori percentuali),2014,nazionale
g1UU091QS09OG000000000,Molto soddisfatto,14.8,18,26.1,20.8,23.7,Persone di 14 anni e più per gravità delle limitazioni nelle attività abitualmente svolte e soddisfazione relazioni amicali (valori percentuali),2014,nazionale
g1UU091QS09OG000000000,Abbastanza soddisfatto,42.5,57.5,60.6,51,58.3,Persone di 14 anni e più per gravità delle limitazioni nelle attività abitualmente svolte e soddisfazione relazioni amicali (valori percentuali),2014,nazionale
g1UU091QS09OG000000000,Poco soddisfatto,24.3,18.2,10.4,10,12.5,Persone di 14 anni e più per gravità delle limitazioni nelle attività abitualmente svolte e soddisfazione relazioni amicali (valori percentuali),2014,nazionale
g1UU091QS09OG000000000,Per niente soddisfatto,16.5,5.2,2,2.2,3.4,Persone di 14 anni e più per gravità delle limitazioni nelle attività abitualmente svolte e soddisfazione relazioni amicali (valori percentuali),2014,nazionale
g1UU091QS09OG000000000,Non indicato,1.9,1.1,0.9,16,2.1,Persone di 14 anni e più per gravità delle limitazioni nelle attività abitualmente svolte e soddisfazione relazioni amicali (valori percentuali),2014,nazionale
g1UU091QE09OG000000000,Molto soddisfatto,31.5,31.2,34.9,28.4,33.6,Persone di 14 anni e più per gravità delle limitazioni nelle attività abitualmente svolte e soddisfazione relazioni familiari (valori percentuali),2014,nazionale
g1UU091QE09OG000000000,Abbastanza soddisfatto,51.6,57.1,57.7,49.5,56.6,Persone di 14 anni e più per gravità delle limitazioni nelle attività abitualmente svolte e soddisfazione relazioni familiari (valori percentuali),2014,nazionale
g1UU091QE09OG000000000,Poco soddisfatto,10.5,8.8,5.4,4.9,6.2,Persone di 14 anni e più per gravità delle limitazioni nelle attività abitualmente svolte e soddisfazione relazioni familiari (valori percentuali),2014,nazionale
g1UU091QE09OG000000000,Per niente soddisfatto,4.6,1.9,1.2,1.2,1.5,Persone di 14 anni e più per gravità delle limitazioni nelle attività abitualmente svolte e soddisfazione relazioni familiari (valori percentuali),2014,nazionale
g1UU091QE09OG000000000,Non indicato,1.8,1,0.9,16,2.1,Persone di 14 anni e più per gravità delle limitazioni nelle attività abitualmente svolte e soddisfazione relazioni familiari (valori percentuali),2014,nazionale
g1UU0925R09OG000000000,No,91.4,81.6,64.2,68.3,68.6,Persone di 3 anni e più per gravità delle limitazioni nelle attività abitualmente  svolte e pratica sportiva (valori percentuali),2014,nazionale
g1UU0925R09OG000000000,Si,8.2,18.2,35.5,31,31.1,Persone di 3 anni e più per gravità delle limitazioni nelle attività abitualmente  svolte e pratica sportiva (valori percentuali),2014,nazionale
g1UU0925R09OG000000000,Non indicato,0.4,0.2,0.3,0.7,0.3,Persone di 3 anni e più per gravità delle limitazioni nelle attività abitualmente  svolte e pratica sportiva (valori percentuali),2014,nazionale
g1UV092B309OG000000000,Sì,10.3,21.1,26,16.9,23.6,Persone  di 14 anni e più per gravità delle limitazioni nelle attività abitualmente svolte e partecipazione sociale (valori percentuali),2015,nazionale
g1UV092B309OG000000000,"No, mai",88.7,78.2,73.6,71.4,75.1,Persone  di 14 anni e più per gravità delle limitazioni nelle attività abitualmente svolte e partecipazione sociale (valori percentuali),2015,nazionale
g1UV092B309OG000000000,Non indicato,1,0.7,0.4,11.7,1.3,Persone  di 14 anni e più per gravità delle limitazioni nelle attività abitualmente svolte e partecipazione sociale (valori percentuali),2015,nazionale
g1UV091SE09OG000000000,Sì,8.4,21.4,30.5,21.6,27,Persone di 14 anni e più per gravità delle limitazioni nelle attività abitualmente svolte e partecipazione culturale (valori percentuali),2015,nazionale
g1UV091SE09OG000000000,"No, mai",91.1,78.4,69.3,66.3,71.9,Persone di 14 anni e più per gravità delle limitazioni nelle attività abitualmente svolte e partecipazione culturale (valori percentuali),2015,nazionale
g1UV091SE09OG000000000,Non indicato,0.5,0.2,0.2,12.1,1,Persone di 14 anni e più per gravità delle limitazioni nelle attività abitualmente svolte e partecipazione culturale (valori percentuali),2015,nazionale
g1UV091RC09OG000000000,Molto soddisfatto,9.9,11.7,15.6,11.7,14.3,Persone di 14 anni e più per gravità delle limitazioni nelle attività abitualmente svolte e soddisfazione per il tempo libero (valori percentuali),2015,nazionale
g1UV091RC09OG000000000,Abbastanza soddisfatto,35.7,49.8,53.3,45.8,51.2,Persone di 14 anni e più per gravità delle limitazioni nelle attività abitualmente svolte e soddisfazione per il tempo libero (valori percentuali),2015,nazionale
g1UV091RC09OG000000000,Poco soddisfatto,29.8,29,25.2,22.8,26,Persone di 14 anni e più per gravità delle limitazioni nelle attività abitualmente svolte e soddisfazione per il tempo libero (valori percentuali),2015,nazionale
g1UV091RC09OG000000000,Per niente soddisfatto,23,8.5,5.1,5,6.7,Persone di 14 anni e più per gravità delle limitazioni nelle attività abitualmente svolte e soddisfazione per il tempo libero (valori percentuali),2015,nazionale
g1UV091RC09OG000000000,Non indicato,1.6,1.1,0.9,14.7,1.9,Persone di 14 anni e più per gravità delle limitazioni nelle attività abitualmente svolte e soddisfazione per il tempo libero (valori percentuali),2015,nazionale
g1UV091QS09OG000000000,Molto soddisfatto,13.7,18.5,26.9,20.9,24.3,Persone di 14 anni e più per gravità delle limitazioni nelle attività abitualmente svolte e soddisfazione relazioni amicali (valori percentuali),2015,nazionale
g1UV091QS09OG000000000,Abbastanza soddisfatto,44.3,57.3,60.5,53.6,58.6,Persone di 14 anni e più per gravità delle limitazioni nelle attività abitualmente svolte e soddisfazione relazioni amicali (valori percentuali),2015,nazionale
g1UV091QS09OG000000000,Poco soddisfatto,23.9,18.4,9.9,9.2,12.1,Persone di 14 anni e più per gravità delle limitazioni nelle attività abitualmente svolte e soddisfazione relazioni amicali (valori percentuali),2015,nazionale
g1UV091QS09OG000000000,Per niente soddisfatto,16.4,4.9,1.9,1.9,3.3,Persone di 14 anni e più per gravità delle limitazioni nelle attività abitualmente svolte e soddisfazione relazioni amicali (valori percentuali),2015,nazionale
g1UV091QS09OG000000000,Non indicato,1.6,0.9,0.8,14.4,1.8,Persone di 14 anni e più per gravità delle limitazioni nelle attività abitualmente svolte e soddisfazione relazioni amicali (valori percentuali),2015,nazionale
g1UV091QE09OG000000000,Molto soddisfatto,31.7,30.9,35.8,28.1,34.2,Persone di 14 anni e più per gravità delle limitazioni nelle attività abitualmente svolte e soddisfazione relazioni familiari (valori percentuali),2015,nazionale
g1UV091QE09OG000000000,Abbastanza soddisfatto,52.3,57.6,57,51.3,56.4,Persone di 14 anni e più per gravità delle limitazioni nelle attività abitualmente svolte e soddisfazione relazioni familiari (valori percentuali),2015,nazionale
g1UV091QE09OG000000000,Poco soddisfatto,10.6,8.8,5.3,5.2,6.2,Persone di 14 anni e più per gravità delle limitazioni nelle attività abitualmente svolte e soddisfazione relazioni familiari (valori percentuali),2015,nazionale
g1UV091QE09OG000000000,Per niente soddisfatto,4,1.9,1.1,0.9,1.4,Persone di 14 anni e più per gravità delle limitazioni nelle attività abitualmente svolte e soddisfazione relazioni familiari (valori percentuali),2015,nazionale
g1UV091QE09OG000000000,Non indicato,1.5,0.9,0.8,14.5,1.8,Persone di 14 anni e più per gravità delle limitazioni nelle attività abitualmente svolte e soddisfazione relazioni familiari (valori percentuali),2015,nazionale
g1UV0925R09OG000000000,No,90.5,80.3,62.7,67.2,67.2,Persone di 3 anni e più per gravità delle limitazioni nelle attività abitualmente  svolte e pratica sportiva (valori percentuali),2015,nazionale
g1UV0925R09OG000000000,Si,9,19.5,37,31.8,32.4,Persone di 3 anni e più per gravità delle limitazioni nelle attività abitualmente  svolte e pratica sportiva (valori percentuali),2015,nazionale
g1UV0925R09OG000000000,Non indicato,0.5,0.2,0.4,1,0.4,Persone di 3 anni e più per gravità delle limitazioni nelle attività abitualmente  svolte e pratica sportiva (valori percentuali),2015,nazionale
g1V0092B309OG000000000,Sì,9.9,21.7,26.4,17,24.1,Persone  di 14 anni e più per gravità delle limitazioni nelle attività abitualmente svolte e partecipazione sociale (valori percentuali),2016,nazionale
g1V0092B309OG000000000,"No, mai",88.6,77.7,73.1,71.6,74.7,Persone  di 14 anni e più per gravità delle limitazioni nelle attività abitualmente svolte e partecipazione sociale (valori percentuali),2016,nazionale
g1V0092B309OG000000000,Non indicato,1.5,0.6,0.4,11.4,1.2,Persone  di 14 anni e più per gravità delle limitazioni nelle attività abitualmente svolte e partecipazione sociale (valori percentuali),2016,nazionale
g1V0091SE09OG000000000,Sì,9.7,22.5,31.4,22.2,28.1,Persone di 14 anni e più per gravità delle limitazioni nelle attività abitualmente svolte e partecipazione culturale (valori percentuali),2016,nazionale
g1V0091SE09OG000000000,"No, mai",89.7,77.3,68.3,67.1,71,Persone di 14 anni e più per gravità delle limitazioni nelle attività abitualmente svolte e partecipazione culturale (valori percentuali),2016,nazionale
g1V0091SE09OG000000000,Non indicato,0.7,0.2,0.2,10.7,0.9,Persone di 14 anni e più per gravità delle limitazioni nelle attività abitualmente svolte e partecipazione culturale (valori percentuali),2016,nazionale
g1V0091RC09OG000000000,Molto soddisfatto,9.8,11.7,16,12.2,14.6,Persone di 14 anni e più per gravità delle limitazioni nelle attività abitualmente svolte e soddisfazione per il tempo libero (valori percentuali),2016,nazionale
g1V0091RC09OG000000000,Abbastanza soddisfatto,36.3,51.3,53.7,47.1,51.9,Persone di 14 anni e più per gravità delle limitazioni nelle attività abitualmente svolte e soddisfazione per il tempo libero (valori percentuali),2016,nazionale
g1V0091RC09OG000000000,Poco soddisfatto,29.3,28.3,24.7,21.6,25.4,Persone di 14 anni e più per gravità delle limitazioni nelle attività abitualmente svolte e soddisfazione per il tempo libero (valori percentuali),2016,nazionale
g1V0091RC09OG000000000,Per niente soddisfatto,22.3,7.8,4.8,4.8,6.3,Persone di 14 anni e più per gravità delle limitazioni nelle attività abitualmente svolte e soddisfazione per il tempo libero (valori percentuali),2016,nazionale
g1V0091RC09OG000000000,Non indicato,2.3,0.9,0.8,14.2,1.7,Persone di 14 anni e più per gravità delle limitazioni nelle attività abitualmente svolte e soddisfazione per il tempo libero (valori percentuali),2016,nazionale
g1V0091QS09OG000000000,Molto soddisfatto,13.1,17.8,26.8,22.7,24.2,Persone di 14 anni e più per gravità delle limitazioni nelle attività abitualmente svolte e soddisfazione relazioni amicali (valori percentuali),2016,nazionale
g1V0091QS09OG000000000,Abbastanza soddisfatto,44.8,58,60.8,52.3,58.9,Persone di 14 anni e più per gravità delle limitazioni nelle attività abitualmente svolte e soddisfazione relazioni amicali (valori percentuali),2016,nazionale
g1V0091QS09OG000000000,Poco soddisfatto,24.6,18.7,9.8,9.1,12.1,Persone di 14 anni e più per gravità delle limitazioni nelle attività abitualmente svolte e soddisfazione relazioni amicali (valori percentuali),2016,nazionale
g1V0091QS09OG000000000,Per niente soddisfatto,15.4,4.8,1.8,2.1,3.2,Persone di 14 anni e più per gravità delle limitazioni nelle attività abitualmente svolte e soddisfazione relazioni amicali (valori percentuali),2016,nazionale
g1V0091QS09OG000000000,Non indicato,2.1,0.7,0.7,13.9,1.6,Persone di 14 anni e più per gravità delle limitazioni nelle attività abitualmente svolte e soddisfazione relazioni amicali (valori percentuali),2016,nazionale
g1V0091QE09OG000000000,Molto soddisfatto,28.9,30.1,35.6,30.1,33.9,Persone di 14 anni e più per gravità delle limitazioni nelle attività abitualmente svolte e soddisfazione relazioni familiari (valori percentuali),2016,nazionale
g1V0091QE09OG000000000,Abbastanza soddisfatto,54.3,58.3,56.9,50,56.6,Persone di 14 anni e più per gravità delle limitazioni nelle attività abitualmente svolte e soddisfazione relazioni familiari (valori percentuali),2016,nazionale
g1V0091QE09OG000000000,Poco soddisfatto,11,9.1,5.6,5,6.5,Persone di 14 anni e più per gravità delle limitazioni nelle attività abitualmente svolte e soddisfazione relazioni familiari (valori percentuali),2016,nazionale
g1V0091QE09OG000000000,Per niente soddisfatto,3.8,1.8,1.2,1.1,1.4,Persone di 14 anni e più per gravità delle limitazioni nelle attività abitualmente svolte e soddisfazione relazioni familiari (valori percentuali),2016,nazionale
g1V0091QE09OG000000000,Non indicato,2,0.7,0.7,13.8,1.6,Persone di 14 anni e più per gravità delle limitazioni nelle attività abitualmente svolte e soddisfazione relazioni familiari (valori percentuali),2016,nazionale
g1V00925R09OG000000000,No,89.6,78.3,61.1,65.3,65.6,Persone di 3 anni e più per gravità delle limitazioni nelle attività abitualmente  svolte e pratica sportiva (valori percentuali),2016,nazionale
g1V00925R09OG000000000,Si,10,21.6,38.5,33.2,34,Persone di 3 anni e più per gravità delle limitazioni nelle attività abitualmente  svolte e pratica sportiva (valori percentuali),2016,nazionale
g1V00925R09OG000000000,Non indicato,0.4,0.2,0.3,1.5,0.4,Persone di 3 anni e più per gravità delle limitazioni nelle attività abitualmente  svolte e pratica sportiva (valori percentuali),2016,nazionale
g1V1092B309OG000000000,Sì,8.8,20.5,25.8,17.6,23.4,Persone  di 14 anni e più per gravità delle limitazioni nelle attività abitualmente svolte e partecipazione sociale (valori percentuali),2017,nazionale
g1V1092B309OG000000000,"No, mai",89.5,79,73.7,69.4,75.3,Persone  di 14 anni e più per gravità delle limitazioni nelle attività abitualmente svolte e partecipazione sociale (valori percentuali),2017,nazionale
g1V1092B309OG000000000,Non indicato,1.7,0.5,0.6,13.1,1.2,Persone  di 14 anni e più per gravità delle limitazioni nelle attività abitualmente svolte e partecipazione sociale (valori percentuali),2017,nazionale
g1V1091SE09OG000000000,Sì,9.3,21.7,30.8,22.2,27.5,Persone di 14 anni e più per gravità delle limitazioni nelle attività abitualmente svolte e partecipazione culturale (valori percentuali),2017,nazionale
g1V1091SE09OG000000000,"No, mai",89.9,78.1,68.9,64.5,71.5,Persone di 14 anni e più per gravità delle limitazioni nelle attività abitualmente svolte e partecipazione culturale (valori percentuali),2017,nazionale
g1V1091SE09OG000000000,Non indicato,0.8,0.2,0.3,13.2,1,Persone di 14 anni e più per gravità delle limitazioni nelle attività abitualmente svolte e partecipazione culturale (valori percentuali),2017,nazionale
g1V1091RC09OG000000000,Molto soddisfatto,9.4,10.9,15.4,12.7,14.1,Persone di 14 anni e più per gravità delle limitazioni nelle attività abitualmente svolte e soddisfazione per il tempo libero (valori percentuali),2017,nazionale
g1V1091RC09OG000000000,Abbastanza soddisfatto,35,51.6,54,43.7,52,Persone di 14 anni e più per gravità delle limitazioni nelle attività abitualmente svolte e soddisfazione per il tempo libero (valori percentuali),2017,nazionale
g1V1091RC09OG000000000,Poco soddisfatto,30.2,29.2,25.1,22,26,Persone di 14 anni e più per gravità delle limitazioni nelle attività abitualmente svolte e soddisfazione per il tempo libero (valori percentuali),2017,nazionale
g1V1091RC09OG000000000,Per niente soddisfatto,23.1,7.6,4.6,4.5,6.2,Persone di 14 anni e più per gravità delle limitazioni nelle attività abitualmente svolte e soddisfazione per il tempo libero (valori percentuali),2017,nazionale
g1V1091RC09OG000000000,Non indicato,2.4,0.7,0.9,17.1,1.7,Persone di 14 anni e più per gravità delle limitazioni nelle attività abitualmente svolte e soddisfazione per il tempo libero (valori percentuali),2017,nazionale
g1V1091QS09OG000000000,Molto soddisfatto,12.6,16.7,26.1,20.8,23.4,Persone di 14 anni e più per gravità delle limitazioni nelle attività abitualmente svolte e soddisfazione relazioni amicali (valori percentuali),2017,nazionale
g1V1091QS09OG000000000,Abbastanza soddisfatto,44,58.6,60.9,49.4,58.9,Persone di 14 anni e più per gravità delle limitazioni nelle attività abitualmente svolte e soddisfazione relazioni amicali (valori percentuali),2017,nazionale
g1V1091QS09OG000000000,Poco soddisfatto,26.3,19,10.4,11.1,12.9,Persone di 14 anni e più per gravità delle limitazioni nelle attività abitualmente svolte e soddisfazione relazioni amicali (valori percentuali),2017,nazionale
g1V1091QS09OG000000000,Per niente soddisfatto,14.9,5.1,1.9,2,3.2,Persone di 14 anni e più per gravità delle limitazioni nelle attività abitualmente svolte e soddisfazione relazioni amicali (valori percentuali),2017,nazionale
g1V1091QS09OG000000000,Non indicato,2.1,0.7,0.8,16.7,1.6,Persone di 14 anni e più per gravità delle limitazioni nelle attività abitualmente svolte e soddisfazione relazioni amicali (valori percentuali),2017,nazionale
g1V1091QE09OG000000000,Molto soddisfatto,28.7,29.3,34.7,29,33.1,Persone di 14 anni e più per gravità delle limitazioni nelle attività abitualmente svolte e soddisfazione relazioni familiari (valori percentuali),2017,nazionale
g1V1091QE09OG000000000,Abbastanza soddisfatto,53.8,58.8,57.4,48.4,57,Persone di 14 anni e più per gravità delle limitazioni nelle attività abitualmente svolte e soddisfazione relazioni familiari (valori percentuali),2017,nazionale
g1V1091QE09OG000000000,Poco soddisfatto,11.1,9.4,5.9,4.9,6.8,Persone di 14 anni e più per gravità delle limitazioni nelle attività abitualmente svolte e soddisfazione relazioni familiari (valori percentuali),2017,nazionale
g1V1091QE09OG000000000,Per niente soddisfatto,4.5,1.7,1.2,1.1,1.5,Persone di 14 anni e più per gravità delle limitazioni nelle attività abitualmente svolte e soddisfazione relazioni familiari (valori percentuali),2017,nazionale
g1V1091QE09OG000000000,Non indicato,1.9,0.7,0.8,16.7,1.6,Persone di 14 anni e più per gravità delle limitazioni nelle attività abitualmente svolte e soddisfazione relazioni familiari (valori percentuali),2017,nazionale
g1V10925R09OG000000000,No,90.1,78.5,60.5,65.3,65.3,Persone di 3 anni e più per gravità delle limitazioni nelle attività abitualmente  svolte e pratica sportiva (valori percentuali),2017,nazionale
g1V10925R09OG000000000,Si,9.6,21.3,39.2,33.2,34.3,Persone di 3 anni e più per gravità delle limitazioni nelle attività abitualmente  svolte e pratica sportiva (valori percentuali),2017,nazionale
g1V10925R09OG000000000,Non indicato,0.4,0.3,0.3,1.5,0.4,Persone di 3 anni e più per gravità delle limitazioni nelle attività abitualmente  svolte e pratica sportiva (valori percentuali),2017,nazionale
g1V2092B309OG000000000,Sì,8.9,20.4,25.6,18.6,23.4,Persone  di 14 anni e più per gravità delle limitazioni nelle attività abitualmente svolte e partecipazione sociale (valori percentuali),2018,nazionale
g1V2092B309OG000000000,"No, mai",89.9,79.1,73.8,71,75.6,Persone  di 14 anni e più per gravità delle limitazioni nelle attività abitualmente svolte e partecipazione sociale (valori percentuali),2018,nazionale
g1V2092B309OG000000000,Non indicato,1.3,0.5,0.6,10.4,1.1,Persone  di 14 anni e più per gravità delle limitazioni nelle attività abitualmente svolte e partecipazione sociale (valori percentuali),2018,nazionale
g1V2091SE09OG000000000,Sì,8.4,21.2,30.2,21.6,26.9,Persone di 14 anni e più per gravità delle limitazioni nelle attività abitualmente svolte e partecipazione culturale (valori percentuali),2018,nazionale
g1V2091SE09OG000000000,"No, mai",91.1,78.5,69.5,67.9,72.3,Persone di 14 anni e più per gravità delle limitazioni nelle attività abitualmente svolte e partecipazione culturale (valori percentuali),2018,nazionale
g1V2091SE09OG000000000,Non indicato,0.5,0.3,0.4,10.5,0.8,Persone di 14 anni e più per gravità delle limitazioni nelle attività abitualmente svolte e partecipazione culturale (valori percentuali),2018,nazionale
g1V2091RC09OG000000000,Molto soddisfatto,8.7,10.3,15,12.5,13.7,Persone di 14 anni e più per gravità delle limitazioni nelle attività abitualmente svolte e soddisfazione per il tempo libero (valori percentuali),2018,nazionale
g1V2091RC09OG000000000,Abbastanza soddisfatto,33.9,51.4,54.3,46.4,52.2,Persone di 14 anni e più per gravità delle limitazioni nelle attività abitualmente svolte e soddisfazione per il tempo libero (valori percentuali),2018,nazionale
g1V2091RC09OG000000000,Poco soddisfatto,31.4,29.7,25.2,22.8,26.3,Persone di 14 anni e più per gravità delle limitazioni nelle attività abitualmente svolte e soddisfazione per il tempo libero (valori percentuali),2018,nazionale
g1V2091RC09OG000000000,Per niente soddisfatto,24.4,7.9,4.6,5.2,6.4,Persone di 14 anni e più per gravità delle limitazioni nelle attività abitualmente svolte e soddisfazione per il tempo libero (valori percentuali),2018,nazionale
g1V2091RC09OG000000000,Non indicato,1.5,0.8,0.8,13.1,1.4,Persone di 14 anni e più per gravità delle limitazioni nelle attività abitualmente svolte e soddisfazione per il tempo libero (valori percentuali),2018,nazionale
g1V2091QS09OG000000000,Molto soddisfatto,12.9,17,25.8,19.8,23.2,Persone di 14 anni e più per gravità delle limitazioni nelle attività abitualmente svolte e soddisfazione relazioni amicali (valori percentuali),2018,nazionale
g1V2091QS09OG000000000,Abbastanza soddisfatto,42.4,58.4,60.8,53.2,58.9,Persone di 14 anni e più per gravità delle limitazioni nelle attività abitualmente svolte e soddisfazione relazioni amicali (valori percentuali),2018,nazionale
g1V2091QS09OG000000000,Poco soddisfatto,27.1,18.7,10.5,11.8,13.1,Persone di 14 anni e più per gravità delle limitazioni nelle attività abitualmente svolte e soddisfazione relazioni amicali (valori percentuali),2018,nazionale
g1V2091QS09OG000000000,Per niente soddisfatto,16.3,5.3,2,2.2,3.4,Persone di 14 anni e più per gravità delle limitazioni nelle attività abitualmente svolte e soddisfazione relazioni amicali (valori percentuali),2018,nazionale
g1V2091QS09OG000000000,Non indicato,1.3,0.7,0.8,13,1.4,Persone di 14 anni e più per gravità delle limitazioni nelle attività abitualmente svolte e soddisfazione relazioni amicali (valori percentuali),2018,nazionale
g1V2091QE09OG000000000,Molto soddisfatto,29.4,29.2,34.8,27.9,33.1,Persone di 14 anni e più per gravità delle limitazioni nelle attività abitualmente svolte e soddisfazione relazioni familiari (valori percentuali),2018,nazionale
g1V2091QE09OG000000000,Abbastanza soddisfatto,53.1,58.5,57.2,51.8,57,Persone di 14 anni e più per gravità delle limitazioni nelle attività abitualmente svolte e soddisfazione relazioni familiari (valori percentuali),2018,nazionale
g1V2091QE09OG000000000,Poco soddisfatto,10.6,9.4,6.1,5.8,6.9,Persone di 14 anni e più per gravità delle limitazioni nelle attività abitualmente svolte e soddisfazione relazioni familiari (valori percentuali),2018,nazionale
g1V2091QE09OG000000000,Per niente soddisfatto,5.7,2.1,1.2,1.2,1.6,Persone di 14 anni e più per gravità delle limitazioni nelle attività abitualmente svolte e soddisfazione relazioni familiari (valori percentuali),2018,nazionale
g1V2091QE09OG000000000,Non indicato,1.2,0.7,0.8,13.2,1.4,Persone di 14 anni e più per gravità delle limitazioni nelle attività abitualmente svolte e soddisfazione relazioni familiari (valori percentuali),2018,nazionale
g1V20925R09OG000000000,No,91,78.6,60,66.2,65.1,Persone di 3 anni e più per gravità delle limitazioni nelle attività abitualmente  svolte e pratica sportiva (valori percentuali),2018,nazionale
g1V20925R09OG000000000,Si,8.7,21.2,39.7,32.9,34.6,Persone di 3 anni e più per gravità delle limitazioni nelle attività abitualmente  svolte e pratica sportiva (valori percentuali),2018,nazionale
g1V20925R09OG000000000,Non indicato,0.2,0.2,0.3,0.9,0.3,Persone di 3 anni e più per gravità delle limitazioni nelle attività abitualmente  svolte e pratica sportiva (valori percentuali),2018,nazionale
g1V3092B309OG000000000,Sì,9.1,20.6,25.6,17.6,23.3,Persone  di 14 anni e più per gravità delle limitazioni nelle attività abitualmente svolte e partecipazione sociale (valori percentuali),2019,nazionale
g1V3092B309OG000000000,"No, mai",89.6,78.7,73.8,72,75.6,Persone  di 14 anni e più per gravità delle limitazioni nelle attività abitualmente svolte e partecipazione sociale (valori percentuali),2019,nazionale
g1V3092B309OG000000000,Non indicato,1.4,0.8,0.6,10.3,1.1,Persone  di 14 anni e più per gravità delle limitazioni nelle attività abitualmente svolte e partecipazione sociale (valori percentuali),2019,nazionale
g1V3091SE09OG000000000,Sì,8.5,21.4,30.8,21.3,27.3,Persone di 14 anni e più per gravità delle limitazioni nelle attività abitualmente svolte e partecipazione culturale (valori percentuali),2019,nazionale
g1V3091SE09OG000000000,"No, mai",90.8,78.2,68.9,70.1,71.9,Persone di 14 anni e più per gravità delle limitazioni nelle attività abitualmente svolte e partecipazione culturale (valori percentuali),2019,nazionale
g1V3091SE09OG000000000,Non indicato,0.7,0.4,0.3,8.5,0.8,Persone di 14 anni e più per gravità delle limitazioni nelle attività abitualmente svolte e partecipazione culturale (valori percentuali),2019,nazionale
g1V3091RC09OG000000000,Molto soddisfatto,9.3,10.2,15.3,11.8,13.9,Persone di 14 anni e più per gravità delle limitazioni nelle attività abitualmente svolte e soddisfazione per il tempo libero (valori percentuali),2019,nazionale
g1V3091RC09OG000000000,Abbastanza soddisfatto,34.4,51.7,55.6,48.2,53.3,Persone di 14 anni e più per gravità delle limitazioni nelle attività abitualmente svolte e soddisfazione per il tempo libero (valori percentuali),2019,nazionale
g1V3091RC09OG000000000,Poco soddisfatto,30.4,29,23.7,23.1,25,Persone di 14 anni e più per gravità delle limitazioni nelle attività abitualmente svolte e soddisfazione per il tempo libero (valori percentuali),2019,nazionale
g1V3091RC09OG000000000,Per niente soddisfatto,24.1,8,4.5,5.1,6.3,Persone di 14 anni e più per gravità delle limitazioni nelle attività abitualmente svolte e soddisfazione per il tempo libero (valori percentuali),2019,nazionale
g1V3091RC09OG000000000,Non indicato,1.9,1.1,0.9,11.8,1.6,Persone di 14 anni e più per gravità delle limitazioni nelle attività abitualmente svolte e soddisfazione per il tempo libero (valori percentuali),2019,nazionale
g1V3091QS09OG000000000,Molto soddisfatto,13.8,16.9,25.7,19.9,23.1,Persone di 14 anni e più per gravità delle limitazioni nelle attività abitualmente svolte e soddisfazione relazioni amicali (valori percentuali),2019,nazionale
g1V3091QS09OG000000000,Abbastanza soddisfatto,41.5,58.7,61.2,54.9,59.3,Persone di 14 anni e più per gravità delle limitazioni nelle attività abitualmente svolte e soddisfazione relazioni amicali (valori percentuali),2019,nazionale
g1V3091QS09OG000000000,Poco soddisfatto,27,18.4,10,10.9,12.6,Persone di 14 anni e più per gravità delle limitazioni nelle attività abitualmente svolte e soddisfazione relazioni amicali (valori percentuali),2019,nazionale
g1V3091QS09OG000000000,Per niente soddisfatto,16.1,5,2.1,2.5,3.5,Persone di 14 anni e più per gravità delle limitazioni nelle attività abitualmente svolte e soddisfazione relazioni amicali (valori percentuali),2019,nazionale
g1V3091QS09OG000000000,Non indicato,1.6,0.9,0.9,11.9,1.5,Persone di 14 anni e più per gravità delle limitazioni nelle attività abitualmente svolte e soddisfazione relazioni amicali (valori percentuali),2019,nazionale
g1V3091QE09OG000000000,Molto soddisfatto,29,29,35.1,28.2,33.3,Persone di 14 anni e più per gravità delle limitazioni nelle attività abitualmente svolte e soddisfazione relazioni familiari (valori percentuali),2019,nazionale
g1V3091QE09OG000000000,Abbastanza soddisfatto,52.2,58,56.8,53.1,56.6,Persone di 14 anni e più per gravità delle limitazioni nelle attività abitualmente svolte e soddisfazione relazioni familiari (valori percentuali),2019,nazionale
g1V3091QE09OG000000000,Poco soddisfatto,11.3,9.6,5.9,5.7,6.9,Persone di 14 anni e più per gravità delle limitazioni nelle attività abitualmente svolte e soddisfazione relazioni familiari (valori percentuali),2019,nazionale
g1V3091QE09OG000000000,Per niente soddisfatto,5.8,2.4,1.3,1.3,1.8,Persone di 14 anni e più per gravità delle limitazioni nelle attività abitualmente svolte e soddisfazione relazioni familiari (valori percentuali),2019,nazionale
g1V3091QE09OG000000000,Non indicato,1.6,1,0.8,11.6,1.5,Persone di 14 anni e più per gravità delle limitazioni nelle attività abitualmente svolte e soddisfazione relazioni familiari (valori percentuali),2019,nazionale
g1V30925R09OG000000000,No,90.8,77.7,59.6,67.8,64.7,Persone di 3 anni e più per gravità delle limitazioni nelle attività abitualmente  svolte e pratica sportiva (valori percentuali),2019,nazionale
g1V30925R09OG000000000,Si,9.1,22.1,40.3,31.8,35.1,Persone di 3 anni e più per gravità delle limitazioni nelle attività abitualmente  svolte e pratica sportiva (valori percentuali),2019,nazionale
g1V30925R09OG000000000,Non indicato,0.1,0.1,0.2,0.3,0.2,Persone di 3 anni e più per gravità delle limitazioni nelle attività abitualmente  svolte e pratica sportiva (valori percentuali),2019,nazionale
